timestamp,NO3(EUR/MWh)
2022-01-01T00:00:00.000Z,41.33
2022-01-01T01:00:00.000Z,42.18
2022-01-01T02:00:00.000Z,44.37
2022-01-01T03:00:00.000Z,37.67
2022-01-01T04:00:00.000Z,39.70
2022-01-01T05:00:00.000Z,40.59
2022-01-01T06:00:00.000Z,43.26
2022-01-01T07:00:00.000Z,49.44
2022-01-01T08:00:00.000Z,49.46
2022-01-01T09:00:00.000Z,49.27
2022-01-01T10:00:00.000Z,48.89
2022-01-01T11:00:00.000Z,48.45
2022-01-01T12:00:00.000Z,44.21
2022-01-01T13:00:00.000Z,42.38
2022-01-01T14:00:00.000Z,42.09
2022-01-01T15:00:00.000Z,42.30
2022-01-01T16:00:00.000Z,40.59
2022-01-01T17:00:00.000Z,40.11
2022-01-01T18:00:00.000Z,38.52
2022-01-01T19:00:00.000Z,34.71
2022-01-01T20:00:00.000Z,32.48
2022-01-01T21:00:00.000Z,32.88
2022-01-01T22:00:00.000Z,32.44
2022-01-01T23:00:00.000Z,32.03
2022-01-02T00:00:00.000Z,31.78
2022-01-02T01:00:00.000Z,31.80
2022-01-02T02:00:00.000Z,31.89
2022-01-02T03:00:00.000Z,29.56
2022-01-02T04:00:00.000Z,31.97
2022-01-02T05:00:00.000Z,31.66
2022-01-02T06:00:00.000Z,32.28
2022-01-02T07:00:00.000Z,32.93
2022-01-02T08:00:00.000Z,36.31
2022-01-02T09:00:00.000Z,37.29
2022-01-02T10:00:00.000Z,37.50
2022-01-02T11:00:00.000Z,37.49
2022-01-02T12:00:00.000Z,37.49
2022-01-02T13:00:00.000Z,37.49
2022-01-02T14:00:00.000Z,35.95
2022-01-02T15:00:00.000Z,35.03
2022-01-02T16:00:00.000Z,33.21
2022-01-02T17:00:00.000Z,32.95
2022-01-02T18:00:00.000Z,32.91
2022-01-02T19:00:00.000Z,33.25
2022-01-02T20:00:00.000Z,35.27
2022-01-02T21:00:00.000Z,38.97
2022-01-02T22:00:00.000Z,32.93
2022-01-02T23:00:00.000Z,20.89
2022-01-03T00:00:00.000Z,19.92
2022-01-03T01:00:00.000Z,19.87
2022-01-03T02:00:00.000Z,19.82
2022-01-03T03:00:00.000Z,20.26
2022-01-03T04:00:00.000Z,29.35
2022-01-03T05:00:00.000Z,34.93
2022-01-03T06:00:00.000Z,34.83
2022-01-03T07:00:00.000Z,37.02
2022-01-03T08:00:00.000Z,38.76
2022-01-03T09:00:00.000Z,38.81
2022-01-03T10:00:00.000Z,38.89
2022-01-03T11:00:00.000Z,38.94
2022-01-03T12:00:00.000Z,39.92
2022-01-03T13:00:00.000Z,39.94
2022-01-03T14:00:00.000Z,39.95
2022-01-03T15:00:00.000Z,42.41
2022-01-03T16:00:00.000Z,46.38
2022-01-03T17:00:00.000Z,45.70
2022-01-03T18:00:00.000Z,45.20
2022-01-03T19:00:00.000Z,43.84
2022-01-03T20:00:00.000Z,42.57
2022-01-03T21:00:00.000Z,39.45
2022-01-03T22:00:00.000Z,34.40
2022-01-03T23:00:00.000Z,39.91
2022-01-04T00:00:00.000Z,37.04
2022-01-04T01:00:00.000Z,35.04
2022-01-04T02:00:00.000Z,34.97
2022-01-04T03:00:00.000Z,35.18
2022-01-04T04:00:00.000Z,37.09
2022-01-04T05:00:00.000Z,37.08
2022-01-04T06:00:00.000Z,42.92
2022-01-04T07:00:00.000Z,43.90
2022-01-04T08:00:00.000Z,44.65
2022-01-04T09:00:00.000Z,45.06
2022-01-04T10:00:00.000Z,45.95
2022-01-04T11:00:00.000Z,46.84
2022-01-04T12:00:00.000Z,47.00
2022-01-04T13:00:00.000Z,47.43
2022-01-04T14:00:00.000Z,47.90
2022-01-04T15:00:00.000Z,48.35
2022-01-04T16:00:00.000Z,48.56
2022-01-04T17:00:00.000Z,48.95
2022-01-04T18:00:00.000Z,48.98
2022-01-04T19:00:00.000Z,49.07
2022-01-04T20:00:00.000Z,49.07
2022-01-04T21:00:00.000Z,49.07
2022-01-04T22:00:00.000Z,48.87
2022-01-04T23:00:00.000Z,54.30
2022-01-05T00:00:00.000Z,51.69
2022-01-05T01:00:00.000Z,50.04
2022-01-05T02:00:00.000Z,49.53
2022-01-05T03:00:00.000Z,49.99
2022-01-05T04:00:00.000Z,50.04
2022-01-05T05:00:00.000Z,63.24
2022-01-05T06:00:00.000Z,70.06
2022-01-05T07:00:00.000Z,66.00
2022-01-05T08:00:00.000Z,57.06
2022-01-05T09:00:00.000Z,52.75
2022-01-05T10:00:00.000Z,52.91
2022-01-05T11:00:00.000Z,49.92
2022-01-05T12:00:00.000Z,49.86
2022-01-05T13:00:00.000Z,49.71
2022-01-05T14:00:00.000Z,49.58
2022-01-05T15:00:00.000Z,48.93
2022-01-05T16:00:00.000Z,48.26
2022-01-05T17:00:00.000Z,47.95
2022-01-05T18:00:00.000Z,47.11
2022-01-05T19:00:00.000Z,46.29
2022-01-05T20:00:00.000Z,45.54
2022-01-05T21:00:00.000Z,43.21
2022-01-05T22:00:00.000Z,42.94
2022-01-05T23:00:00.000Z,52.08
2022-01-06T00:00:00.000Z,51.77
2022-01-06T01:00:00.000Z,52.31
2022-01-06T02:00:00.000Z,51.78
2022-01-06T03:00:00.000Z,52.24
2022-01-06T04:00:00.000Z,53.62
2022-01-06T05:00:00.000Z,49.93
2022-01-06T06:00:00.000Z,52.28
2022-01-06T07:00:00.000Z,54.09
2022-01-06T08:00:00.000Z,53.05
2022-01-06T09:00:00.000Z,53.27
2022-01-06T10:00:00.000Z,53.05
2022-01-06T11:00:00.000Z,53.74
2022-01-06T12:00:00.000Z,52.85
2022-01-06T13:00:00.000Z,54.45
2022-01-06T14:00:00.000Z,54.90
2022-01-06T15:00:00.000Z,54.53
2022-01-06T16:00:00.000Z,53.76
2022-01-06T17:00:00.000Z,53.01
2022-01-06T18:00:00.000Z,52.56
2022-01-06T19:00:00.000Z,51.87
2022-01-06T20:00:00.000Z,51.73
2022-01-06T21:00:00.000Z,52.08
2022-01-06T22:00:00.000Z,51.27
2022-01-06T23:00:00.000Z,47.79
2022-01-07T00:00:00.000Z,47.79
2022-01-07T01:00:00.000Z,47.79
2022-01-07T02:00:00.000Z,41.90
2022-01-07T03:00:00.000Z,40.03
2022-01-07T04:00:00.000Z,40.22
2022-01-07T05:00:00.000Z,39.98
2022-01-07T06:00:00.000Z,50.59
2022-01-07T07:00:00.000Z,52.06
2022-01-07T08:00:00.000Z,53.12
2022-01-07T09:00:00.000Z,53.05
2022-01-07T10:00:00.000Z,53.46
2022-01-07T11:00:00.000Z,53.93
2022-01-07T12:00:00.000Z,54.41
2022-01-07T13:00:00.000Z,54.88
2022-01-07T14:00:00.000Z,56.40
2022-01-07T15:00:00.000Z,56.80
2022-01-07T16:00:00.000Z,56.92
2022-01-07T17:00:00.000Z,55.74
2022-01-07T18:00:00.000Z,54.97
2022-01-07T19:00:00.000Z,50.09
2022-01-07T20:00:00.000Z,47.66
2022-01-07T21:00:00.000Z,49.14
2022-01-07T22:00:00.000Z,45.31
2022-01-07T23:00:00.000Z,38.29
2022-01-08T00:00:00.000Z,37.36
2022-01-08T01:00:00.000Z,36.05
2022-01-08T02:00:00.000Z,35.98
2022-01-08T03:00:00.000Z,37.23
2022-01-08T04:00:00.000Z,38.65
2022-01-08T05:00:00.000Z,38.87
2022-01-08T06:00:00.000Z,39.55
2022-01-08T07:00:00.000Z,41.07
2022-01-08T08:00:00.000Z,44.80
2022-01-08T09:00:00.000Z,48.94
2022-01-08T10:00:00.000Z,49.38
2022-01-08T11:00:00.000Z,49.38
2022-01-08T12:00:00.000Z,49.38
2022-01-08T13:00:00.000Z,49.78
2022-01-08T14:00:00.000Z,49.99
2022-01-08T15:00:00.000Z,50.46
2022-01-08T16:00:00.000Z,50.90
2022-01-08T17:00:00.000Z,50.78
2022-01-08T18:00:00.000Z,50.60
2022-01-08T19:00:00.000Z,50.07
2022-01-08T20:00:00.000Z,49.93
2022-01-08T21:00:00.000Z,51.10
2022-01-08T22:00:00.000Z,49.91
2022-01-08T23:00:00.000Z,41.51
2022-01-09T00:00:00.000Z,39.80
2022-01-09T01:00:00.000Z,38.81
2022-01-09T02:00:00.000Z,37.61
2022-01-09T03:00:00.000Z,37.23
2022-01-09T04:00:00.000Z,37.03
2022-01-09T05:00:00.000Z,34.99
2022-01-09T06:00:00.000Z,36.87
2022-01-09T07:00:00.000Z,38.27
2022-01-09T08:00:00.000Z,39.81
2022-01-09T09:00:00.000Z,40.92
2022-01-09T10:00:00.000Z,42.68
2022-01-09T11:00:00.000Z,43.46
2022-01-09T12:00:00.000Z,43.96
2022-01-09T13:00:00.000Z,45.02
2022-01-09T14:00:00.000Z,47.43
2022-01-09T15:00:00.000Z,47.79
2022-01-09T16:00:00.000Z,47.91
2022-01-09T17:00:00.000Z,47.80
2022-01-09T18:00:00.000Z,47.91
2022-01-09T19:00:00.000Z,47.47
2022-01-09T20:00:00.000Z,46.17
2022-01-09T21:00:00.000Z,47.68
2022-01-09T22:00:00.000Z,45.04
2022-01-09T23:00:00.000Z,41.40
2022-01-10T00:00:00.000Z,39.93
2022-01-10T01:00:00.000Z,39.93
2022-01-10T02:00:00.000Z,39.93
2022-01-10T03:00:00.000Z,44.10
2022-01-10T04:00:00.000Z,47.88
2022-01-10T05:00:00.000Z,54.30
2022-01-10T06:00:00.000Z,57.18
2022-01-10T07:00:00.000Z,61.09
2022-01-10T08:00:00.000Z,56.03
2022-01-10T09:00:00.000Z,54.00
2022-01-10T10:00:00.000Z,53.29
2022-01-10T11:00:00.000Z,52.39
2022-01-10T12:00:00.000Z,51.10
2022-01-10T13:00:00.000Z,50.60
2022-01-10T14:00:00.000Z,50.10
2022-01-10T15:00:00.000Z,48.78
2022-01-10T16:00:00.000Z,47.37
2022-01-10T17:00:00.000Z,46.05
2022-01-10T18:00:00.000Z,44.94
2022-01-10T19:00:00.000Z,43.68
2022-01-10T20:00:00.000Z,42.11
2022-01-10T21:00:00.000Z,41.25
2022-01-10T22:00:00.000Z,39.81
2022-01-10T23:00:00.000Z,35.03
2022-01-11T00:00:00.000Z,31.77
2022-01-11T01:00:00.000Z,27.09
2022-01-11T02:00:00.000Z,24.56
2022-01-11T03:00:00.000Z,24.54
2022-01-11T04:00:00.000Z,25.25
2022-01-11T05:00:00.000Z,27.94
2022-01-11T06:00:00.000Z,36.35
2022-01-11T07:00:00.000Z,36.10
2022-01-11T08:00:00.000Z,35.76
2022-01-11T09:00:00.000Z,35.09
2022-01-11T10:00:00.000Z,34.90
2022-01-11T11:00:00.000Z,35.82
2022-01-11T12:00:00.000Z,35.87
2022-01-11T13:00:00.000Z,35.11
2022-01-11T14:00:00.000Z,31.86
2022-01-11T15:00:00.000Z,31.42
2022-01-11T16:00:00.000Z,29.62
2022-01-11T17:00:00.000Z,27.53
2022-01-11T18:00:00.000Z,27.53
2022-01-11T19:00:00.000Z,27.53
2022-01-11T20:00:00.000Z,25.08
2022-01-11T21:00:00.000Z,25.03
2022-01-11T22:00:00.000Z,23.66
2022-01-11T23:00:00.000Z,20.04
2022-01-12T00:00:00.000Z,19.70
2022-01-12T01:00:00.000Z,19.52
2022-01-12T02:00:00.000Z,19.48
2022-01-12T03:00:00.000Z,19.50
2022-01-12T04:00:00.000Z,19.64
2022-01-12T05:00:00.000Z,20.43
2022-01-12T06:00:00.000Z,20.91
2022-01-12T07:00:00.000Z,20.89
2022-01-12T08:00:00.000Z,20.85
2022-01-12T09:00:00.000Z,20.81
2022-01-12T10:00:00.000Z,20.78
2022-01-12T11:00:00.000Z,20.91
2022-01-12T12:00:00.000Z,21.24
2022-01-12T13:00:00.000Z,21.00
2022-01-12T14:00:00.000Z,21.26
2022-01-12T15:00:00.000Z,21.36
2022-01-12T16:00:00.000Z,20.81
2022-01-12T17:00:00.000Z,20.71
2022-01-12T18:00:00.000Z,20.93
2022-01-12T19:00:00.000Z,21.01
2022-01-12T20:00:00.000Z,20.14
2022-01-12T21:00:00.000Z,18.12
2022-01-12T22:00:00.000Z,13.62
2022-01-12T23:00:00.000Z,13.09
2022-01-13T00:00:00.000Z,11.40
2022-01-13T01:00:00.000Z,10.57
2022-01-13T02:00:00.000Z,10.47
2022-01-13T03:00:00.000Z,10.86
2022-01-13T04:00:00.000Z,13.23
2022-01-13T05:00:00.000Z,15.33
2022-01-13T06:00:00.000Z,21.01
2022-01-13T07:00:00.000Z,25.23
2022-01-13T08:00:00.000Z,25.62
2022-01-13T09:00:00.000Z,25.61
2022-01-13T10:00:00.000Z,24.22
2022-01-13T11:00:00.000Z,21.41
2022-01-13T12:00:00.000Z,18.22
2022-01-13T13:00:00.000Z,17.68
2022-01-13T14:00:00.000Z,18.82
2022-01-13T15:00:00.000Z,19.66
2022-01-13T16:00:00.000Z,20.10
2022-01-13T17:00:00.000Z,20.53
2022-01-13T18:00:00.000Z,19.82
2022-01-13T19:00:00.000Z,18.06
2022-01-13T20:00:00.000Z,17.82
2022-01-13T21:00:00.000Z,14.92
2022-01-13T22:00:00.000Z,11.49
2022-01-13T23:00:00.000Z,14.93
2022-01-14T00:00:00.000Z,12.56
2022-01-14T01:00:00.000Z,11.40
2022-01-14T02:00:00.000Z,11.42
2022-01-14T03:00:00.000Z,13.18
2022-01-14T04:00:00.000Z,16.14
2022-01-14T05:00:00.000Z,19.24
2022-01-14T06:00:00.000Z,20.73
2022-01-14T07:00:00.000Z,19.96
2022-01-14T08:00:00.000Z,20.07
2022-01-14T09:00:00.000Z,20.30
2022-01-14T10:00:00.000Z,20.03
2022-01-14T11:00:00.000Z,20.82
2022-01-14T12:00:00.000Z,20.96
2022-01-14T13:00:00.000Z,20.45
2022-01-14T14:00:00.000Z,20.18
2022-01-14T15:00:00.000Z,19.97
2022-01-14T16:00:00.000Z,19.81
2022-01-14T17:00:00.000Z,19.77
2022-01-14T18:00:00.000Z,19.65
2022-01-14T19:00:00.000Z,19.48
2022-01-14T20:00:00.000Z,19.46
2022-01-14T21:00:00.000Z,18.59
2022-01-14T22:00:00.000Z,18.42
2022-01-14T23:00:00.000Z,17.27
2022-01-15T00:00:00.000Z,16.79
2022-01-15T01:00:00.000Z,16.74
2022-01-15T02:00:00.000Z,17.35
2022-01-15T03:00:00.000Z,18.60
2022-01-15T04:00:00.000Z,19.01
2022-01-15T05:00:00.000Z,18.26
2022-01-15T06:00:00.000Z,19.13
2022-01-15T07:00:00.000Z,19.70
2022-01-15T08:00:00.000Z,20.09
2022-01-15T09:00:00.000Z,21.39
2022-01-15T10:00:00.000Z,23.06
2022-01-15T11:00:00.000Z,23.07
2022-01-15T12:00:00.000Z,22.73
2022-01-15T13:00:00.000Z,21.55
2022-01-15T14:00:00.000Z,20.97
2022-01-15T15:00:00.000Z,20.10
2022-01-15T16:00:00.000Z,19.68
2022-01-15T17:00:00.000Z,19.47
2022-01-15T18:00:00.000Z,18.94
2022-01-15T19:00:00.000Z,18.50
2022-01-15T20:00:00.000Z,17.93
2022-01-15T21:00:00.000Z,17.61
2022-01-15T22:00:00.000Z,17.39
2022-01-15T23:00:00.000Z,18.05
2022-01-16T00:00:00.000Z,16.97
2022-01-16T01:00:00.000Z,16.54
2022-01-16T02:00:00.000Z,16.00
2022-01-16T03:00:00.000Z,16.94
2022-01-16T04:00:00.000Z,17.99
2022-01-16T05:00:00.000Z,17.97
2022-01-16T06:00:00.000Z,18.58
2022-01-16T07:00:00.000Z,16.85
2022-01-16T08:00:00.000Z,17.46
2022-01-16T09:00:00.000Z,17.53
2022-01-16T10:00:00.000Z,16.47
2022-01-16T11:00:00.000Z,16.29
2022-01-16T12:00:00.000Z,17.39
2022-01-16T13:00:00.000Z,17.27
2022-01-16T14:00:00.000Z,17.51
2022-01-16T15:00:00.000Z,18.43
2022-01-16T16:00:00.000Z,18.96
2022-01-16T17:00:00.000Z,19.26
2022-01-16T18:00:00.000Z,19.39
2022-01-16T19:00:00.000Z,17.96
2022-01-16T20:00:00.000Z,18.34
2022-01-16T21:00:00.000Z,17.20
2022-01-16T22:00:00.000Z,13.20
2022-01-16T23:00:00.000Z,14.95
2022-01-17T00:00:00.000Z,13.59
2022-01-17T01:00:00.000Z,12.03
2022-01-17T02:00:00.000Z,10.09
2022-01-17T03:00:00.000Z,12.83
2022-01-17T04:00:00.000Z,17.12
2022-01-17T05:00:00.000Z,17.78
2022-01-17T06:00:00.000Z,18.57
2022-01-17T07:00:00.000Z,18.64
2022-01-17T08:00:00.000Z,18.71
2022-01-17T09:00:00.000Z,18.63
2022-01-17T10:00:00.000Z,18.58
2022-01-17T11:00:00.000Z,18.58
2022-01-17T12:00:00.000Z,18.58
2022-01-17T13:00:00.000Z,18.54
2022-01-17T14:00:00.000Z,18.53
2022-01-17T15:00:00.000Z,18.50
2022-01-17T16:00:00.000Z,18.23
2022-01-17T17:00:00.000Z,18.13
2022-01-17T18:00:00.000Z,18.38
2022-01-17T19:00:00.000Z,18.30
2022-01-17T20:00:00.000Z,18.51
2022-01-17T21:00:00.000Z,18.40
2022-01-17T22:00:00.000Z,18.60
2022-01-17T23:00:00.000Z,18.72
2022-01-18T00:00:00.000Z,19.07
2022-01-18T01:00:00.000Z,19.36
2022-01-18T02:00:00.000Z,19.13
2022-01-18T03:00:00.000Z,19.03
2022-01-18T04:00:00.000Z,18.57
2022-01-18T05:00:00.000Z,19.16
2022-01-18T06:00:00.000Z,19.07
2022-01-18T07:00:00.000Z,18.63
2022-01-18T08:00:00.000Z,18.11
2022-01-18T09:00:00.000Z,17.96
2022-01-18T10:00:00.000Z,18.06
2022-01-18T11:00:00.000Z,17.88
2022-01-18T12:00:00.000Z,17.84
2022-01-18T13:00:00.000Z,17.64
2022-01-18T14:00:00.000Z,17.40
2022-01-18T15:00:00.000Z,17.09
2022-01-18T16:00:00.000Z,16.89
2022-01-18T17:00:00.000Z,17.00
2022-01-18T18:00:00.000Z,16.81
2022-01-18T19:00:00.000Z,16.90
2022-01-18T20:00:00.000Z,16.86
2022-01-18T21:00:00.000Z,16.13
2022-01-18T22:00:00.000Z,15.63
2022-01-18T23:00:00.000Z,15.27
2022-01-19T00:00:00.000Z,15.10
2022-01-19T01:00:00.000Z,14.85
2022-01-19T02:00:00.000Z,14.70
2022-01-19T03:00:00.000Z,14.72
2022-01-19T04:00:00.000Z,14.92
2022-01-19T05:00:00.000Z,15.73
2022-01-19T06:00:00.000Z,16.18
2022-01-19T07:00:00.000Z,16.32
2022-01-19T08:00:00.000Z,16.22
2022-01-19T09:00:00.000Z,16.30
2022-01-19T10:00:00.000Z,16.22
2022-01-19T11:00:00.000Z,16.19
2022-01-19T12:00:00.000Z,16.12
2022-01-19T13:00:00.000Z,15.95
2022-01-19T14:00:00.000Z,15.91
2022-01-19T15:00:00.000Z,15.91
2022-01-19T16:00:00.000Z,15.91
2022-01-19T17:00:00.000Z,15.90
2022-01-19T18:00:00.000Z,15.43
2022-01-19T19:00:00.000Z,14.36
2022-01-19T20:00:00.000Z,13.64
2022-01-19T21:00:00.000Z,13.01
2022-01-19T22:00:00.000Z,10.86
2022-01-19T23:00:00.000Z,10.13
2022-01-20T00:00:00.000Z,9.28
2022-01-20T01:00:00.000Z,8.89
2022-01-20T02:00:00.000Z,8.92
2022-01-20T03:00:00.000Z,9.63
2022-01-20T04:00:00.000Z,10.48
2022-01-20T05:00:00.000Z,12.85
2022-01-20T06:00:00.000Z,15.13
2022-01-20T07:00:00.000Z,15.26
2022-01-20T08:00:00.000Z,15.26
2022-01-20T09:00:00.000Z,15.26
2022-01-20T10:00:00.000Z,15.16
2022-01-20T11:00:00.000Z,15.11
2022-01-20T12:00:00.000Z,15.09
2022-01-20T13:00:00.000Z,15.05
2022-01-20T14:00:00.000Z,15.09
2022-01-20T15:00:00.000Z,15.11
2022-01-20T16:00:00.000Z,15.08
2022-01-20T17:00:00.000Z,15.05
2022-01-20T18:00:00.000Z,15.10
2022-01-20T19:00:00.000Z,15.08
2022-01-20T20:00:00.000Z,15.10
2022-01-20T21:00:00.000Z,14.75
2022-01-20T22:00:00.000Z,14.77
2022-01-20T23:00:00.000Z,15.14
2022-01-21T00:00:00.000Z,15.04
2022-01-21T01:00:00.000Z,15.05
2022-01-21T02:00:00.000Z,15.16
2022-01-21T03:00:00.000Z,15.47
2022-01-21T04:00:00.000Z,15.59
2022-01-21T05:00:00.000Z,16.02
2022-01-21T06:00:00.000Z,15.91
2022-01-21T07:00:00.000Z,17.08
2022-01-21T08:00:00.000Z,17.44
2022-01-21T09:00:00.000Z,17.84
2022-01-21T10:00:00.000Z,18.47
2022-01-21T11:00:00.000Z,19.00
2022-01-21T12:00:00.000Z,19.60
2022-01-21T13:00:00.000Z,19.95
2022-01-21T14:00:00.000Z,19.98
2022-01-21T15:00:00.000Z,20.25
2022-01-21T16:00:00.000Z,20.75
2022-01-21T17:00:00.000Z,22.32
2022-01-21T18:00:00.000Z,21.91
2022-01-21T19:00:00.000Z,20.91
2022-01-21T20:00:00.000Z,18.15
2022-01-21T21:00:00.000Z,17.70
2022-01-21T22:00:00.000Z,17.39
2022-01-21T23:00:00.000Z,16.72
2022-01-22T00:00:00.000Z,14.99
2022-01-22T01:00:00.000Z,14.72
2022-01-22T02:00:00.000Z,14.87
2022-01-22T03:00:00.000Z,14.76
2022-01-22T04:00:00.000Z,14.70
2022-01-22T05:00:00.000Z,14.77
2022-01-22T06:00:00.000Z,14.84
2022-01-22T07:00:00.000Z,14.66
2022-01-22T08:00:00.000Z,14.86
2022-01-22T09:00:00.000Z,14.97
2022-01-22T10:00:00.000Z,14.93
2022-01-22T11:00:00.000Z,14.91
2022-01-22T12:00:00.000Z,14.85
2022-01-22T13:00:00.000Z,14.81
2022-01-22T14:00:00.000Z,14.78
2022-01-22T15:00:00.000Z,14.54
2022-01-22T16:00:00.000Z,14.39
2022-01-22T17:00:00.000Z,14.14
2022-01-22T18:00:00.000Z,13.80
2022-01-22T19:00:00.000Z,13.83
2022-01-22T20:00:00.000Z,13.46
2022-01-22T21:00:00.000Z,13.15
2022-01-22T22:00:00.000Z,12.43
2022-01-22T23:00:00.000Z,12.42
2022-01-23T00:00:00.000Z,12.17
2022-01-23T01:00:00.000Z,12.13
2022-01-23T02:00:00.000Z,12.11
2022-01-23T03:00:00.000Z,12.07
2022-01-23T04:00:00.000Z,11.90
2022-01-23T05:00:00.000Z,12.10
2022-01-23T06:00:00.000Z,12.27
2022-01-23T07:00:00.000Z,12.28
2022-01-23T08:00:00.000Z,12.07
2022-01-23T09:00:00.000Z,12.20
2022-01-23T10:00:00.000Z,12.25
2022-01-23T11:00:00.000Z,11.89
2022-01-23T12:00:00.000Z,11.90
2022-01-23T13:00:00.000Z,11.89
2022-01-23T14:00:00.000Z,11.98
2022-01-23T15:00:00.000Z,12.07
2022-01-23T16:00:00.000Z,12.29
2022-01-23T17:00:00.000Z,12.30
2022-01-23T18:00:00.000Z,12.31
2022-01-23T19:00:00.000Z,12.49
2022-01-23T20:00:00.000Z,12.35
2022-01-23T21:00:00.000Z,12.18
2022-01-23T22:00:00.000Z,11.66
2022-01-23T23:00:00.000Z,12.23
2022-01-24T00:00:00.000Z,11.67
2022-01-24T01:00:00.000Z,11.06
2022-01-24T02:00:00.000Z,10.51
2022-01-24T03:00:00.000Z,11.02
2022-01-24T04:00:00.000Z,11.09
2022-01-24T05:00:00.000Z,11.84
2022-01-24T06:00:00.000Z,12.38
2022-01-24T07:00:00.000Z,12.65
2022-01-24T08:00:00.000Z,12.65
2022-01-24T09:00:00.000Z,12.65
2022-01-24T10:00:00.000Z,12.94
2022-01-24T11:00:00.000Z,12.99
2022-01-24T12:00:00.000Z,13.07
2022-01-24T13:00:00.000Z,13.35
2022-01-24T14:00:00.000Z,13.29
2022-01-24T15:00:00.000Z,13.27
2022-01-24T16:00:00.000Z,13.15
2022-01-24T17:00:00.000Z,13.12
2022-01-24T18:00:00.000Z,13.10
2022-01-24T19:00:00.000Z,13.36
2022-01-24T20:00:00.000Z,13.46
2022-01-24T21:00:00.000Z,12.77
2022-01-24T22:00:00.000Z,11.58
2022-01-24T23:00:00.000Z,12.66
2022-01-25T00:00:00.000Z,12.92
2022-01-25T01:00:00.000Z,13.28
2022-01-25T02:00:00.000Z,13.77
2022-01-25T03:00:00.000Z,13.86
2022-01-25T04:00:00.000Z,13.25
2022-01-25T05:00:00.000Z,13.16
2022-01-25T06:00:00.000Z,14.52
2022-01-25T07:00:00.000Z,15.01
2022-01-25T08:00:00.000Z,15.36
2022-01-25T09:00:00.000Z,15.81
2022-01-25T10:00:00.000Z,15.17
2022-01-25T11:00:00.000Z,14.68
2022-01-25T12:00:00.000Z,14.54
2022-01-25T13:00:00.000Z,14.65
2022-01-25T14:00:00.000Z,14.79
2022-01-25T15:00:00.000Z,14.89
2022-01-25T16:00:00.000Z,14.88
2022-01-25T17:00:00.000Z,14.78
2022-01-25T18:00:00.000Z,14.68
2022-01-25T19:00:00.000Z,14.63
2022-01-25T20:00:00.000Z,13.89
2022-01-25T21:00:00.000Z,14.14
2022-01-25T22:00:00.000Z,13.08
2022-01-25T23:00:00.000Z,14.30
2022-01-26T00:00:00.000Z,13.91
2022-01-26T01:00:00.000Z,13.62
2022-01-26T02:00:00.000Z,13.45
2022-01-26T03:00:00.000Z,13.46
2022-01-26T04:00:00.000Z,13.79
2022-01-26T05:00:00.000Z,13.95
2022-01-26T06:00:00.000Z,14.74
2022-01-26T07:00:00.000Z,15.04
2022-01-26T08:00:00.000Z,15.75
2022-01-26T09:00:00.000Z,15.89
2022-01-26T10:00:00.000Z,15.70
2022-01-26T11:00:00.000Z,15.59
2022-01-26T12:00:00.000Z,15.65
2022-01-26T13:00:00.000Z,15.72
2022-01-26T14:00:00.000Z,15.74
2022-01-26T15:00:00.000Z,15.73
2022-01-26T16:00:00.000Z,15.67
2022-01-26T17:00:00.000Z,15.57
2022-01-26T18:00:00.000Z,15.51
2022-01-26T19:00:00.000Z,15.10
2022-01-26T20:00:00.000Z,15.09
2022-01-26T21:00:00.000Z,15.34
2022-01-26T22:00:00.000Z,15.43
2022-01-26T23:00:00.000Z,14.98
2022-01-27T00:00:00.000Z,15.08
2022-01-27T01:00:00.000Z,15.33
2022-01-27T02:00:00.000Z,15.61
2022-01-27T03:00:00.000Z,16.07
2022-01-27T04:00:00.000Z,16.54
2022-01-27T05:00:00.000Z,18.50
2022-01-27T06:00:00.000Z,47.34
2022-01-27T07:00:00.000Z,67.36
2022-01-27T08:00:00.000Z,67.19
2022-01-27T09:00:00.000Z,59.50
2022-01-27T10:00:00.000Z,53.73
2022-01-27T11:00:00.000Z,48.78
2022-01-27T12:00:00.000Z,29.96
2022-01-27T13:00:00.000Z,24.23
2022-01-27T14:00:00.000Z,24.90
2022-01-27T15:00:00.000Z,16.40
2022-01-27T16:00:00.000Z,15.11
2022-01-27T17:00:00.000Z,15.04
2022-01-27T18:00:00.000Z,14.94
2022-01-27T19:00:00.000Z,14.97
2022-01-27T20:00:00.000Z,14.91
2022-01-27T21:00:00.000Z,14.82
2022-01-27T22:00:00.000Z,13.03
2022-01-27T23:00:00.000Z,13.78
2022-01-28T00:00:00.000Z,12.97
2022-01-28T01:00:00.000Z,11.95
2022-01-28T02:00:00.000Z,11.95
2022-01-28T03:00:00.000Z,11.95
2022-01-28T04:00:00.000Z,13.55
2022-01-28T05:00:00.000Z,14.82
2022-01-28T06:00:00.000Z,15.54
2022-01-28T07:00:00.000Z,15.33
2022-01-28T08:00:00.000Z,15.51
2022-01-28T09:00:00.000Z,15.68
2022-01-28T10:00:00.000Z,15.95
2022-01-28T11:00:00.000Z,16.80
2022-01-28T12:00:00.000Z,16.98
2022-01-28T13:00:00.000Z,17.24
2022-01-28T14:00:00.000Z,17.00
2022-01-28T15:00:00.000Z,17.32
2022-01-28T16:00:00.000Z,17.46
2022-01-28T17:00:00.000Z,16.73
2022-01-28T18:00:00.000Z,16.96
2022-01-28T19:00:00.000Z,16.87
2022-01-28T20:00:00.000Z,16.03
2022-01-28T21:00:00.000Z,15.34
2022-01-28T22:00:00.000Z,14.97
2022-01-28T23:00:00.000Z,14.47
2022-01-29T00:00:00.000Z,14.26
2022-01-29T01:00:00.000Z,14.06
2022-01-29T02:00:00.000Z,13.99
2022-01-29T03:00:00.000Z,13.83
2022-01-29T04:00:00.000Z,13.61
2022-01-29T05:00:00.000Z,13.85
2022-01-29T06:00:00.000Z,14.13
2022-01-29T07:00:00.000Z,14.59
2022-01-29T08:00:00.000Z,15.25
2022-01-29T09:00:00.000Z,17.19
2022-01-29T10:00:00.000Z,17.62
2022-01-29T11:00:00.000Z,17.93
2022-01-29T12:00:00.000Z,17.51
2022-01-29T13:00:00.000Z,17.23
2022-01-29T14:00:00.000Z,16.06
2022-01-29T15:00:00.000Z,15.50
2022-01-29T16:00:00.000Z,15.40
2022-01-29T17:00:00.000Z,15.50
2022-01-29T18:00:00.000Z,15.43
2022-01-29T19:00:00.000Z,14.68
2022-01-29T20:00:00.000Z,14.00
2022-01-29T21:00:00.000Z,13.03
2022-01-29T22:00:00.000Z,11.92
2022-01-29T23:00:00.000Z,10.49
2022-01-30T00:00:00.000Z,9.91
2022-01-30T01:00:00.000Z,10.03
2022-01-30T02:00:00.000Z,10.01
2022-01-30T03:00:00.000Z,10.15
2022-01-30T04:00:00.000Z,11.10
2022-01-30T05:00:00.000Z,9.41
2022-01-30T06:00:00.000Z,9.95
2022-01-30T07:00:00.000Z,11.09
2022-01-30T08:00:00.000Z,11.98
2022-01-30T09:00:00.000Z,11.09
2022-01-30T10:00:00.000Z,11.78
2022-01-30T11:00:00.000Z,10.45
2022-01-30T12:00:00.000Z,10.63
2022-01-30T13:00:00.000Z,11.69
2022-01-30T14:00:00.000Z,14.04
2022-01-30T15:00:00.000Z,15.29
2022-01-30T16:00:00.000Z,15.48
2022-01-30T17:00:00.000Z,15.67
2022-01-30T18:00:00.000Z,15.94
2022-01-30T19:00:00.000Z,16.09
2022-01-30T20:00:00.000Z,16.25
2022-01-30T21:00:00.000Z,16.34
2022-01-30T22:00:00.000Z,16.41
2022-01-30T23:00:00.000Z,20.62
2022-01-31T00:00:00.000Z,20.95
2022-01-31T01:00:00.000Z,21.15
2022-01-31T02:00:00.000Z,21.49
2022-01-31T03:00:00.000Z,21.91
2022-01-31T04:00:00.000Z,22.76
2022-01-31T05:00:00.000Z,24.66
2022-01-31T06:00:00.000Z,28.82
2022-01-31T07:00:00.000Z,30.47
2022-01-31T08:00:00.000Z,30.47
2022-01-31T09:00:00.000Z,30.47
2022-01-31T10:00:00.000Z,30.68
2022-01-31T11:00:00.000Z,30.97
2022-01-31T12:00:00.000Z,32.81
2022-01-31T13:00:00.000Z,32.67
2022-01-31T14:00:00.000Z,30.93
2022-01-31T15:00:00.000Z,30.67
2022-01-31T16:00:00.000Z,30.52
2022-01-31T17:00:00.000Z,30.42
2022-01-31T18:00:00.000Z,30.40
2022-01-31T19:00:00.000Z,30.43
2022-01-31T20:00:00.000Z,30.40
2022-01-31T21:00:00.000Z,24.43
2022-01-31T22:00:00.000Z,19.22
2022-01-31T23:00:00.000Z,27.09
2022-02-01T00:00:00.000Z,22.59
2022-02-01T01:00:00.000Z,22.60
2022-02-01T02:00:00.000Z,22.41
2022-02-01T03:00:00.000Z,24.21
2022-02-01T04:00:00.000Z,24.62
2022-02-01T05:00:00.000Z,18.95
2022-02-01T06:00:00.000Z,19.95
2022-02-01T07:00:00.000Z,21.72
2022-02-01T08:00:00.000Z,19.89
2022-02-01T09:00:00.000Z,17.73
2022-02-01T10:00:00.000Z,16.99
2022-02-01T11:00:00.000Z,16.93
2022-02-01T12:00:00.000Z,17.25
2022-02-01T13:00:00.000Z,17.58
2022-02-01T14:00:00.000Z,18.96
2022-02-01T15:00:00.000Z,19.97
2022-02-01T16:00:00.000Z,19.89
2022-02-01T17:00:00.000Z,16.69
2022-02-01T18:00:00.000Z,16.32
2022-02-01T19:00:00.000Z,17.29
2022-02-01T20:00:00.000Z,19.93
2022-02-01T21:00:00.000Z,18.90
2022-02-01T22:00:00.000Z,16.83
2022-02-01T23:00:00.000Z,23.74
2022-02-02T00:00:00.000Z,27.09
2022-02-02T01:00:00.000Z,29.73
2022-02-02T02:00:00.000Z,31.06
2022-02-02T03:00:00.000Z,33.33
2022-02-02T04:00:00.000Z,68.96
2022-02-02T05:00:00.000Z,76.25
2022-02-02T06:00:00.000Z,136.92
2022-02-02T07:00:00.000Z,150.15
2022-02-02T08:00:00.000Z,140.20
2022-02-02T09:00:00.000Z,138.90
2022-02-02T10:00:00.000Z,139.48
2022-02-02T11:00:00.000Z,92.06
2022-02-02T12:00:00.000Z,117.96
2022-02-02T13:00:00.000Z,98.19
2022-02-02T14:00:00.000Z,93.22
2022-02-02T15:00:00.000Z,66.67
2022-02-02T16:00:00.000Z,60.51
2022-02-02T17:00:00.000Z,29.73
2022-02-02T18:00:00.000Z,27.03
2022-02-02T19:00:00.000Z,29.98
2022-02-02T20:00:00.000Z,68.83
2022-02-02T21:00:00.000Z,31.22
2022-02-02T22:00:00.000Z,23.91
2022-02-02T23:00:00.000Z,49.88
2022-02-03T00:00:00.000Z,45.85
2022-02-03T01:00:00.000Z,41.66
2022-02-03T02:00:00.000Z,34.08
2022-02-03T03:00:00.000Z,35.42
2022-02-03T04:00:00.000Z,44.98
2022-02-03T05:00:00.000Z,22.97
2022-02-03T06:00:00.000Z,48.24
2022-02-03T07:00:00.000Z,38.96
2022-02-03T08:00:00.000Z,22.20
2022-02-03T09:00:00.000Z,17.50
2022-02-03T10:00:00.000Z,16.70
2022-02-03T11:00:00.000Z,15.88
2022-02-03T12:00:00.000Z,15.46
2022-02-03T13:00:00.000Z,15.13
2022-02-03T14:00:00.000Z,15.56
2022-02-03T15:00:00.000Z,15.69
2022-02-03T16:00:00.000Z,15.03
2022-02-03T17:00:00.000Z,14.60
2022-02-03T18:00:00.000Z,14.23
2022-02-03T19:00:00.000Z,15.00
2022-02-03T20:00:00.000Z,16.20
2022-02-03T21:00:00.000Z,14.89
2022-02-03T22:00:00.000Z,14.26
2022-02-03T23:00:00.000Z,13.69
2022-02-04T00:00:00.000Z,13.57
2022-02-04T01:00:00.000Z,13.66
2022-02-04T02:00:00.000Z,13.87
2022-02-04T03:00:00.000Z,13.80
2022-02-04T04:00:00.000Z,13.66
2022-02-04T05:00:00.000Z,13.74
2022-02-04T06:00:00.000Z,14.02
2022-02-04T07:00:00.000Z,14.33
2022-02-04T08:00:00.000Z,14.39
2022-02-04T09:00:00.000Z,14.44
2022-02-04T10:00:00.000Z,14.47
2022-02-04T11:00:00.000Z,14.32
2022-02-04T12:00:00.000Z,14.28
2022-02-04T13:00:00.000Z,14.37
2022-02-04T14:00:00.000Z,14.31
2022-02-04T15:00:00.000Z,13.89
2022-02-04T16:00:00.000Z,13.73
2022-02-04T17:00:00.000Z,13.58
2022-02-04T18:00:00.000Z,13.27
2022-02-04T19:00:00.000Z,12.92
2022-02-04T20:00:00.000Z,13.95
2022-02-04T21:00:00.000Z,13.81
2022-02-04T22:00:00.000Z,13.63
2022-02-04T23:00:00.000Z,12.99
2022-02-05T00:00:00.000Z,12.94
2022-02-05T01:00:00.000Z,12.91
2022-02-05T02:00:00.000Z,12.88
2022-02-05T03:00:00.000Z,12.85
2022-02-05T04:00:00.000Z,12.90
2022-02-05T05:00:00.000Z,12.12
2022-02-05T06:00:00.000Z,12.33
2022-02-05T07:00:00.000Z,12.56
2022-02-05T08:00:00.000Z,12.85
2022-02-05T09:00:00.000Z,12.95
2022-02-05T10:00:00.000Z,12.95
2022-02-05T11:00:00.000Z,12.95
2022-02-05T12:00:00.000Z,12.87
2022-02-05T13:00:00.000Z,12.72
2022-02-05T14:00:00.000Z,12.80
2022-02-05T15:00:00.000Z,13.20
2022-02-05T16:00:00.000Z,13.68
2022-02-05T17:00:00.000Z,13.76
2022-02-05T18:00:00.000Z,13.59
2022-02-05T19:00:00.000Z,12.97
2022-02-05T20:00:00.000Z,13.53
2022-02-05T21:00:00.000Z,12.70
2022-02-05T22:00:00.000Z,10.98
2022-02-05T23:00:00.000Z,10.38
2022-02-06T00:00:00.000Z,9.45
2022-02-06T01:00:00.000Z,9.05
2022-02-06T02:00:00.000Z,9.05
2022-02-06T03:00:00.000Z,9.05
2022-02-06T04:00:00.000Z,9.93
2022-02-06T05:00:00.000Z,9.28
2022-02-06T06:00:00.000Z,10.11
2022-02-06T07:00:00.000Z,10.84
2022-02-06T08:00:00.000Z,12.36
2022-02-06T09:00:00.000Z,13.75
2022-02-06T10:00:00.000Z,14.72
2022-02-06T11:00:00.000Z,14.71
2022-02-06T12:00:00.000Z,14.73
2022-02-06T13:00:00.000Z,14.73
2022-02-06T14:00:00.000Z,14.73
2022-02-06T15:00:00.000Z,14.43
2022-02-06T16:00:00.000Z,14.68
2022-02-06T17:00:00.000Z,14.26
2022-02-06T18:00:00.000Z,14.13
2022-02-06T19:00:00.000Z,13.76
2022-02-06T20:00:00.000Z,15.33
2022-02-06T21:00:00.000Z,15.02
2022-02-06T22:00:00.000Z,14.89
2022-02-06T23:00:00.000Z,14.26
2022-02-07T00:00:00.000Z,14.24
2022-02-07T01:00:00.000Z,14.27
2022-02-07T02:00:00.000Z,13.83
2022-02-07T03:00:00.000Z,14.13
2022-02-07T04:00:00.000Z,15.43
2022-02-07T05:00:00.000Z,14.71
2022-02-07T06:00:00.000Z,15.12
2022-02-07T07:00:00.000Z,16.46
2022-02-07T08:00:00.000Z,17.37
2022-02-07T09:00:00.000Z,16.90
2022-02-07T10:00:00.000Z,16.76
2022-02-07T11:00:00.000Z,16.41
2022-02-07T12:00:00.000Z,16.35
2022-02-07T13:00:00.000Z,16.22
2022-02-07T14:00:00.000Z,15.96
2022-02-07T15:00:00.000Z,15.90
2022-02-07T16:00:00.000Z,15.85
2022-02-07T17:00:00.000Z,15.86
2022-02-07T18:00:00.000Z,15.90
2022-02-07T19:00:00.000Z,16.22
2022-02-07T20:00:00.000Z,18.12
2022-02-07T21:00:00.000Z,16.75
2022-02-07T22:00:00.000Z,16.53
2022-02-07T23:00:00.000Z,15.09
2022-02-08T00:00:00.000Z,14.39
2022-02-08T01:00:00.000Z,14.19
2022-02-08T02:00:00.000Z,14.07
2022-02-08T03:00:00.000Z,13.96
2022-02-08T04:00:00.000Z,13.96
2022-02-08T05:00:00.000Z,13.96
2022-02-08T06:00:00.000Z,14.31
2022-02-08T07:00:00.000Z,14.40
2022-02-08T08:00:00.000Z,14.49
2022-02-08T09:00:00.000Z,14.07
2022-02-08T10:00:00.000Z,14.06
2022-02-08T11:00:00.000Z,13.95
2022-02-08T12:00:00.000Z,13.68
2022-02-08T13:00:00.000Z,13.91
2022-02-08T14:00:00.000Z,13.98
2022-02-08T15:00:00.000Z,14.00
2022-02-08T16:00:00.000Z,13.95
2022-02-08T17:00:00.000Z,13.98
2022-02-08T18:00:00.000Z,13.89
2022-02-08T19:00:00.000Z,13.75
2022-02-08T20:00:00.000Z,13.78
2022-02-08T21:00:00.000Z,13.28
2022-02-08T22:00:00.000Z,12.93
2022-02-08T23:00:00.000Z,12.45
2022-02-09T00:00:00.000Z,12.41
2022-02-09T01:00:00.000Z,12.31
2022-02-09T02:00:00.000Z,12.29
2022-02-09T03:00:00.000Z,12.36
2022-02-09T04:00:00.000Z,12.23
2022-02-09T05:00:00.000Z,12.34
2022-02-09T06:00:00.000Z,12.42
2022-02-09T07:00:00.000Z,12.91
2022-02-09T08:00:00.000Z,12.94
2022-02-09T09:00:00.000Z,12.92
2022-02-09T10:00:00.000Z,12.93
2022-02-09T11:00:00.000Z,12.51
2022-02-09T12:00:00.000Z,12.46
2022-02-09T13:00:00.000Z,12.47
2022-02-09T14:00:00.000Z,12.86
2022-02-09T15:00:00.000Z,12.75
2022-02-09T16:00:00.000Z,12.99
2022-02-09T17:00:00.000Z,12.95
2022-02-09T18:00:00.000Z,12.94
2022-02-09T19:00:00.000Z,12.85
2022-02-09T20:00:00.000Z,12.94
2022-02-09T21:00:00.000Z,12.35
2022-02-09T22:00:00.000Z,11.74
2022-02-09T23:00:00.000Z,11.76
2022-02-10T00:00:00.000Z,11.56
2022-02-10T01:00:00.000Z,11.49
2022-02-10T02:00:00.000Z,11.39
2022-02-10T03:00:00.000Z,11.60
2022-02-10T04:00:00.000Z,12.16
2022-02-10T05:00:00.000Z,12.66
2022-02-10T06:00:00.000Z,12.62
2022-02-10T07:00:00.000Z,12.85
2022-02-10T08:00:00.000Z,12.90
2022-02-10T09:00:00.000Z,12.94
2022-02-10T10:00:00.000Z,12.65
2022-02-10T11:00:00.000Z,12.47
2022-02-10T12:00:00.000Z,12.56
2022-02-10T13:00:00.000Z,12.57
2022-02-10T14:00:00.000Z,12.63
2022-02-10T15:00:00.000Z,12.71
2022-02-10T16:00:00.000Z,12.67
2022-02-10T17:00:00.000Z,12.40
2022-02-10T18:00:00.000Z,12.31
2022-02-10T19:00:00.000Z,12.51
2022-02-10T20:00:00.000Z,13.18
2022-02-10T21:00:00.000Z,12.40
2022-02-10T22:00:00.000Z,12.16
2022-02-10T23:00:00.000Z,11.85
2022-02-11T00:00:00.000Z,11.84
2022-02-11T01:00:00.000Z,11.78
2022-02-11T02:00:00.000Z,11.80
2022-02-11T03:00:00.000Z,11.86
2022-02-11T04:00:00.000Z,11.93
2022-02-11T05:00:00.000Z,11.77
2022-02-11T06:00:00.000Z,11.84
2022-02-11T07:00:00.000Z,12.10
2022-02-11T08:00:00.000Z,12.33
2022-02-11T09:00:00.000Z,12.39
2022-02-11T10:00:00.000Z,12.57
2022-02-11T11:00:00.000Z,12.55
2022-02-11T12:00:00.000Z,12.39
2022-02-11T13:00:00.000Z,12.33
2022-02-11T14:00:00.000Z,12.48
2022-02-11T15:00:00.000Z,12.59
2022-02-11T16:00:00.000Z,12.72
2022-02-11T17:00:00.000Z,12.85
2022-02-11T18:00:00.000Z,12.56
2022-02-11T19:00:00.000Z,12.38
2022-02-11T20:00:00.000Z,12.52
2022-02-11T21:00:00.000Z,11.81
2022-02-11T22:00:00.000Z,11.53
2022-02-11T23:00:00.000Z,11.35
2022-02-12T00:00:00.000Z,11.09
2022-02-12T01:00:00.000Z,11.00
2022-02-12T02:00:00.000Z,11.22
2022-02-12T03:00:00.000Z,11.20
2022-02-12T04:00:00.000Z,11.17
2022-02-12T05:00:00.000Z,10.73
2022-02-12T06:00:00.000Z,11.20
2022-02-12T07:00:00.000Z,11.54
2022-02-12T08:00:00.000Z,12.32
2022-02-12T09:00:00.000Z,12.79
2022-02-12T10:00:00.000Z,13.02
2022-02-12T11:00:00.000Z,13.68
2022-02-12T12:00:00.000Z,14.06
2022-02-12T13:00:00.000Z,14.30
2022-02-12T14:00:00.000Z,14.39
2022-02-12T15:00:00.000Z,14.74
2022-02-12T16:00:00.000Z,14.38
2022-02-12T17:00:00.000Z,13.80
2022-02-12T18:00:00.000Z,12.97
2022-02-12T19:00:00.000Z,12.92
2022-02-12T20:00:00.000Z,13.51
2022-02-12T21:00:00.000Z,12.96
2022-02-12T22:00:00.000Z,12.75
2022-02-12T23:00:00.000Z,12.44
2022-02-13T00:00:00.000Z,12.03
2022-02-13T01:00:00.000Z,11.46
2022-02-13T02:00:00.000Z,11.12
2022-02-13T03:00:00.000Z,10.96
2022-02-13T04:00:00.000Z,11.03
2022-02-13T05:00:00.000Z,10.81
2022-02-13T06:00:00.000Z,10.24
2022-02-13T07:00:00.000Z,11.11
2022-02-13T08:00:00.000Z,11.20
2022-02-13T09:00:00.000Z,11.25
2022-02-13T10:00:00.000Z,11.35
2022-02-13T11:00:00.000Z,11.59
2022-02-13T12:00:00.000Z,11.95
2022-02-13T13:00:00.000Z,12.48
2022-02-13T14:00:00.000Z,12.63
2022-02-13T15:00:00.000Z,12.67
2022-02-13T16:00:00.000Z,12.76
2022-02-13T17:00:00.000Z,12.82
2022-02-13T18:00:00.000Z,12.89
2022-02-13T19:00:00.000Z,12.80
2022-02-13T20:00:00.000Z,13.12
2022-02-13T21:00:00.000Z,13.25
2022-02-13T22:00:00.000Z,12.64
2022-02-13T23:00:00.000Z,13.07
2022-02-14T00:00:00.000Z,13.01
2022-02-14T01:00:00.000Z,12.94
2022-02-14T02:00:00.000Z,13.45
2022-02-14T03:00:00.000Z,13.85
2022-02-14T04:00:00.000Z,13.96
2022-02-14T05:00:00.000Z,13.82
2022-02-14T06:00:00.000Z,15.17
2022-02-14T07:00:00.000Z,17.97
2022-02-14T08:00:00.000Z,18.47
2022-02-14T09:00:00.000Z,18.75
2022-02-14T10:00:00.000Z,18.86
2022-02-14T11:00:00.000Z,17.45
2022-02-14T12:00:00.000Z,16.35
2022-02-14T13:00:00.000Z,15.30
2022-02-14T14:00:00.000Z,15.68
2022-02-14T15:00:00.000Z,15.24
2022-02-14T16:00:00.000Z,17.51
2022-02-14T17:00:00.000Z,17.44
2022-02-14T18:00:00.000Z,13.87
2022-02-14T19:00:00.000Z,14.04
2022-02-14T20:00:00.000Z,14.81
2022-02-14T21:00:00.000Z,13.83
2022-02-14T22:00:00.000Z,13.32
2022-02-14T23:00:00.000Z,12.85
2022-02-15T00:00:00.000Z,12.35
2022-02-15T01:00:00.000Z,12.01
2022-02-15T02:00:00.000Z,11.98
2022-02-15T03:00:00.000Z,11.99
2022-02-15T04:00:00.000Z,12.34
2022-02-15T05:00:00.000Z,12.72
2022-02-15T06:00:00.000Z,13.65
2022-02-15T07:00:00.000Z,14.27
2022-02-15T08:00:00.000Z,13.87
2022-02-15T09:00:00.000Z,13.92
2022-02-15T10:00:00.000Z,13.69
2022-02-15T11:00:00.000Z,13.56
2022-02-15T12:00:00.000Z,13.49
2022-02-15T13:00:00.000Z,13.40
2022-02-15T14:00:00.000Z,13.78
2022-02-15T15:00:00.000Z,13.99
2022-02-15T16:00:00.000Z,14.32
2022-02-15T17:00:00.000Z,13.95
2022-02-15T18:00:00.000Z,13.97
2022-02-15T19:00:00.000Z,13.91
2022-02-15T20:00:00.000Z,14.79
2022-02-15T21:00:00.000Z,14.37
2022-02-15T22:00:00.000Z,13.91
2022-02-15T23:00:00.000Z,13.38
2022-02-16T00:00:00.000Z,12.94
2022-02-16T01:00:00.000Z,12.84
2022-02-16T02:00:00.000Z,12.84
2022-02-16T03:00:00.000Z,12.84
2022-02-16T04:00:00.000Z,12.93
2022-02-16T05:00:00.000Z,13.75
2022-02-16T06:00:00.000Z,15.07
2022-02-16T07:00:00.000Z,16.52
2022-02-16T08:00:00.000Z,17.46
2022-02-16T09:00:00.000Z,18.05
2022-02-16T10:00:00.000Z,17.53
2022-02-16T11:00:00.000Z,17.03
2022-02-16T12:00:00.000Z,15.98
2022-02-16T13:00:00.000Z,15.68
2022-02-16T14:00:00.000Z,15.44
2022-02-16T15:00:00.000Z,15.11
2022-02-16T16:00:00.000Z,15.36
2022-02-16T17:00:00.000Z,15.22
2022-02-16T18:00:00.000Z,15.13
2022-02-16T19:00:00.000Z,14.74
2022-02-16T20:00:00.000Z,14.65
2022-02-16T21:00:00.000Z,14.12
2022-02-16T22:00:00.000Z,13.95
2022-02-16T23:00:00.000Z,14.16
2022-02-17T00:00:00.000Z,14.32
2022-02-17T01:00:00.000Z,14.50
2022-02-17T02:00:00.000Z,13.97
2022-02-17T03:00:00.000Z,14.69
2022-02-17T04:00:00.000Z,14.80
2022-02-17T05:00:00.000Z,17.62
2022-02-17T06:00:00.000Z,18.26
2022-02-17T07:00:00.000Z,16.27
2022-02-17T08:00:00.000Z,19.12
2022-02-17T09:00:00.000Z,19.04
2022-02-17T10:00:00.000Z,19.01
2022-02-17T11:00:00.000Z,17.97
2022-02-17T12:00:00.000Z,16.79
2022-02-17T13:00:00.000Z,15.94
2022-02-17T14:00:00.000Z,15.46
2022-02-17T15:00:00.000Z,14.85
2022-02-17T16:00:00.000Z,14.82
2022-02-17T17:00:00.000Z,14.46
2022-02-17T18:00:00.000Z,14.32
2022-02-17T19:00:00.000Z,14.18
2022-02-17T20:00:00.000Z,13.95
2022-02-17T21:00:00.000Z,13.65
2022-02-17T22:00:00.000Z,13.55
2022-02-17T23:00:00.000Z,13.24
2022-02-18T00:00:00.000Z,12.79
2022-02-18T01:00:00.000Z,12.75
2022-02-18T02:00:00.000Z,12.79
2022-02-18T03:00:00.000Z,13.16
2022-02-18T04:00:00.000Z,13.51
2022-02-18T05:00:00.000Z,13.88
2022-02-18T06:00:00.000Z,14.12
2022-02-18T07:00:00.000Z,14.36
2022-02-18T08:00:00.000Z,14.19
2022-02-18T09:00:00.000Z,14.18
2022-02-18T10:00:00.000Z,14.35
2022-02-18T11:00:00.000Z,14.49
2022-02-18T12:00:00.000Z,14.65
2022-02-18T13:00:00.000Z,14.65
2022-02-18T14:00:00.000Z,14.65
2022-02-18T15:00:00.000Z,14.51
2022-02-18T16:00:00.000Z,14.41
2022-02-18T17:00:00.000Z,14.57
2022-02-18T18:00:00.000Z,14.85
2022-02-18T19:00:00.000Z,15.13
2022-02-18T20:00:00.000Z,15.68
2022-02-18T21:00:00.000Z,15.92
2022-02-18T22:00:00.000Z,15.91
2022-02-18T23:00:00.000Z,17.08
2022-02-19T00:00:00.000Z,15.77
2022-02-19T01:00:00.000Z,13.74
2022-02-19T02:00:00.000Z,12.98
2022-02-19T03:00:00.000Z,12.85
2022-02-19T04:00:00.000Z,12.87
2022-02-19T05:00:00.000Z,12.95
2022-02-19T06:00:00.000Z,12.82
2022-02-19T07:00:00.000Z,13.03
2022-02-19T08:00:00.000Z,13.29
2022-02-19T09:00:00.000Z,13.37
2022-02-19T10:00:00.000Z,13.12
2022-02-19T11:00:00.000Z,12.82
2022-02-19T12:00:00.000Z,12.62
2022-02-19T13:00:00.000Z,12.49
2022-02-19T14:00:00.000Z,12.32
2022-02-19T15:00:00.000Z,12.30
2022-02-19T16:00:00.000Z,12.49
2022-02-19T17:00:00.000Z,12.50
2022-02-19T18:00:00.000Z,12.30
2022-02-19T19:00:00.000Z,12.09
2022-02-19T20:00:00.000Z,12.00
2022-02-19T21:00:00.000Z,11.98
2022-02-19T22:00:00.000Z,11.95
2022-02-19T23:00:00.000Z,11.86
2022-02-20T00:00:00.000Z,11.86
2022-02-20T01:00:00.000Z,11.86
2022-02-20T02:00:00.000Z,11.99
2022-02-20T03:00:00.000Z,12.41
2022-02-20T04:00:00.000Z,12.59
2022-02-20T05:00:00.000Z,12.79
2022-02-20T06:00:00.000Z,12.92
2022-02-20T07:00:00.000Z,12.78
2022-02-20T08:00:00.000Z,12.94
2022-02-20T09:00:00.000Z,13.34
2022-02-20T10:00:00.000Z,13.70
2022-02-20T11:00:00.000Z,13.98
2022-02-20T12:00:00.000Z,14.66
2022-02-20T13:00:00.000Z,16.35
2022-02-20T14:00:00.000Z,16.69
2022-02-20T15:00:00.000Z,15.98
2022-02-20T16:00:00.000Z,14.45
2022-02-20T17:00:00.000Z,13.78
2022-02-20T18:00:00.000Z,13.20
2022-02-20T19:00:00.000Z,12.85
2022-02-20T20:00:00.000Z,12.63
2022-02-20T21:00:00.000Z,12.14
2022-02-20T22:00:00.000Z,11.99
2022-02-20T23:00:00.000Z,11.98
2022-02-21T00:00:00.000Z,11.96
2022-02-21T01:00:00.000Z,11.98
2022-02-21T02:00:00.000Z,11.97
2022-02-21T03:00:00.000Z,12.11
2022-02-21T04:00:00.000Z,12.70
2022-02-21T05:00:00.000Z,13.60
2022-02-21T06:00:00.000Z,14.11
2022-02-21T07:00:00.000Z,15.23
2022-02-21T08:00:00.000Z,15.34
2022-02-21T09:00:00.000Z,14.99
2022-02-21T10:00:00.000Z,15.78
2022-02-21T11:00:00.000Z,16.61
2022-02-21T12:00:00.000Z,16.79
2022-02-21T13:00:00.000Z,16.77
2022-02-21T14:00:00.000Z,16.89
2022-02-21T15:00:00.000Z,16.80
2022-02-21T16:00:00.000Z,16.99
2022-02-21T17:00:00.000Z,17.91
2022-02-21T18:00:00.000Z,17.91
2022-02-21T19:00:00.000Z,17.91
2022-02-21T20:00:00.000Z,18.94
2022-02-21T21:00:00.000Z,16.91
2022-02-21T22:00:00.000Z,16.16
2022-02-21T23:00:00.000Z,19.96
2022-02-22T00:00:00.000Z,20.00
2022-02-22T01:00:00.000Z,19.98
2022-02-22T02:00:00.000Z,19.87
2022-02-22T03:00:00.000Z,19.95
2022-02-22T04:00:00.000Z,19.85
2022-02-22T05:00:00.000Z,24.68
2022-02-22T06:00:00.000Z,127.95
2022-02-22T07:00:00.000Z,206.51
2022-02-22T08:00:00.000Z,180.27
2022-02-22T09:00:00.000Z,144.08
2022-02-22T10:00:00.000Z,135.04
2022-02-22T11:00:00.000Z,121.25
2022-02-22T12:00:00.000Z,117.66
2022-02-22T13:00:00.000Z,20.47
2022-02-22T14:00:00.000Z,16.47
2022-02-22T15:00:00.000Z,16.33
2022-02-22T16:00:00.000Z,15.28
2022-02-22T17:00:00.000Z,15.31
2022-02-22T18:00:00.000Z,14.92
2022-02-22T19:00:00.000Z,15.32
2022-02-22T20:00:00.000Z,14.96
2022-02-22T21:00:00.000Z,13.99
2022-02-22T22:00:00.000Z,13.31
2022-02-22T23:00:00.000Z,13.92
2022-02-23T00:00:00.000Z,12.85
2022-02-23T01:00:00.000Z,12.11
2022-02-23T02:00:00.000Z,11.94
2022-02-23T03:00:00.000Z,11.92
2022-02-23T04:00:00.000Z,11.86
2022-02-23T05:00:00.000Z,11.95
2022-02-23T06:00:00.000Z,12.32
2022-02-23T07:00:00.000Z,13.43
2022-02-23T08:00:00.000Z,13.79
2022-02-23T09:00:00.000Z,13.85
2022-02-23T10:00:00.000Z,13.57
2022-02-23T11:00:00.000Z,13.47
2022-02-23T12:00:00.000Z,12.76
2022-02-23T13:00:00.000Z,12.53
2022-02-23T14:00:00.000Z,12.09
2022-02-23T15:00:00.000Z,12.07
2022-02-23T16:00:00.000Z,12.09
2022-02-23T17:00:00.000Z,12.08
2022-02-23T18:00:00.000Z,11.95
2022-02-23T19:00:00.000Z,11.94
2022-02-23T20:00:00.000Z,11.94
2022-02-23T21:00:00.000Z,11.94
2022-02-23T22:00:00.000Z,11.41
2022-02-23T23:00:00.000Z,11.71
2022-02-24T00:00:00.000Z,11.06
2022-02-24T01:00:00.000Z,10.85
2022-02-24T02:00:00.000Z,11.01
2022-02-24T03:00:00.000Z,12.05
2022-02-24T04:00:00.000Z,12.91
2022-02-24T05:00:00.000Z,13.77
2022-02-24T06:00:00.000Z,14.30
2022-02-24T07:00:00.000Z,14.46
2022-02-24T08:00:00.000Z,14.45
2022-02-24T09:00:00.000Z,14.34
2022-02-24T10:00:00.000Z,14.12
2022-02-24T11:00:00.000Z,13.92
2022-02-24T12:00:00.000Z,13.84
2022-02-24T13:00:00.000Z,13.78
2022-02-24T14:00:00.000Z,13.71
2022-02-24T15:00:00.000Z,13.66
2022-02-24T16:00:00.000Z,13.66
2022-02-24T17:00:00.000Z,13.66
2022-02-24T18:00:00.000Z,13.63
2022-02-24T19:00:00.000Z,13.63
2022-02-24T20:00:00.000Z,13.63
2022-02-24T21:00:00.000Z,13.38
2022-02-24T22:00:00.000Z,13.50
2022-02-24T23:00:00.000Z,14.18
2022-02-25T00:00:00.000Z,14.51
2022-02-25T01:00:00.000Z,14.78
2022-02-25T02:00:00.000Z,14.99
2022-02-25T03:00:00.000Z,15.04
2022-02-25T04:00:00.000Z,14.83
2022-02-25T05:00:00.000Z,15.41
2022-02-25T06:00:00.000Z,15.45
2022-02-25T07:00:00.000Z,15.29
2022-02-25T08:00:00.000Z,15.00
2022-02-25T09:00:00.000Z,14.76
2022-02-25T10:00:00.000Z,14.78
2022-02-25T11:00:00.000Z,14.50
2022-02-25T12:00:00.000Z,14.27
2022-02-25T13:00:00.000Z,13.93
2022-02-25T14:00:00.000Z,13.76
2022-02-25T15:00:00.000Z,13.74
2022-02-25T16:00:00.000Z,13.83
2022-02-25T17:00:00.000Z,13.98
2022-02-25T18:00:00.000Z,13.99
2022-02-25T19:00:00.000Z,13.98
2022-02-25T20:00:00.000Z,14.00
2022-02-25T21:00:00.000Z,13.75
2022-02-25T22:00:00.000Z,13.81
2022-02-25T23:00:00.000Z,14.08
2022-02-26T00:00:00.000Z,14.16
2022-02-26T01:00:00.000Z,14.38
2022-02-26T02:00:00.000Z,14.51
2022-02-26T03:00:00.000Z,14.74
2022-02-26T04:00:00.000Z,14.82
2022-02-26T05:00:00.000Z,14.94
2022-02-26T06:00:00.000Z,14.78
2022-02-26T07:00:00.000Z,14.53
2022-02-26T08:00:00.000Z,14.58
2022-02-26T09:00:00.000Z,14.53
2022-02-26T10:00:00.000Z,14.45
2022-02-26T11:00:00.000Z,14.41
2022-02-26T12:00:00.000Z,14.39
2022-02-26T13:00:00.000Z,14.40
2022-02-26T14:00:00.000Z,14.33
2022-02-26T15:00:00.000Z,14.16
2022-02-26T16:00:00.000Z,14.08
2022-02-26T17:00:00.000Z,14.07
2022-02-26T18:00:00.000Z,14.00
2022-02-26T19:00:00.000Z,13.93
2022-02-26T20:00:00.000Z,13.94
2022-02-26T21:00:00.000Z,13.96
2022-02-26T22:00:00.000Z,14.05
2022-02-26T23:00:00.000Z,14.10
2022-02-27T00:00:00.000Z,13.99
2022-02-27T01:00:00.000Z,13.96
2022-02-27T02:00:00.000Z,14.04
2022-02-27T03:00:00.000Z,14.20
2022-02-27T04:00:00.000Z,14.20
2022-02-27T05:00:00.000Z,14.20
2022-02-27T06:00:00.000Z,14.15
2022-02-27T07:00:00.000Z,14.20
2022-02-27T08:00:00.000Z,14.30
2022-02-27T09:00:00.000Z,14.45
2022-02-27T10:00:00.000Z,14.65
2022-02-27T11:00:00.000Z,14.58
2022-02-27T12:00:00.000Z,14.42
2022-02-27T13:00:00.000Z,14.02
2022-02-27T14:00:00.000Z,13.74
2022-02-27T15:00:00.000Z,13.56
2022-02-27T16:00:00.000Z,13.45
2022-02-27T17:00:00.000Z,13.67
2022-02-27T18:00:00.000Z,13.69
2022-02-27T19:00:00.000Z,13.79
2022-02-27T20:00:00.000Z,13.96
2022-02-27T21:00:00.000Z,14.21
2022-02-27T22:00:00.000Z,14.49
2022-02-27T23:00:00.000Z,13.77
2022-02-28T00:00:00.000Z,13.85
2022-02-28T01:00:00.000Z,14.00
2022-02-28T02:00:00.000Z,14.29
2022-02-28T03:00:00.000Z,14.37
2022-02-28T04:00:00.000Z,14.28
2022-02-28T05:00:00.000Z,14.81
2022-02-28T06:00:00.000Z,15.01
2022-02-28T07:00:00.000Z,16.12
2022-02-28T08:00:00.000Z,16.44
2022-02-28T09:00:00.000Z,17.49
2022-02-28T10:00:00.000Z,18.43
2022-02-28T11:00:00.000Z,17.98
2022-02-28T12:00:00.000Z,16.75
2022-02-28T13:00:00.000Z,15.65
2022-02-28T14:00:00.000Z,14.92
2022-02-28T15:00:00.000Z,14.70
2022-02-28T16:00:00.000Z,14.66
2022-02-28T17:00:00.000Z,14.60
2022-02-28T18:00:00.000Z,14.52
2022-02-28T19:00:00.000Z,14.48
2022-02-28T20:00:00.000Z,14.35
2022-02-28T21:00:00.000Z,14.01
2022-02-28T22:00:00.000Z,13.74
2022-02-28T23:00:00.000Z,13.66
2022-03-01T00:00:00.000Z,13.52
2022-03-01T01:00:00.000Z,13.39
2022-03-01T02:00:00.000Z,13.34
2022-03-01T03:00:00.000Z,13.53
2022-03-01T04:00:00.000Z,13.49
2022-03-01T05:00:00.000Z,13.75
2022-03-01T06:00:00.000Z,13.96
2022-03-01T07:00:00.000Z,14.09
2022-03-01T08:00:00.000Z,14.21
2022-03-01T09:00:00.000Z,14.31
2022-03-01T10:00:00.000Z,14.41
2022-03-01T11:00:00.000Z,14.42
2022-03-01T12:00:00.000Z,14.38
2022-03-01T13:00:00.000Z,14.27
2022-03-01T14:00:00.000Z,13.96
2022-03-01T15:00:00.000Z,13.74
2022-03-01T16:00:00.000Z,13.50
2022-03-01T17:00:00.000Z,13.47
2022-03-01T18:00:00.000Z,13.37
2022-03-01T19:00:00.000Z,13.29
2022-03-01T20:00:00.000Z,13.20
2022-03-01T21:00:00.000Z,12.68
2022-03-01T22:00:00.000Z,12.39
2022-03-01T23:00:00.000Z,11.49
2022-03-02T00:00:00.000Z,11.33
2022-03-02T01:00:00.000Z,11.28
2022-03-02T02:00:00.000Z,11.31
2022-03-02T03:00:00.000Z,11.80
2022-03-02T04:00:00.000Z,11.79
2022-03-02T05:00:00.000Z,13.25
2022-03-02T06:00:00.000Z,13.56
2022-03-02T07:00:00.000Z,13.64
2022-03-02T08:00:00.000Z,13.69
2022-03-02T09:00:00.000Z,13.79
2022-03-02T10:00:00.000Z,13.88
2022-03-02T11:00:00.000Z,13.89
2022-03-02T12:00:00.000Z,13.87
2022-03-02T13:00:00.000Z,13.86
2022-03-02T14:00:00.000Z,13.95
2022-03-02T15:00:00.000Z,13.97
2022-03-02T16:00:00.000Z,14.07
2022-03-02T17:00:00.000Z,14.00
2022-03-02T18:00:00.000Z,14.07
2022-03-02T19:00:00.000Z,14.15
2022-03-02T20:00:00.000Z,14.18
2022-03-02T21:00:00.000Z,14.11
2022-03-02T22:00:00.000Z,14.06
2022-03-02T23:00:00.000Z,13.93
2022-03-03T00:00:00.000Z,14.02
2022-03-03T01:00:00.000Z,14.13
2022-03-03T02:00:00.000Z,14.26
2022-03-03T03:00:00.000Z,14.47
2022-03-03T04:00:00.000Z,14.69
2022-03-03T05:00:00.000Z,16.66
2022-03-03T06:00:00.000Z,18.23
2022-03-03T07:00:00.000Z,19.10
2022-03-03T08:00:00.000Z,19.89
2022-03-03T09:00:00.000Z,21.61
2022-03-03T10:00:00.000Z,21.96
2022-03-03T11:00:00.000Z,21.69
2022-03-03T12:00:00.000Z,21.61
2022-03-03T13:00:00.000Z,21.19
2022-03-03T14:00:00.000Z,19.55
2022-03-03T15:00:00.000Z,19.25
2022-03-03T16:00:00.000Z,19.13
2022-03-03T17:00:00.000Z,18.95
2022-03-03T18:00:00.000Z,19.22
2022-03-03T19:00:00.000Z,18.74
2022-03-03T20:00:00.000Z,21.21
2022-03-03T21:00:00.000Z,19.73
2022-03-03T22:00:00.000Z,18.17
2022-03-03T23:00:00.000Z,16.75
2022-03-04T00:00:00.000Z,16.57
2022-03-04T01:00:00.000Z,16.37
2022-03-04T02:00:00.000Z,16.21
2022-03-04T03:00:00.000Z,16.25
2022-03-04T04:00:00.000Z,16.49
2022-03-04T05:00:00.000Z,17.29
2022-03-04T06:00:00.000Z,18.30
2022-03-04T07:00:00.000Z,20.44
2022-03-04T08:00:00.000Z,20.68
2022-03-04T09:00:00.000Z,20.29
2022-03-04T10:00:00.000Z,18.67
2022-03-04T11:00:00.000Z,17.71
2022-03-04T12:00:00.000Z,17.28
2022-03-04T13:00:00.000Z,16.92
2022-03-04T14:00:00.000Z,16.66
2022-03-04T15:00:00.000Z,16.37
2022-03-04T16:00:00.000Z,16.15
2022-03-04T17:00:00.000Z,16.00
2022-03-04T18:00:00.000Z,15.87
2022-03-04T19:00:00.000Z,15.76
2022-03-04T20:00:00.000Z,15.81
2022-03-04T21:00:00.000Z,15.56
2022-03-04T22:00:00.000Z,15.32
2022-03-04T23:00:00.000Z,16.22
2022-03-05T00:00:00.000Z,16.07
2022-03-05T01:00:00.000Z,15.92
2022-03-05T02:00:00.000Z,15.72
2022-03-05T03:00:00.000Z,15.57
2022-03-05T04:00:00.000Z,15.29
2022-03-05T05:00:00.000Z,15.03
2022-03-05T06:00:00.000Z,15.11
2022-03-05T07:00:00.000Z,15.46
2022-03-05T08:00:00.000Z,15.56
2022-03-05T09:00:00.000Z,15.30
2022-03-05T10:00:00.000Z,15.19
2022-03-05T11:00:00.000Z,14.98
2022-03-05T12:00:00.000Z,14.90
2022-03-05T13:00:00.000Z,14.81
2022-03-05T14:00:00.000Z,14.71
2022-03-05T15:00:00.000Z,14.62
2022-03-05T16:00:00.000Z,14.52
2022-03-05T17:00:00.000Z,14.33
2022-03-05T18:00:00.000Z,14.15
2022-03-05T19:00:00.000Z,13.99
2022-03-05T20:00:00.000Z,13.82
2022-03-05T21:00:00.000Z,13.33
2022-03-05T22:00:00.000Z,12.87
2022-03-05T23:00:00.000Z,13.55
2022-03-06T00:00:00.000Z,13.75
2022-03-06T01:00:00.000Z,13.81
2022-03-06T02:00:00.000Z,13.75
2022-03-06T03:00:00.000Z,13.81
2022-03-06T04:00:00.000Z,13.55
2022-03-06T05:00:00.000Z,13.93
2022-03-06T06:00:00.000Z,14.03
2022-03-06T07:00:00.000Z,14.19
2022-03-06T08:00:00.000Z,14.27
2022-03-06T09:00:00.000Z,14.25
2022-03-06T10:00:00.000Z,14.13
2022-03-06T11:00:00.000Z,13.73
2022-03-06T12:00:00.000Z,13.64
2022-03-06T13:00:00.000Z,13.64
2022-03-06T14:00:00.000Z,13.64
2022-03-06T15:00:00.000Z,14.07
2022-03-06T16:00:00.000Z,14.18
2022-03-06T17:00:00.000Z,14.30
2022-03-06T18:00:00.000Z,14.38
2022-03-06T19:00:00.000Z,14.43
2022-03-06T20:00:00.000Z,14.54
2022-03-06T21:00:00.000Z,14.65
2022-03-06T22:00:00.000Z,14.91
2022-03-06T23:00:00.000Z,15.43
2022-03-07T00:00:00.000Z,15.34
2022-03-07T01:00:00.000Z,15.08
2022-03-07T02:00:00.000Z,14.92
2022-03-07T03:00:00.000Z,14.81
2022-03-07T04:00:00.000Z,14.78
2022-03-07T05:00:00.000Z,15.16
2022-03-07T06:00:00.000Z,15.44
2022-03-07T07:00:00.000Z,15.56
2022-03-07T08:00:00.000Z,15.58
2022-03-07T09:00:00.000Z,15.59
2022-03-07T10:00:00.000Z,15.54
2022-03-07T11:00:00.000Z,15.30
2022-03-07T12:00:00.000Z,14.99
2022-03-07T13:00:00.000Z,14.99
2022-03-07T14:00:00.000Z,14.99
2022-03-07T15:00:00.000Z,14.84
2022-03-07T16:00:00.000Z,14.77
2022-03-07T17:00:00.000Z,14.72
2022-03-07T18:00:00.000Z,14.69
2022-03-07T19:00:00.000Z,14.68
2022-03-07T20:00:00.000Z,14.65
2022-03-07T21:00:00.000Z,14.56
2022-03-07T22:00:00.000Z,14.59
2022-03-07T23:00:00.000Z,14.90
2022-03-08T00:00:00.000Z,15.03
2022-03-08T01:00:00.000Z,15.09
2022-03-08T02:00:00.000Z,15.20
2022-03-08T03:00:00.000Z,15.35
2022-03-08T04:00:00.000Z,15.49
2022-03-08T05:00:00.000Z,15.55
2022-03-08T06:00:00.000Z,15.86
2022-03-08T07:00:00.000Z,16.07
2022-03-08T08:00:00.000Z,16.26
2022-03-08T09:00:00.000Z,16.63
2022-03-08T10:00:00.000Z,16.92
2022-03-08T11:00:00.000Z,17.19
2022-03-08T12:00:00.000Z,17.70
2022-03-08T13:00:00.000Z,18.57
2022-03-08T14:00:00.000Z,19.50
2022-03-08T15:00:00.000Z,19.83
2022-03-08T16:00:00.000Z,19.44
2022-03-08T17:00:00.000Z,19.05
2022-03-08T18:00:00.000Z,18.61
2022-03-08T19:00:00.000Z,17.52
2022-03-08T20:00:00.000Z,16.62
2022-03-08T21:00:00.000Z,16.62
2022-03-08T22:00:00.000Z,16.62
2022-03-08T23:00:00.000Z,15.44
2022-03-09T00:00:00.000Z,15.34
2022-03-09T01:00:00.000Z,15.34
2022-03-09T02:00:00.000Z,15.34
2022-03-09T03:00:00.000Z,15.46
2022-03-09T04:00:00.000Z,15.61
2022-03-09T05:00:00.000Z,15.74
2022-03-09T06:00:00.000Z,16.00
2022-03-09T07:00:00.000Z,16.16
2022-03-09T08:00:00.000Z,16.00
2022-03-09T09:00:00.000Z,15.92
2022-03-09T10:00:00.000Z,15.87
2022-03-09T11:00:00.000Z,15.83
2022-03-09T12:00:00.000Z,15.57
2022-03-09T13:00:00.000Z,15.66
2022-03-09T14:00:00.000Z,15.38
2022-03-09T15:00:00.000Z,15.05
2022-03-09T16:00:00.000Z,14.77
2022-03-09T17:00:00.000Z,14.68
2022-03-09T18:00:00.000Z,14.48
2022-03-09T19:00:00.000Z,14.33
2022-03-09T20:00:00.000Z,14.16
2022-03-09T21:00:00.000Z,13.92
2022-03-09T22:00:00.000Z,13.61
2022-03-09T23:00:00.000Z,13.10
2022-03-10T00:00:00.000Z,12.97
2022-03-10T01:00:00.000Z,12.92
2022-03-10T02:00:00.000Z,13.01
2022-03-10T03:00:00.000Z,12.95
2022-03-10T04:00:00.000Z,13.04
2022-03-10T05:00:00.000Z,14.08
2022-03-10T06:00:00.000Z,14.60
2022-03-10T07:00:00.000Z,14.34
2022-03-10T08:00:00.000Z,14.58
2022-03-10T09:00:00.000Z,14.80
2022-03-10T10:00:00.000Z,14.85
2022-03-10T11:00:00.000Z,14.89
2022-03-10T12:00:00.000Z,14.98
2022-03-10T13:00:00.000Z,14.82
2022-03-10T14:00:00.000Z,14.76
2022-03-10T15:00:00.000Z,14.65
2022-03-10T16:00:00.000Z,14.53
2022-03-10T17:00:00.000Z,14.47
2022-03-10T18:00:00.000Z,14.51
2022-03-10T19:00:00.000Z,14.60
2022-03-10T20:00:00.000Z,14.63
2022-03-10T21:00:00.000Z,14.60
2022-03-10T22:00:00.000Z,14.44
2022-03-10T23:00:00.000Z,14.51
2022-03-11T00:00:00.000Z,14.57
2022-03-11T01:00:00.000Z,14.56
2022-03-11T02:00:00.000Z,14.60
2022-03-11T03:00:00.000Z,14.51
2022-03-11T04:00:00.000Z,14.56
2022-03-11T05:00:00.000Z,14.70
2022-03-11T06:00:00.000Z,14.80
2022-03-11T07:00:00.000Z,14.94
2022-03-11T08:00:00.000Z,14.99
2022-03-11T09:00:00.000Z,15.09
2022-03-11T10:00:00.000Z,15.12
2022-03-11T11:00:00.000Z,14.42
2022-03-11T12:00:00.000Z,14.22
2022-03-11T13:00:00.000Z,13.98
2022-03-11T14:00:00.000Z,14.44
2022-03-11T15:00:00.000Z,14.96
2022-03-11T16:00:00.000Z,14.95
2022-03-11T17:00:00.000Z,14.94
2022-03-11T18:00:00.000Z,14.93
2022-03-11T19:00:00.000Z,14.92
2022-03-11T20:00:00.000Z,14.80
2022-03-11T21:00:00.000Z,14.73
2022-03-11T22:00:00.000Z,14.60
2022-03-11T23:00:00.000Z,14.11
2022-03-12T00:00:00.000Z,14.03
2022-03-12T01:00:00.000Z,14.03
2022-03-12T02:00:00.000Z,14.03
2022-03-12T03:00:00.000Z,14.02
2022-03-12T04:00:00.000Z,14.08
2022-03-12T05:00:00.000Z,14.07
2022-03-12T06:00:00.000Z,14.22
2022-03-12T07:00:00.000Z,14.29
2022-03-12T08:00:00.000Z,14.23
2022-03-12T09:00:00.000Z,14.23
2022-03-12T10:00:00.000Z,14.23
2022-03-12T11:00:00.000Z,14.07
2022-03-12T12:00:00.000Z,13.94
2022-03-12T13:00:00.000Z,13.85
2022-03-12T14:00:00.000Z,13.80
2022-03-12T15:00:00.000Z,13.88
2022-03-12T16:00:00.000Z,13.93
2022-03-12T17:00:00.000Z,14.09
2022-03-12T18:00:00.000Z,14.14
2022-03-12T19:00:00.000Z,14.24
2022-03-12T20:00:00.000Z,14.24
2022-03-12T21:00:00.000Z,14.24
2022-03-12T22:00:00.000Z,14.27
2022-03-12T23:00:00.000Z,15.07
2022-03-13T00:00:00.000Z,15.19
2022-03-13T01:00:00.000Z,15.29
2022-03-13T02:00:00.000Z,15.38
2022-03-13T03:00:00.000Z,15.40
2022-03-13T04:00:00.000Z,15.50
2022-03-13T05:00:00.000Z,15.90
2022-03-13T06:00:00.000Z,16.53
2022-03-13T07:00:00.000Z,16.57
2022-03-13T08:00:00.000Z,16.57
2022-03-13T09:00:00.000Z,16.57
2022-03-13T10:00:00.000Z,16.48
2022-03-13T11:00:00.000Z,15.74
2022-03-13T12:00:00.000Z,14.26
2022-03-13T13:00:00.000Z,14.86
2022-03-13T14:00:00.000Z,15.21
2022-03-13T15:00:00.000Z,15.16
2022-03-13T16:00:00.000Z,15.25
2022-03-13T17:00:00.000Z,15.35
2022-03-13T18:00:00.000Z,15.41
2022-03-13T19:00:00.000Z,15.47
2022-03-13T20:00:00.000Z,15.48
2022-03-13T21:00:00.000Z,15.50
2022-03-13T22:00:00.000Z,15.43
2022-03-13T23:00:00.000Z,16.02
2022-03-14T00:00:00.000Z,16.28
2022-03-14T01:00:00.000Z,16.95
2022-03-14T02:00:00.000Z,17.17
2022-03-14T03:00:00.000Z,17.41
2022-03-14T04:00:00.000Z,16.44
2022-03-14T05:00:00.000Z,16.50
2022-03-14T06:00:00.000Z,17.29
2022-03-14T07:00:00.000Z,18.27
2022-03-14T08:00:00.000Z,18.34
2022-03-14T09:00:00.000Z,17.95
2022-03-14T10:00:00.000Z,17.97
2022-03-14T11:00:00.000Z,17.49
2022-03-14T12:00:00.000Z,16.96
2022-03-14T13:00:00.000Z,17.35
2022-03-14T14:00:00.000Z,18.80
2022-03-14T15:00:00.000Z,18.55
2022-03-14T16:00:00.000Z,18.79
2022-03-14T17:00:00.000Z,18.92
2022-03-14T18:00:00.000Z,18.34
2022-03-14T19:00:00.000Z,18.62
2022-03-14T20:00:00.000Z,19.46
2022-03-14T21:00:00.000Z,17.84
2022-03-14T22:00:00.000Z,17.59
2022-03-14T23:00:00.000Z,15.71
2022-03-15T00:00:00.000Z,14.98
2022-03-15T01:00:00.000Z,14.94
2022-03-15T02:00:00.000Z,14.95
2022-03-15T03:00:00.000Z,15.56
2022-03-15T04:00:00.000Z,15.72
2022-03-15T05:00:00.000Z,17.79
2022-03-15T06:00:00.000Z,17.75
2022-03-15T07:00:00.000Z,19.29
2022-03-15T08:00:00.000Z,18.77
2022-03-15T09:00:00.000Z,17.81
2022-03-15T10:00:00.000Z,17.24
2022-03-15T11:00:00.000Z,16.36
2022-03-15T12:00:00.000Z,15.98
2022-03-15T13:00:00.000Z,15.91
2022-03-15T14:00:00.000Z,15.99
2022-03-15T15:00:00.000Z,15.99
2022-03-15T16:00:00.000Z,15.99
2022-03-15T17:00:00.000Z,16.58
2022-03-15T18:00:00.000Z,17.44
2022-03-15T19:00:00.000Z,16.93
2022-03-15T20:00:00.000Z,17.47
2022-03-15T21:00:00.000Z,17.14
2022-03-15T22:00:00.000Z,16.71
2022-03-15T23:00:00.000Z,15.95
2022-03-16T00:00:00.000Z,15.04
2022-03-16T01:00:00.000Z,14.91
2022-03-16T02:00:00.000Z,14.53
2022-03-16T03:00:00.000Z,14.25
2022-03-16T04:00:00.000Z,13.99
2022-03-16T05:00:00.000Z,14.08
2022-03-16T06:00:00.000Z,14.56
2022-03-16T07:00:00.000Z,14.33
2022-03-16T08:00:00.000Z,14.29
2022-03-16T09:00:00.000Z,14.13
2022-03-16T10:00:00.000Z,13.99
2022-03-16T11:00:00.000Z,13.97
2022-03-16T12:00:00.000Z,13.99
2022-03-16T13:00:00.000Z,14.08
2022-03-16T14:00:00.000Z,14.27
2022-03-16T15:00:00.000Z,14.52
2022-03-16T16:00:00.000Z,14.51
2022-03-16T17:00:00.000Z,14.26
2022-03-16T18:00:00.000Z,14.19
2022-03-16T19:00:00.000Z,14.14
2022-03-16T20:00:00.000Z,14.34
2022-03-16T21:00:00.000Z,14.26
2022-03-16T22:00:00.000Z,14.01
2022-03-16T23:00:00.000Z,13.23
2022-03-17T00:00:00.000Z,13.22
2022-03-17T01:00:00.000Z,13.26
2022-03-17T02:00:00.000Z,13.32
2022-03-17T03:00:00.000Z,13.42
2022-03-17T04:00:00.000Z,13.46
2022-03-17T05:00:00.000Z,13.71
2022-03-17T06:00:00.000Z,14.38
2022-03-17T07:00:00.000Z,14.94
2022-03-17T08:00:00.000Z,14.54
2022-03-17T09:00:00.000Z,13.85
2022-03-17T10:00:00.000Z,13.61
2022-03-17T11:00:00.000Z,13.44
2022-03-17T12:00:00.000Z,13.40
2022-03-17T13:00:00.000Z,13.35
2022-03-17T14:00:00.000Z,13.30
2022-03-17T15:00:00.000Z,13.18
2022-03-17T16:00:00.000Z,13.17
2022-03-17T17:00:00.000Z,13.26
2022-03-17T18:00:00.000Z,13.31
2022-03-17T19:00:00.000Z,13.11
2022-03-17T20:00:00.000Z,13.06
2022-03-17T21:00:00.000Z,12.74
2022-03-17T22:00:00.000Z,11.23
2022-03-17T23:00:00.000Z,11.07
2022-03-18T00:00:00.000Z,10.99
2022-03-18T01:00:00.000Z,10.74
2022-03-18T02:00:00.000Z,11.71
2022-03-18T03:00:00.000Z,12.87
2022-03-18T04:00:00.000Z,13.22
2022-03-18T05:00:00.000Z,13.28
2022-03-18T06:00:00.000Z,13.57
2022-03-18T07:00:00.000Z,13.70
2022-03-18T08:00:00.000Z,13.68
2022-03-18T09:00:00.000Z,13.57
2022-03-18T10:00:00.000Z,13.39
2022-03-18T11:00:00.000Z,13.25
2022-03-18T12:00:00.000Z,12.94
2022-03-18T13:00:00.000Z,12.79
2022-03-18T14:00:00.000Z,13.13
2022-03-18T15:00:00.000Z,13.13
2022-03-18T16:00:00.000Z,13.13
2022-03-18T17:00:00.000Z,13.23
2022-03-18T18:00:00.000Z,13.25
2022-03-18T19:00:00.000Z,13.25
2022-03-18T20:00:00.000Z,13.25
2022-03-18T21:00:00.000Z,13.14
2022-03-18T22:00:00.000Z,12.95
2022-03-18T23:00:00.000Z,13.22
2022-03-19T00:00:00.000Z,13.12
2022-03-19T01:00:00.000Z,12.96
2022-03-19T02:00:00.000Z,12.76
2022-03-19T03:00:00.000Z,12.55
2022-03-19T04:00:00.000Z,12.14
2022-03-19T05:00:00.000Z,11.02
2022-03-19T06:00:00.000Z,11.91
2022-03-19T07:00:00.000Z,12.52
2022-03-19T08:00:00.000Z,12.10
2022-03-19T09:00:00.000Z,12.08
2022-03-19T10:00:00.000Z,12.08
2022-03-19T11:00:00.000Z,12.08
2022-03-19T12:00:00.000Z,9.76
2022-03-19T13:00:00.000Z,8.84
2022-03-19T14:00:00.000Z,12.04
2022-03-19T15:00:00.000Z,12.77
2022-03-19T16:00:00.000Z,12.82
2022-03-19T17:00:00.000Z,13.01
2022-03-19T18:00:00.000Z,12.96
2022-03-19T19:00:00.000Z,12.73
2022-03-19T20:00:00.000Z,13.14
2022-03-19T21:00:00.000Z,13.20
2022-03-19T22:00:00.000Z,12.96
2022-03-19T23:00:00.000Z,13.14
2022-03-20T00:00:00.000Z,13.19
2022-03-20T01:00:00.000Z,13.30
2022-03-20T02:00:00.000Z,13.70
2022-03-20T03:00:00.000Z,14.60
2022-03-20T04:00:00.000Z,14.49
2022-03-20T05:00:00.000Z,14.22
2022-03-20T06:00:00.000Z,14.81
2022-03-20T07:00:00.000Z,12.86
2022-03-20T08:00:00.000Z,13.00
2022-03-20T09:00:00.000Z,13.13
2022-03-20T10:00:00.000Z,13.51
2022-03-20T11:00:00.000Z,13.35
2022-03-20T12:00:00.000Z,11.79
2022-03-20T13:00:00.000Z,11.77
2022-03-20T14:00:00.000Z,11.21
2022-03-20T15:00:00.000Z,13.67
2022-03-20T16:00:00.000Z,14.67
2022-03-20T17:00:00.000Z,14.96
2022-03-20T18:00:00.000Z,15.09
2022-03-20T19:00:00.000Z,14.95
2022-03-20T20:00:00.000Z,15.03
2022-03-20T21:00:00.000Z,14.92
2022-03-20T22:00:00.000Z,14.60
2022-03-20T23:00:00.000Z,13.96
2022-03-21T00:00:00.000Z,13.93
2022-03-21T01:00:00.000Z,13.95
2022-03-21T02:00:00.000Z,13.90
2022-03-21T03:00:00.000Z,14.25
2022-03-21T04:00:00.000Z,14.60
2022-03-21T05:00:00.000Z,14.98
2022-03-21T06:00:00.000Z,16.29
2022-03-21T07:00:00.000Z,18.30
2022-03-21T08:00:00.000Z,19.56
2022-03-21T09:00:00.000Z,19.55
2022-03-21T10:00:00.000Z,19.52
2022-03-21T11:00:00.000Z,19.51
2022-03-21T12:00:00.000Z,18.20
2022-03-21T13:00:00.000Z,18.63
2022-03-21T14:00:00.000Z,19.41
2022-03-21T15:00:00.000Z,19.62
2022-03-21T16:00:00.000Z,19.98
2022-03-21T17:00:00.000Z,22.63
2022-03-21T18:00:00.000Z,19.69
2022-03-21T19:00:00.000Z,19.54
2022-03-21T20:00:00.000Z,21.15
2022-03-21T21:00:00.000Z,19.52
2022-03-21T22:00:00.000Z,16.05
2022-03-21T23:00:00.000Z,20.97
2022-03-22T00:00:00.000Z,17.93
2022-03-22T01:00:00.000Z,19.34
2022-03-22T02:00:00.000Z,21.72
2022-03-22T03:00:00.000Z,25.09
2022-03-22T04:00:00.000Z,21.85
2022-03-22T05:00:00.000Z,30.08
2022-03-22T06:00:00.000Z,58.12
2022-03-22T07:00:00.000Z,29.33
2022-03-22T08:00:00.000Z,37.82
2022-03-22T09:00:00.000Z,46.29
2022-03-22T10:00:00.000Z,38.09
2022-03-22T11:00:00.000Z,17.53
2022-03-22T12:00:00.000Z,15.71
2022-03-22T13:00:00.000Z,18.06
2022-03-22T14:00:00.000Z,17.54
2022-03-22T15:00:00.000Z,14.94
2022-03-22T16:00:00.000Z,13.99
2022-03-22T17:00:00.000Z,13.98
2022-03-22T18:00:00.000Z,13.97
2022-03-22T19:00:00.000Z,13.97
2022-03-22T20:00:00.000Z,13.97
2022-03-22T21:00:00.000Z,13.90
2022-03-22T22:00:00.000Z,13.76
2022-03-22T23:00:00.000Z,14.36
2022-03-23T00:00:00.000Z,14.25
2022-03-23T01:00:00.000Z,14.18
2022-03-23T02:00:00.000Z,14.17
2022-03-23T03:00:00.000Z,14.17
2022-03-23T04:00:00.000Z,14.17
2022-03-23T05:00:00.000Z,14.22
2022-03-23T06:00:00.000Z,14.59
2022-03-23T07:00:00.000Z,14.76
2022-03-23T08:00:00.000Z,14.61
2022-03-23T09:00:00.000Z,14.46
2022-03-23T10:00:00.000Z,14.29
2022-03-23T11:00:00.000Z,14.16
2022-03-23T12:00:00.000Z,14.11
2022-03-23T13:00:00.000Z,14.05
2022-03-23T14:00:00.000Z,13.92
2022-03-23T15:00:00.000Z,13.93
2022-03-23T16:00:00.000Z,13.88
2022-03-23T17:00:00.000Z,13.91
2022-03-23T18:00:00.000Z,13.76
2022-03-23T19:00:00.000Z,13.70
2022-03-23T20:00:00.000Z,13.56
2022-03-23T21:00:00.000Z,13.12
2022-03-23T22:00:00.000Z,12.83
2022-03-23T23:00:00.000Z,13.22
2022-03-24T00:00:00.000Z,12.36
2022-03-24T01:00:00.000Z,12.95
2022-03-24T02:00:00.000Z,13.60
2022-03-24T03:00:00.000Z,13.98
2022-03-24T04:00:00.000Z,14.05
2022-03-24T05:00:00.000Z,14.08
2022-03-24T06:00:00.000Z,14.28
2022-03-24T07:00:00.000Z,14.45
2022-03-24T08:00:00.000Z,14.50
2022-03-24T09:00:00.000Z,14.43
2022-03-24T10:00:00.000Z,14.71
2022-03-24T11:00:00.000Z,14.69
2022-03-24T12:00:00.000Z,14.70
2022-03-24T13:00:00.000Z,14.57
2022-03-24T14:00:00.000Z,14.57
2022-03-24T15:00:00.000Z,14.57
2022-03-24T16:00:00.000Z,14.38
2022-03-24T17:00:00.000Z,14.34
2022-03-24T18:00:00.000Z,14.28
2022-03-24T19:00:00.000Z,14.21
2022-03-24T20:00:00.000Z,14.19
2022-03-24T21:00:00.000Z,14.08
2022-03-24T22:00:00.000Z,14.00
2022-03-24T23:00:00.000Z,13.54
2022-03-25T00:00:00.000Z,13.49
2022-03-25T01:00:00.000Z,13.45
2022-03-25T02:00:00.000Z,13.47
2022-03-25T03:00:00.000Z,13.48
2022-03-25T04:00:00.000Z,13.40
2022-03-25T05:00:00.000Z,13.61
2022-03-25T06:00:00.000Z,13.72
2022-03-25T07:00:00.000Z,13.77
2022-03-25T08:00:00.000Z,13.76
2022-03-25T09:00:00.000Z,13.73
2022-03-25T10:00:00.000Z,13.69
2022-03-25T11:00:00.000Z,13.67
2022-03-25T12:00:00.000Z,13.66
2022-03-25T13:00:00.000Z,13.67
2022-03-25T14:00:00.000Z,13.53
2022-03-25T15:00:00.000Z,13.33
2022-03-25T16:00:00.000Z,13.64
2022-03-25T17:00:00.000Z,13.80
2022-03-25T18:00:00.000Z,13.70
2022-03-25T19:00:00.000Z,12.96
2022-03-25T20:00:00.000Z,11.10
2022-03-25T21:00:00.000Z,8.85
2022-03-25T22:00:00.000Z,7.62
2022-03-25T23:00:00.000Z,8.16
2022-03-26T00:00:00.000Z,7.14
2022-03-26T01:00:00.000Z,5.22
2022-03-26T02:00:00.000Z,5.12
2022-03-26T03:00:00.000Z,7.03
2022-03-26T04:00:00.000Z,6.80
2022-03-26T05:00:00.000Z,7.90
2022-03-26T06:00:00.000Z,9.50
2022-03-26T07:00:00.000Z,10.40
2022-03-26T08:00:00.000Z,10.50
2022-03-26T09:00:00.000Z,11.14
2022-03-26T10:00:00.000Z,11.14
2022-03-26T11:00:00.000Z,11.14
2022-03-26T12:00:00.000Z,11.38
2022-03-26T13:00:00.000Z,12.47
2022-03-26T14:00:00.000Z,13.98
2022-03-26T15:00:00.000Z,15.50
2022-03-26T16:00:00.000Z,21.74
2022-03-26T17:00:00.000Z,28.55
2022-03-26T18:00:00.000Z,32.58
2022-03-26T19:00:00.000Z,28.04
2022-03-26T20:00:00.000Z,20.11
2022-03-26T21:00:00.000Z,15.29
2022-03-26T22:00:00.000Z,14.75
2022-03-26T23:00:00.000Z,15.28
2022-03-27T00:00:00.000Z,14.84
2022-03-27T01:00:00.000Z,14.55
2022-03-27T02:00:00.000Z,14.36
2022-03-27T03:00:00.000Z,14.04
2022-03-27T04:00:00.000Z,13.64
2022-03-27T05:00:00.000Z,13.51
2022-03-27T06:00:00.000Z,13.65
2022-03-27T07:00:00.000Z,13.74
2022-03-27T08:00:00.000Z,13.60
2022-03-27T09:00:00.000Z,13.57
2022-03-27T10:00:00.000Z,13.56
2022-03-27T11:00:00.000Z,13.77
2022-03-27T12:00:00.000Z,13.75
2022-03-27T13:00:00.000Z,13.66
2022-03-27T14:00:00.000Z,13.81
2022-03-27T15:00:00.000Z,13.87
2022-03-27T16:00:00.000Z,14.03
2022-03-27T17:00:00.000Z,14.15
2022-03-27T18:00:00.000Z,14.24
2022-03-27T19:00:00.000Z,14.18
2022-03-27T20:00:00.000Z,13.13
2022-03-27T21:00:00.000Z,11.60
2022-03-27T22:00:00.000Z,9.22
2022-03-27T23:00:00.000Z,8.05
2022-03-28T00:00:00.000Z,7.83
2022-03-28T01:00:00.000Z,8.81
2022-03-28T02:00:00.000Z,10.46
2022-03-28T03:00:00.000Z,12.03
2022-03-28T04:00:00.000Z,14.03
2022-03-28T05:00:00.000Z,14.31
2022-03-28T06:00:00.000Z,14.63
2022-03-28T07:00:00.000Z,14.91
2022-03-28T08:00:00.000Z,14.72
2022-03-28T09:00:00.000Z,14.35
2022-03-28T10:00:00.000Z,14.20
2022-03-28T11:00:00.000Z,14.09
2022-03-28T12:00:00.000Z,14.06
2022-03-28T13:00:00.000Z,14.04
2022-03-28T14:00:00.000Z,14.48
2022-03-28T15:00:00.000Z,14.79
2022-03-28T16:00:00.000Z,14.66
2022-03-28T17:00:00.000Z,14.82
2022-03-28T18:00:00.000Z,14.96
2022-03-28T19:00:00.000Z,15.38
2022-03-28T20:00:00.000Z,20.90
2022-03-28T21:00:00.000Z,16.52
2022-03-28T22:00:00.000Z,23.95
2022-03-28T23:00:00.000Z,23.98
2022-03-29T00:00:00.000Z,23.93
2022-03-29T01:00:00.000Z,24.69
2022-03-29T02:00:00.000Z,41.31
2022-03-29T03:00:00.000Z,32.46
2022-03-29T04:00:00.000Z,34.77
2022-03-29T05:00:00.000Z,44.51
2022-03-29T06:00:00.000Z,49.30
2022-03-29T07:00:00.000Z,59.29
2022-03-29T08:00:00.000Z,60.11
2022-03-29T09:00:00.000Z,58.94
2022-03-29T10:00:00.000Z,50.37
2022-03-29T11:00:00.000Z,29.70
2022-03-29T12:00:00.000Z,27.05
2022-03-29T13:00:00.000Z,26.63
2022-03-29T14:00:00.000Z,25.06
2022-03-29T15:00:00.000Z,25.08
2022-03-29T16:00:00.000Z,31.50
2022-03-29T17:00:00.000Z,29.79
2022-03-29T18:00:00.000Z,28.06
2022-03-29T19:00:00.000Z,26.92
2022-03-29T20:00:00.000Z,23.69
2022-03-29T21:00:00.000Z,22.44
2022-03-29T22:00:00.000Z,27.78
2022-03-29T23:00:00.000Z,27.86
2022-03-30T00:00:00.000Z,26.99
2022-03-30T01:00:00.000Z,27.15
2022-03-30T02:00:00.000Z,28.68
2022-03-30T03:00:00.000Z,24.40
2022-03-30T04:00:00.000Z,23.23
2022-03-30T05:00:00.000Z,28.91
2022-03-30T06:00:00.000Z,38.80
2022-03-30T07:00:00.000Z,44.98
2022-03-30T08:00:00.000Z,45.49
2022-03-30T09:00:00.000Z,40.01
2022-03-30T10:00:00.000Z,33.31
2022-03-30T11:00:00.000Z,34.41
2022-03-30T12:00:00.000Z,31.43
2022-03-30T13:00:00.000Z,27.87
2022-03-30T14:00:00.000Z,30.54
2022-03-30T15:00:00.000Z,31.22
2022-03-30T16:00:00.000Z,52.50
2022-03-30T17:00:00.000Z,52.74
2022-03-30T18:00:00.000Z,50.23
2022-03-30T19:00:00.000Z,45.45
2022-03-30T20:00:00.000Z,39.43
2022-03-30T21:00:00.000Z,39.45
2022-03-30T22:00:00.000Z,48.28
2022-03-30T23:00:00.000Z,54.15
2022-03-31T00:00:00.000Z,55.29
2022-03-31T01:00:00.000Z,56.13
2022-03-31T02:00:00.000Z,57.07
2022-03-31T03:00:00.000Z,30.05
2022-03-31T04:00:00.000Z,33.72
2022-03-31T05:00:00.000Z,62.11
2022-03-31T06:00:00.000Z,74.59
2022-03-31T07:00:00.000Z,89.18
2022-03-31T08:00:00.000Z,99.79
2022-03-31T09:00:00.000Z,96.43
2022-03-31T10:00:00.000Z,93.60
2022-03-31T11:00:00.000Z,53.37
2022-03-31T12:00:00.000Z,35.79
2022-03-31T13:00:00.000Z,33.12
2022-03-31T14:00:00.000Z,31.02
2022-03-31T15:00:00.000Z,30.83
2022-03-31T16:00:00.000Z,31.62
2022-03-31T17:00:00.000Z,35.66
2022-03-31T18:00:00.000Z,52.50
2022-03-31T19:00:00.000Z,111.21
2022-03-31T20:00:00.000Z,99.57
2022-03-31T21:00:00.000Z,94.59
2022-03-31T22:00:00.000Z,69.71
2022-03-31T23:00:00.000Z,66.76
2022-04-01T00:00:00.000Z,66.61
2022-04-01T01:00:00.000Z,67.73
2022-04-01T02:00:00.000Z,58.48
2022-04-01T03:00:00.000Z,54.72
2022-04-01T04:00:00.000Z,68.55
2022-04-01T05:00:00.000Z,200.03
2022-04-01T06:00:00.000Z,208.47
2022-04-01T07:00:00.000Z,200.35
2022-04-01T08:00:00.000Z,187.31
2022-04-01T09:00:00.000Z,117.47
2022-04-01T10:00:00.000Z,66.70
2022-04-01T11:00:00.000Z,60.71
2022-04-01T12:00:00.000Z,59.74
2022-04-01T13:00:00.000Z,47.55
2022-04-01T14:00:00.000Z,40.00
2022-04-01T15:00:00.000Z,37.24
2022-04-01T16:00:00.000Z,39.59
2022-04-01T17:00:00.000Z,38.82
2022-04-01T18:00:00.000Z,40.03
2022-04-01T19:00:00.000Z,39.97
2022-04-01T20:00:00.000Z,40.81
2022-04-01T21:00:00.000Z,29.98
2022-04-01T22:00:00.000Z,55.31
2022-04-01T23:00:00.000Z,45.03
2022-04-02T00:00:00.000Z,37.05
2022-04-02T01:00:00.000Z,25.36
2022-04-02T02:00:00.000Z,20.60
2022-04-02T03:00:00.000Z,19.84
2022-04-02T04:00:00.000Z,19.74
2022-04-02T05:00:00.000Z,19.72
2022-04-02T06:00:00.000Z,20.34
2022-04-02T07:00:00.000Z,21.34
2022-04-02T08:00:00.000Z,22.30
2022-04-02T09:00:00.000Z,22.23
2022-04-02T10:00:00.000Z,21.92
2022-04-02T11:00:00.000Z,21.95
2022-04-02T12:00:00.000Z,21.98
2022-04-02T13:00:00.000Z,21.95
2022-04-02T14:00:00.000Z,22.68
2022-04-02T15:00:00.000Z,25.08
2022-04-02T16:00:00.000Z,30.06
2022-04-02T17:00:00.000Z,35.85
2022-04-02T18:00:00.000Z,37.11
2022-04-02T19:00:00.000Z,36.95
2022-04-02T20:00:00.000Z,35.47
2022-04-02T21:00:00.000Z,28.36
2022-04-02T22:00:00.000Z,34.87
2022-04-02T23:00:00.000Z,34.35
2022-04-03T00:00:00.000Z,35.25
2022-04-03T01:00:00.000Z,35.55
2022-04-03T02:00:00.000Z,31.03
2022-04-03T03:00:00.000Z,36.13
2022-04-03T04:00:00.000Z,39.26
2022-04-03T05:00:00.000Z,40.97
2022-04-03T06:00:00.000Z,48.32
2022-04-03T07:00:00.000Z,58.05
2022-04-03T08:00:00.000Z,59.90
2022-04-03T09:00:00.000Z,59.97
2022-04-03T10:00:00.000Z,59.96
2022-04-03T11:00:00.000Z,55.01
2022-04-03T12:00:00.000Z,51.71
2022-04-03T13:00:00.000Z,48.71
2022-04-03T14:00:00.000Z,48.55
2022-04-03T15:00:00.000Z,58.93
2022-04-03T16:00:00.000Z,68.66
2022-04-03T17:00:00.000Z,78.04
2022-04-03T18:00:00.000Z,69.95
2022-04-03T19:00:00.000Z,64.60
2022-04-03T20:00:00.000Z,57.33
2022-04-03T21:00:00.000Z,46.76
2022-04-03T22:00:00.000Z,49.96
2022-04-03T23:00:00.000Z,48.40
2022-04-04T00:00:00.000Z,46.93
2022-04-04T01:00:00.000Z,45.28
2022-04-04T02:00:00.000Z,42.52
2022-04-04T03:00:00.000Z,58.05
2022-04-04T04:00:00.000Z,70.62
2022-04-04T05:00:00.000Z,66.66
2022-04-04T06:00:00.000Z,84.14
2022-04-04T07:00:00.000Z,87.60
2022-04-04T08:00:00.000Z,76.37
2022-04-04T09:00:00.000Z,69.95
2022-04-04T10:00:00.000Z,64.15
2022-04-04T11:00:00.000Z,59.53
2022-04-04T12:00:00.000Z,56.58
2022-04-04T13:00:00.000Z,48.38
2022-04-04T14:00:00.000Z,48.40
2022-04-04T15:00:00.000Z,68.62
2022-04-04T16:00:00.000Z,69.93
2022-04-04T17:00:00.000Z,74.86
2022-04-04T18:00:00.000Z,72.74
2022-04-04T19:00:00.000Z,63.43
2022-04-04T20:00:00.000Z,55.89
2022-04-04T21:00:00.000Z,48.31
2022-04-04T22:00:00.000Z,27.07
2022-04-04T23:00:00.000Z,27.70
2022-04-05T00:00:00.000Z,27.70
2022-04-05T01:00:00.000Z,27.70
2022-04-05T02:00:00.000Z,27.05
2022-04-05T03:00:00.000Z,30.90
2022-04-05T04:00:00.000Z,39.73
2022-04-05T05:00:00.000Z,40.15
2022-04-05T06:00:00.000Z,40.40
2022-04-05T07:00:00.000Z,39.95
2022-04-05T08:00:00.000Z,35.09
2022-04-05T09:00:00.000Z,31.52
2022-04-05T10:00:00.000Z,30.08
2022-04-05T11:00:00.000Z,28.87
2022-04-05T12:00:00.000Z,27.62
2022-04-05T13:00:00.000Z,28.96
2022-04-05T14:00:00.000Z,29.00
2022-04-05T15:00:00.000Z,28.49
2022-04-05T16:00:00.000Z,29.37
2022-04-05T17:00:00.000Z,30.00
2022-04-05T18:00:00.000Z,32.09
2022-04-05T19:00:00.000Z,30.99
2022-04-05T20:00:00.000Z,30.86
2022-04-05T21:00:00.000Z,28.61
2022-04-05T22:00:00.000Z,26.50
2022-04-05T23:00:00.000Z,24.24
2022-04-06T00:00:00.000Z,23.61
2022-04-06T01:00:00.000Z,24.01
2022-04-06T02:00:00.000Z,25.42
2022-04-06T03:00:00.000Z,23.78
2022-04-06T04:00:00.000Z,23.33
2022-04-06T05:00:00.000Z,27.43
2022-04-06T06:00:00.000Z,29.09
2022-04-06T07:00:00.000Z,31.54
2022-04-06T08:00:00.000Z,31.80
2022-04-06T09:00:00.000Z,29.05
2022-04-06T10:00:00.000Z,27.87
2022-04-06T11:00:00.000Z,29.03
2022-04-06T12:00:00.000Z,31.97
2022-04-06T13:00:00.000Z,34.96
2022-04-06T14:00:00.000Z,40.17
2022-04-06T15:00:00.000Z,44.84
2022-04-06T16:00:00.000Z,48.06
2022-04-06T17:00:00.000Z,49.90
2022-04-06T18:00:00.000Z,50.69
2022-04-06T19:00:00.000Z,51.21
2022-04-06T20:00:00.000Z,51.93
2022-04-06T21:00:00.000Z,52.37
2022-04-06T22:00:00.000Z,61.38
2022-04-06T23:00:00.000Z,60.89
2022-04-07T00:00:00.000Z,59.64
2022-04-07T01:00:00.000Z,61.77
2022-04-07T02:00:00.000Z,59.03
2022-04-07T03:00:00.000Z,55.84
2022-04-07T04:00:00.000Z,55.88
2022-04-07T05:00:00.000Z,83.41
2022-04-07T06:00:00.000Z,144.37
2022-04-07T07:00:00.000Z,95.30
2022-04-07T08:00:00.000Z,79.92
2022-04-07T09:00:00.000Z,69.91
2022-04-07T10:00:00.000Z,68.28
2022-04-07T11:00:00.000Z,59.95
2022-04-07T12:00:00.000Z,59.96
2022-04-07T13:00:00.000Z,55.83
2022-04-07T14:00:00.000Z,54.87
2022-04-07T15:00:00.000Z,54.34
2022-04-07T16:00:00.000Z,55.38
2022-04-07T17:00:00.000Z,73.24
2022-04-07T18:00:00.000Z,59.93
2022-04-07T19:00:00.000Z,54.68
2022-04-07T20:00:00.000Z,45.08
2022-04-07T21:00:00.000Z,27.35
2022-04-07T22:00:00.000Z,15.43
2022-04-07T23:00:00.000Z,15.42
2022-04-08T00:00:00.000Z,15.51
2022-04-08T01:00:00.000Z,15.66
2022-04-08T02:00:00.000Z,15.85
2022-04-08T03:00:00.000Z,19.85
2022-04-08T04:00:00.000Z,25.17
2022-04-08T05:00:00.000Z,25.24
2022-04-08T06:00:00.000Z,28.37
2022-04-08T07:00:00.000Z,28.55
2022-04-08T08:00:00.000Z,26.05
2022-04-08T09:00:00.000Z,21.87
2022-04-08T10:00:00.000Z,20.94
2022-04-08T11:00:00.000Z,20.44
2022-04-08T12:00:00.000Z,20.36
2022-04-08T13:00:00.000Z,18.92
2022-04-08T14:00:00.000Z,20.06
2022-04-08T15:00:00.000Z,20.58
2022-04-08T16:00:00.000Z,25.69
2022-04-08T17:00:00.000Z,26.95
2022-04-08T18:00:00.000Z,26.06
2022-04-08T19:00:00.000Z,25.36
2022-04-08T20:00:00.000Z,22.93
2022-04-08T21:00:00.000Z,20.64
2022-04-08T22:00:00.000Z,20.57
2022-04-08T23:00:00.000Z,20.39
2022-04-09T00:00:00.000Z,20.36
2022-04-09T01:00:00.000Z,20.70
2022-04-09T02:00:00.000Z,20.98
2022-04-09T03:00:00.000Z,22.31
2022-04-09T04:00:00.000Z,23.92
2022-04-09T05:00:00.000Z,26.39
2022-04-09T06:00:00.000Z,33.80
2022-04-09T07:00:00.000Z,36.11
2022-04-09T08:00:00.000Z,25.36
2022-04-09T09:00:00.000Z,21.80
2022-04-09T10:00:00.000Z,22.20
2022-04-09T11:00:00.000Z,21.73
2022-04-09T12:00:00.000Z,20.69
2022-04-09T13:00:00.000Z,20.72
2022-04-09T14:00:00.000Z,19.01
2022-04-09T15:00:00.000Z,22.44
2022-04-09T16:00:00.000Z,33.75
2022-04-09T17:00:00.000Z,33.78
2022-04-09T18:00:00.000Z,33.78
2022-04-09T19:00:00.000Z,33.78
2022-04-09T20:00:00.000Z,27.55
2022-04-09T21:00:00.000Z,23.58
2022-04-09T22:00:00.000Z,25.49
2022-04-09T23:00:00.000Z,24.57
2022-04-10T00:00:00.000Z,24.00
2022-04-10T01:00:00.000Z,23.17
2022-04-10T02:00:00.000Z,22.23
2022-04-10T03:00:00.000Z,21.31
2022-04-10T04:00:00.000Z,20.47
2022-04-10T05:00:00.000Z,16.36
2022-04-10T06:00:00.000Z,14.71
2022-04-10T07:00:00.000Z,14.49
2022-04-10T08:00:00.000Z,12.59
2022-04-10T09:00:00.000Z,13.00
2022-04-10T10:00:00.000Z,8.75
2022-04-10T11:00:00.000Z,8.44
2022-04-10T12:00:00.000Z,6.10
2022-04-10T13:00:00.000Z,6.12
2022-04-10T14:00:00.000Z,8.52
2022-04-10T15:00:00.000Z,14.05
2022-04-10T16:00:00.000Z,14.22
2022-04-10T17:00:00.000Z,14.76
2022-04-10T18:00:00.000Z,15.42
2022-04-10T19:00:00.000Z,15.47
2022-04-10T20:00:00.000Z,14.62
2022-04-10T21:00:00.000Z,12.96
2022-04-10T22:00:00.000Z,14.23
2022-04-10T23:00:00.000Z,14.01
2022-04-11T00:00:00.000Z,13.93
2022-04-11T01:00:00.000Z,14.03
2022-04-11T02:00:00.000Z,14.24
2022-04-11T03:00:00.000Z,14.90
2022-04-11T04:00:00.000Z,23.19
2022-04-11T05:00:00.000Z,23.80
2022-04-11T06:00:00.000Z,25.49
2022-04-11T07:00:00.000Z,27.32
2022-04-11T08:00:00.000Z,27.62
2022-04-11T09:00:00.000Z,27.30
2022-04-11T10:00:00.000Z,27.71
2022-04-11T11:00:00.000Z,27.70
2022-04-11T12:00:00.000Z,27.94
2022-04-11T13:00:00.000Z,27.78
2022-04-11T14:00:00.000Z,27.89
2022-04-11T15:00:00.000Z,28.25
2022-04-11T16:00:00.000Z,32.05
2022-04-11T17:00:00.000Z,33.73
2022-04-11T18:00:00.000Z,37.72
2022-04-11T19:00:00.000Z,33.12
2022-04-11T20:00:00.000Z,32.38
2022-04-11T21:00:00.000Z,29.12
2022-04-11T22:00:00.000Z,34.62
2022-04-11T23:00:00.000Z,34.14
2022-04-12T00:00:00.000Z,34.30
2022-04-12T01:00:00.000Z,34.96
2022-04-12T02:00:00.000Z,38.67
2022-04-12T03:00:00.000Z,42.36
2022-04-12T04:00:00.000Z,42.09
2022-04-12T05:00:00.000Z,47.35
2022-04-12T06:00:00.000Z,58.61
2022-04-12T07:00:00.000Z,70.91
2022-04-12T08:00:00.000Z,99.92
2022-04-12T09:00:00.000Z,99.96
2022-04-12T10:00:00.000Z,97.33
2022-04-12T11:00:00.000Z,80.81
2022-04-12T12:00:00.000Z,83.70
2022-04-12T13:00:00.000Z,77.01
2022-04-12T14:00:00.000Z,76.58
2022-04-12T15:00:00.000Z,179.40
2022-04-12T16:00:00.000Z,184.63
2022-04-12T17:00:00.000Z,187.03
2022-04-12T18:00:00.000Z,185.97
2022-04-12T19:00:00.000Z,182.37
2022-04-12T20:00:00.000Z,173.20
2022-04-12T21:00:00.000Z,109.95
2022-04-12T22:00:00.000Z,76.41
2022-04-12T23:00:00.000Z,76.84
2022-04-13T00:00:00.000Z,76.90
2022-04-13T01:00:00.000Z,77.86
2022-04-13T02:00:00.000Z,78.61
2022-04-13T03:00:00.000Z,90.36
2022-04-13T04:00:00.000Z,183.20
2022-04-13T05:00:00.000Z,187.97
2022-04-13T06:00:00.000Z,191.75
2022-04-13T07:00:00.000Z,188.84
2022-04-13T08:00:00.000Z,117.75
2022-04-13T09:00:00.000Z,106.47
2022-04-13T10:00:00.000Z,96.23
2022-04-13T11:00:00.000Z,81.34
2022-04-13T12:00:00.000Z,73.06
2022-04-13T13:00:00.000Z,69.28
2022-04-13T14:00:00.000Z,76.13
2022-04-13T15:00:00.000Z,79.50
2022-04-13T16:00:00.000Z,86.62
2022-04-13T17:00:00.000Z,109.99
2022-04-13T18:00:00.000Z,87.94
2022-04-13T19:00:00.000Z,72.40
2022-04-13T20:00:00.000Z,64.34
2022-04-13T21:00:00.000Z,55.00
2022-04-13T22:00:00.000Z,46.70
2022-04-13T23:00:00.000Z,45.41
2022-04-14T00:00:00.000Z,45.11
2022-04-14T01:00:00.000Z,46.35
2022-04-14T02:00:00.000Z,49.04
2022-04-14T03:00:00.000Z,72.54
2022-04-14T04:00:00.000Z,60.89
2022-04-14T05:00:00.000Z,66.28
2022-04-14T06:00:00.000Z,107.00
2022-04-14T07:00:00.000Z,118.55
2022-04-14T08:00:00.000Z,140.00
2022-04-14T09:00:00.000Z,109.62
2022-04-14T10:00:00.000Z,107.47
2022-04-14T11:00:00.000Z,107.15
2022-04-14T12:00:00.000Z,84.92
2022-04-14T13:00:00.000Z,76.39
2022-04-14T14:00:00.000Z,77.10
2022-04-14T15:00:00.000Z,75.39
2022-04-14T16:00:00.000Z,78.94
2022-04-14T17:00:00.000Z,84.64
2022-04-14T18:00:00.000Z,76.44
2022-04-14T19:00:00.000Z,63.44
2022-04-14T20:00:00.000Z,57.78
2022-04-14T21:00:00.000Z,44.66
2022-04-14T22:00:00.000Z,49.78
2022-04-14T23:00:00.000Z,45.76
2022-04-15T00:00:00.000Z,44.73
2022-04-15T01:00:00.000Z,44.79
2022-04-15T02:00:00.000Z,49.90
2022-04-15T03:00:00.000Z,55.02
2022-04-15T04:00:00.000Z,68.78
2022-04-15T05:00:00.000Z,65.15
2022-04-15T06:00:00.000Z,69.41
2022-04-15T07:00:00.000Z,70.07
2022-04-15T08:00:00.000Z,69.59
2022-04-15T09:00:00.000Z,66.90
2022-04-15T10:00:00.000Z,65.11
2022-04-15T11:00:00.000Z,62.31
2022-04-15T12:00:00.000Z,51.20
2022-04-15T13:00:00.000Z,53.30
2022-04-15T14:00:00.000Z,62.01
2022-04-15T15:00:00.000Z,63.46
2022-04-15T16:00:00.000Z,64.41
2022-04-15T17:00:00.000Z,59.36
2022-04-15T18:00:00.000Z,49.06
2022-04-15T19:00:00.000Z,46.92
2022-04-15T20:00:00.000Z,45.46
2022-04-15T21:00:00.000Z,44.36
2022-04-15T22:00:00.000Z,44.18
2022-04-15T23:00:00.000Z,43.05
2022-04-16T00:00:00.000Z,42.09
2022-04-16T01:00:00.000Z,42.01
2022-04-16T02:00:00.000Z,42.60
2022-04-16T03:00:00.000Z,43.38
2022-04-16T04:00:00.000Z,44.12
2022-04-16T05:00:00.000Z,43.79
2022-04-16T06:00:00.000Z,44.12
2022-04-16T07:00:00.000Z,44.37
2022-04-16T08:00:00.000Z,44.52
2022-04-16T09:00:00.000Z,44.10
2022-04-16T10:00:00.000Z,43.88
2022-04-16T11:00:00.000Z,44.15
2022-04-16T12:00:00.000Z,34.61
2022-04-16T13:00:00.000Z,40.32
2022-04-16T14:00:00.000Z,46.35
2022-04-16T15:00:00.000Z,48.29
2022-04-16T16:00:00.000Z,57.12
2022-04-16T17:00:00.000Z,58.72
2022-04-16T18:00:00.000Z,54.11
2022-04-16T19:00:00.000Z,51.78
2022-04-16T20:00:00.000Z,48.52
2022-04-16T21:00:00.000Z,40.73
2022-04-16T22:00:00.000Z,37.03
2022-04-16T23:00:00.000Z,35.05
2022-04-17T00:00:00.000Z,35.22
2022-04-17T01:00:00.000Z,37.44
2022-04-17T02:00:00.000Z,41.75
2022-04-17T03:00:00.000Z,44.17
2022-04-17T04:00:00.000Z,45.32
2022-04-17T05:00:00.000Z,50.93
2022-04-17T06:00:00.000Z,50.23
2022-04-17T07:00:00.000Z,60.40
2022-04-17T08:00:00.000Z,61.15
2022-04-17T09:00:00.000Z,41.29
2022-04-17T10:00:00.000Z,23.94
2022-04-17T11:00:00.000Z,19.41
2022-04-17T12:00:00.000Z,19.26
2022-04-17T13:00:00.000Z,28.01
2022-04-17T14:00:00.000Z,29.94
2022-04-17T15:00:00.000Z,60.69
2022-04-17T16:00:00.000Z,69.46
2022-04-17T17:00:00.000Z,70.45
2022-04-17T18:00:00.000Z,73.52
2022-04-17T19:00:00.000Z,72.58
2022-04-17T20:00:00.000Z,69.46
2022-04-17T21:00:00.000Z,63.23
2022-04-17T22:00:00.000Z,62.66
2022-04-17T23:00:00.000Z,54.41
2022-04-18T00:00:00.000Z,53.56
2022-04-18T01:00:00.000Z,53.05
2022-04-18T02:00:00.000Z,51.74
2022-04-18T03:00:00.000Z,59.45
2022-04-18T04:00:00.000Z,61.05
2022-04-18T05:00:00.000Z,65.10
2022-04-18T06:00:00.000Z,64.63
2022-04-18T07:00:00.000Z,65.54
2022-04-18T08:00:00.000Z,66.33
2022-04-18T09:00:00.000Z,63.96
2022-04-18T10:00:00.000Z,60.28
2022-04-18T11:00:00.000Z,49.06
2022-04-18T12:00:00.000Z,45.00
2022-04-18T13:00:00.000Z,45.11
2022-04-18T14:00:00.000Z,44.97
2022-04-18T15:00:00.000Z,44.42
2022-04-18T16:00:00.000Z,44.09
2022-04-18T17:00:00.000Z,44.00
2022-04-18T18:00:00.000Z,43.85
2022-04-18T19:00:00.000Z,43.71
2022-04-18T20:00:00.000Z,43.35
2022-04-18T21:00:00.000Z,43.05
2022-04-18T22:00:00.000Z,81.88
2022-04-18T23:00:00.000Z,79.57
2022-04-19T00:00:00.000Z,79.94
2022-04-19T01:00:00.000Z,81.33
2022-04-19T02:00:00.000Z,84.14
2022-04-19T03:00:00.000Z,92.34
2022-04-19T04:00:00.000Z,120.01
2022-04-19T05:00:00.000Z,204.70
2022-04-19T06:00:00.000Z,285.98
2022-04-19T07:00:00.000Z,247.53
2022-04-19T08:00:00.000Z,199.95
2022-04-19T09:00:00.000Z,97.52
2022-04-19T10:00:00.000Z,82.67
2022-04-19T11:00:00.000Z,69.94
2022-04-19T12:00:00.000Z,67.17
2022-04-19T13:00:00.000Z,75.05
2022-04-19T14:00:00.000Z,78.42
2022-04-19T15:00:00.000Z,84.97
2022-04-19T16:00:00.000Z,90.83
2022-04-19T17:00:00.000Z,88.56
2022-04-19T18:00:00.000Z,94.17
2022-04-19T19:00:00.000Z,87.81
2022-04-19T20:00:00.000Z,84.16
2022-04-19T21:00:00.000Z,74.24
2022-04-19T22:00:00.000Z,68.48
2022-04-19T23:00:00.000Z,65.52
2022-04-20T00:00:00.000Z,65.52
2022-04-20T01:00:00.000Z,65.52
2022-04-20T02:00:00.000Z,68.55
2022-04-20T03:00:00.000Z,70.86
2022-04-20T04:00:00.000Z,83.78
2022-04-20T05:00:00.000Z,109.99
2022-04-20T06:00:00.000Z,109.99
2022-04-20T07:00:00.000Z,109.99
2022-04-20T08:00:00.000Z,88.18
2022-04-20T09:00:00.000Z,79.63
2022-04-20T10:00:00.000Z,72.79
2022-04-20T11:00:00.000Z,69.31
2022-04-20T12:00:00.000Z,69.33
2022-04-20T13:00:00.000Z,68.93
2022-04-20T14:00:00.000Z,69.26
2022-04-20T15:00:00.000Z,71.74
2022-04-20T16:00:00.000Z,69.90
2022-04-20T17:00:00.000Z,69.88
2022-04-20T18:00:00.000Z,69.81
2022-04-20T19:00:00.000Z,69.01
2022-04-20T20:00:00.000Z,59.95
2022-04-20T21:00:00.000Z,54.71
2022-04-20T22:00:00.000Z,33.26
2022-04-20T23:00:00.000Z,30.42
2022-04-21T00:00:00.000Z,31.09
2022-04-21T01:00:00.000Z,35.01
2022-04-21T02:00:00.000Z,36.76
2022-04-21T03:00:00.000Z,45.58
2022-04-21T04:00:00.000Z,65.31
2022-04-21T05:00:00.000Z,68.84
2022-04-21T06:00:00.000Z,70.52
2022-04-21T07:00:00.000Z,68.56
2022-04-21T08:00:00.000Z,65.91
2022-04-21T09:00:00.000Z,56.33
2022-04-21T10:00:00.000Z,49.31
2022-04-21T11:00:00.000Z,43.50
2022-04-21T12:00:00.000Z,37.73
2022-04-21T13:00:00.000Z,40.11
2022-04-21T14:00:00.000Z,39.95
2022-04-21T15:00:00.000Z,40.02
2022-04-21T16:00:00.000Z,37.04
2022-04-21T17:00:00.000Z,35.10
2022-04-21T18:00:00.000Z,37.07
2022-04-21T19:00:00.000Z,38.05
2022-04-21T20:00:00.000Z,25.73
2022-04-21T21:00:00.000Z,19.00
2022-04-21T22:00:00.000Z,15.99
2022-04-21T23:00:00.000Z,16.92
2022-04-22T00:00:00.000Z,16.71
2022-04-22T01:00:00.000Z,16.93
2022-04-22T02:00:00.000Z,19.39
2022-04-22T03:00:00.000Z,27.86
2022-04-22T04:00:00.000Z,39.64
2022-04-22T05:00:00.000Z,45.50
2022-04-22T06:00:00.000Z,46.13
2022-04-22T07:00:00.000Z,44.45
2022-04-22T08:00:00.000Z,44.13
2022-04-22T09:00:00.000Z,43.07
2022-04-22T10:00:00.000Z,43.10
2022-04-22T11:00:00.000Z,40.04
2022-04-22T12:00:00.000Z,29.97
2022-04-22T13:00:00.000Z,30.34
2022-04-22T14:00:00.000Z,30.93
2022-04-22T15:00:00.000Z,33.40
2022-04-22T16:00:00.000Z,34.82
2022-04-22T17:00:00.000Z,35.34
2022-04-22T18:00:00.000Z,30.91
2022-04-22T19:00:00.000Z,31.20
2022-04-22T20:00:00.000Z,25.74
2022-04-22T21:00:00.000Z,24.55
2022-04-22T22:00:00.000Z,18.95
2022-04-22T23:00:00.000Z,21.96
2022-04-23T00:00:00.000Z,21.70
2022-04-23T01:00:00.000Z,23.57
2022-04-23T02:00:00.000Z,23.28
2022-04-23T03:00:00.000Z,24.47
2022-04-23T04:00:00.000Z,23.66
2022-04-23T05:00:00.000Z,29.32
2022-04-23T06:00:00.000Z,37.55
2022-04-23T07:00:00.000Z,37.67
2022-04-23T08:00:00.000Z,37.53
2022-04-23T09:00:00.000Z,20.90
2022-04-23T10:00:00.000Z,13.29
2022-04-23T11:00:00.000Z,13.58
2022-04-23T12:00:00.000Z,13.33
2022-04-23T13:00:00.000Z,13.33
2022-04-23T14:00:00.000Z,13.33
2022-04-23T15:00:00.000Z,38.23
2022-04-23T16:00:00.000Z,37.92
2022-04-23T17:00:00.000Z,38.04
2022-04-23T18:00:00.000Z,37.62
2022-04-23T19:00:00.000Z,35.13
2022-04-23T20:00:00.000Z,30.89
2022-04-23T21:00:00.000Z,25.78
2022-04-23T22:00:00.000Z,30.51
2022-04-23T23:00:00.000Z,31.76
2022-04-24T00:00:00.000Z,32.56
2022-04-24T01:00:00.000Z,33.78
2022-04-24T02:00:00.000Z,31.80
2022-04-24T03:00:00.000Z,32.75
2022-04-24T04:00:00.000Z,35.08
2022-04-24T05:00:00.000Z,36.21
2022-04-24T06:00:00.000Z,38.05
2022-04-24T07:00:00.000Z,39.33
2022-04-24T08:00:00.000Z,39.39
2022-04-24T09:00:00.000Z,39.46
2022-04-24T10:00:00.000Z,39.87
2022-04-24T11:00:00.000Z,34.64
2022-04-24T12:00:00.000Z,34.20
2022-04-24T13:00:00.000Z,40.31
2022-04-24T14:00:00.000Z,40.10
2022-04-24T15:00:00.000Z,40.03
2022-04-24T16:00:00.000Z,40.54
2022-04-24T17:00:00.000Z,41.14
2022-04-24T18:00:00.000Z,41.78
2022-04-24T19:00:00.000Z,42.18
2022-04-24T20:00:00.000Z,42.96
2022-04-24T21:00:00.000Z,41.72
2022-04-24T22:00:00.000Z,41.22
2022-04-24T23:00:00.000Z,41.12
2022-04-25T00:00:00.000Z,42.32
2022-04-25T01:00:00.000Z,44.09
2022-04-25T02:00:00.000Z,43.29
2022-04-25T03:00:00.000Z,44.07
2022-04-25T04:00:00.000Z,40.60
2022-04-25T05:00:00.000Z,56.20
2022-04-25T06:00:00.000Z,68.62
2022-04-25T07:00:00.000Z,59.91
2022-04-25T08:00:00.000Z,55.06
2022-04-25T09:00:00.000Z,44.67
2022-04-25T10:00:00.000Z,43.33
2022-04-25T11:00:00.000Z,39.90
2022-04-25T12:00:00.000Z,37.65
2022-04-25T13:00:00.000Z,35.95
2022-04-25T14:00:00.000Z,32.06
2022-04-25T15:00:00.000Z,29.70
2022-04-25T16:00:00.000Z,26.23
2022-04-25T17:00:00.000Z,25.82
2022-04-25T18:00:00.000Z,25.02
2022-04-25T19:00:00.000Z,23.91
2022-04-25T20:00:00.000Z,20.25
2022-04-25T21:00:00.000Z,14.37
2022-04-25T22:00:00.000Z,10.27
2022-04-25T23:00:00.000Z,10.25
2022-04-26T00:00:00.000Z,10.33
2022-04-26T01:00:00.000Z,10.28
2022-04-26T02:00:00.000Z,11.50
2022-04-26T03:00:00.000Z,13.31
2022-04-26T04:00:00.000Z,20.22
2022-04-26T05:00:00.000Z,25.72
2022-04-26T06:00:00.000Z,31.19
2022-04-26T07:00:00.000Z,32.06
2022-04-26T08:00:00.000Z,33.96
2022-04-26T09:00:00.000Z,33.00
2022-04-26T10:00:00.000Z,27.84
2022-04-26T11:00:00.000Z,25.77
2022-04-26T12:00:00.000Z,25.31
2022-04-26T13:00:00.000Z,23.22
2022-04-26T14:00:00.000Z,22.20
2022-04-26T15:00:00.000Z,22.88
2022-04-26T16:00:00.000Z,25.00
2022-04-26T17:00:00.000Z,27.37
2022-04-26T18:00:00.000Z,33.77
2022-04-26T19:00:00.000Z,36.02
2022-04-26T20:00:00.000Z,37.55
2022-04-26T21:00:00.000Z,36.35
2022-04-26T22:00:00.000Z,25.32
2022-04-26T23:00:00.000Z,28.07
2022-04-27T00:00:00.000Z,31.17
2022-04-27T01:00:00.000Z,35.68
2022-04-27T02:00:00.000Z,40.07
2022-04-27T03:00:00.000Z,41.25
2022-04-27T04:00:00.000Z,41.90
2022-04-27T05:00:00.000Z,51.40
2022-04-27T06:00:00.000Z,60.55
2022-04-27T07:00:00.000Z,60.49
2022-04-27T08:00:00.000Z,49.89
2022-04-27T09:00:00.000Z,44.64
2022-04-27T10:00:00.000Z,42.24
2022-04-27T11:00:00.000Z,41.21
2022-04-27T12:00:00.000Z,40.55
2022-04-27T13:00:00.000Z,38.39
2022-04-27T14:00:00.000Z,37.73
2022-04-27T15:00:00.000Z,36.27
2022-04-27T16:00:00.000Z,35.07
2022-04-27T17:00:00.000Z,33.23
2022-04-27T18:00:00.000Z,28.62
2022-04-27T19:00:00.000Z,25.16
2022-04-27T20:00:00.000Z,20.09
2022-04-27T21:00:00.000Z,13.98
2022-04-27T22:00:00.000Z,13.38
2022-04-27T23:00:00.000Z,13.40
2022-04-28T00:00:00.000Z,13.45
2022-04-28T01:00:00.000Z,13.51
2022-04-28T02:00:00.000Z,13.76
2022-04-28T03:00:00.000Z,14.37
2022-04-28T04:00:00.000Z,20.28
2022-04-28T05:00:00.000Z,24.51
2022-04-28T06:00:00.000Z,27.46
2022-04-28T07:00:00.000Z,24.56
2022-04-28T08:00:00.000Z,21.61
2022-04-28T09:00:00.000Z,15.36
2022-04-28T10:00:00.000Z,13.74
2022-04-28T11:00:00.000Z,13.27
2022-04-28T12:00:00.000Z,13.17
2022-04-28T13:00:00.000Z,12.92
2022-04-28T14:00:00.000Z,12.97
2022-04-28T15:00:00.000Z,13.68
2022-04-28T16:00:00.000Z,13.90
2022-04-28T17:00:00.000Z,19.18
2022-04-28T18:00:00.000Z,22.43
2022-04-28T19:00:00.000Z,21.54
2022-04-28T20:00:00.000Z,21.06
2022-04-28T21:00:00.000Z,20.59
2022-04-28T22:00:00.000Z,23.14
2022-04-28T23:00:00.000Z,23.48
2022-04-29T00:00:00.000Z,24.05
2022-04-29T01:00:00.000Z,24.70
2022-04-29T02:00:00.000Z,25.30
2022-04-29T03:00:00.000Z,28.71
2022-04-29T04:00:00.000Z,35.69
2022-04-29T05:00:00.000Z,44.18
2022-04-29T06:00:00.000Z,44.84
2022-04-29T07:00:00.000Z,44.37
2022-04-29T08:00:00.000Z,40.05
2022-04-29T09:00:00.000Z,35.14
2022-04-29T10:00:00.000Z,34.05
2022-04-29T11:00:00.000Z,31.64
2022-04-29T12:00:00.000Z,26.45
2022-04-29T13:00:00.000Z,25.16
2022-04-29T14:00:00.000Z,24.54
2022-04-29T15:00:00.000Z,25.68
2022-04-29T16:00:00.000Z,31.02
2022-04-29T17:00:00.000Z,30.08
2022-04-29T18:00:00.000Z,29.63
2022-04-29T19:00:00.000Z,25.00
2022-04-29T20:00:00.000Z,19.86
2022-04-29T21:00:00.000Z,16.53
2022-04-29T22:00:00.000Z,15.09
2022-04-29T23:00:00.000Z,13.93
2022-04-30T00:00:00.000Z,13.35
2022-04-30T01:00:00.000Z,13.24
2022-04-30T02:00:00.000Z,13.32
2022-04-30T03:00:00.000Z,13.87
2022-04-30T04:00:00.000Z,14.51
2022-04-30T05:00:00.000Z,19.14
2022-04-30T06:00:00.000Z,20.54
2022-04-30T07:00:00.000Z,22.36
2022-04-30T08:00:00.000Z,24.00
2022-04-30T09:00:00.000Z,24.61
2022-04-30T10:00:00.000Z,26.39
2022-04-30T11:00:00.000Z,26.97
2022-04-30T12:00:00.000Z,27.27
2022-04-30T13:00:00.000Z,27.97
2022-04-30T14:00:00.000Z,30.41
2022-04-30T15:00:00.000Z,30.71
2022-04-30T16:00:00.000Z,32.00
2022-04-30T17:00:00.000Z,32.94
2022-04-30T18:00:00.000Z,34.04
2022-04-30T19:00:00.000Z,34.03
2022-04-30T20:00:00.000Z,33.50
2022-04-30T21:00:00.000Z,32.42
2022-04-30T22:00:00.000Z,32.06
2022-04-30T23:00:00.000Z,30.42
2022-05-01T00:00:00.000Z,29.19
2022-05-01T01:00:00.000Z,23.37
2022-05-01T02:00:00.000Z,22.62
2022-05-01T03:00:00.000Z,22.04
2022-05-01T04:00:00.000Z,21.95
2022-05-01T05:00:00.000Z,21.99
2022-05-01T06:00:00.000Z,22.03
2022-05-01T07:00:00.000Z,22.66
2022-05-01T08:00:00.000Z,22.40
2022-05-01T09:00:00.000Z,21.88
2022-05-01T10:00:00.000Z,21.57
2022-05-01T11:00:00.000Z,21.40
2022-05-01T12:00:00.000Z,21.06
2022-05-01T13:00:00.000Z,19.73
2022-05-01T14:00:00.000Z,17.71
2022-05-01T15:00:00.000Z,15.96
2022-05-01T16:00:00.000Z,13.99
2022-05-01T17:00:00.000Z,13.53
2022-05-01T18:00:00.000Z,13.40
2022-05-01T19:00:00.000Z,13.27
2022-05-01T20:00:00.000Z,13.11
2022-05-01T21:00:00.000Z,12.69
2022-05-01T22:00:00.000Z,13.39
2022-05-01T23:00:00.000Z,13.30
2022-05-02T00:00:00.000Z,13.27
2022-05-02T01:00:00.000Z,13.14
2022-05-02T02:00:00.000Z,11.81
2022-05-02T03:00:00.000Z,13.36
2022-05-02T04:00:00.000Z,13.23
2022-05-02T05:00:00.000Z,13.80
2022-05-02T06:00:00.000Z,14.99
2022-05-02T07:00:00.000Z,14.55
2022-05-02T08:00:00.000Z,13.95
2022-05-02T09:00:00.000Z,13.80
2022-05-02T10:00:00.000Z,13.53
2022-05-02T11:00:00.000Z,13.01
2022-05-02T12:00:00.000Z,10.09
2022-05-02T13:00:00.000Z,10.37
2022-05-02T14:00:00.000Z,10.33
2022-05-02T15:00:00.000Z,12.37
2022-05-02T16:00:00.000Z,10.71
2022-05-02T17:00:00.000Z,11.97
2022-05-02T18:00:00.000Z,13.12
2022-05-02T19:00:00.000Z,13.33
2022-05-02T20:00:00.000Z,13.28
2022-05-02T21:00:00.000Z,10.26
2022-05-02T22:00:00.000Z,8.96
2022-05-02T23:00:00.000Z,8.44
2022-05-03T00:00:00.000Z,8.50
2022-05-03T01:00:00.000Z,9.17
2022-05-03T02:00:00.000Z,10.70
2022-05-03T03:00:00.000Z,13.84
2022-05-03T04:00:00.000Z,13.48
2022-05-03T05:00:00.000Z,13.86
2022-05-03T06:00:00.000Z,15.33
2022-05-03T07:00:00.000Z,15.41
2022-05-03T08:00:00.000Z,16.01
2022-05-03T09:00:00.000Z,16.45
2022-05-03T10:00:00.000Z,16.37
2022-05-03T11:00:00.000Z,16.64
2022-05-03T12:00:00.000Z,16.78
2022-05-03T13:00:00.000Z,16.77
2022-05-03T14:00:00.000Z,16.18
2022-05-03T15:00:00.000Z,17.27
2022-05-03T16:00:00.000Z,18.99
2022-05-03T17:00:00.000Z,22.48
2022-05-03T18:00:00.000Z,28.10
2022-05-03T19:00:00.000Z,28.95
2022-05-03T20:00:00.000Z,28.68
2022-05-03T21:00:00.000Z,28.26
2022-05-03T22:00:00.000Z,29.67
2022-05-03T23:00:00.000Z,29.99
2022-05-04T00:00:00.000Z,30.46
2022-05-04T01:00:00.000Z,30.62
2022-05-04T02:00:00.000Z,30.34
2022-05-04T03:00:00.000Z,30.25
2022-05-04T04:00:00.000Z,29.88
2022-05-04T05:00:00.000Z,30.65
2022-05-04T06:00:00.000Z,30.29
2022-05-04T07:00:00.000Z,30.21
2022-05-04T08:00:00.000Z,28.78
2022-05-04T09:00:00.000Z,28.49
2022-05-04T10:00:00.000Z,28.63
2022-05-04T11:00:00.000Z,28.63
2022-05-04T12:00:00.000Z,28.63
2022-05-04T13:00:00.000Z,28.29
2022-05-04T14:00:00.000Z,26.03
2022-05-04T15:00:00.000Z,24.46
2022-05-04T16:00:00.000Z,22.31
2022-05-04T17:00:00.000Z,19.73
2022-05-04T18:00:00.000Z,20.99
2022-05-04T19:00:00.000Z,18.27
2022-05-04T20:00:00.000Z,17.43
2022-05-04T21:00:00.000Z,16.44
2022-05-04T22:00:00.000Z,15.14
2022-05-04T23:00:00.000Z,13.26
2022-05-05T00:00:00.000Z,12.90
2022-05-05T01:00:00.000Z,12.77
2022-05-05T02:00:00.000Z,12.64
2022-05-05T03:00:00.000Z,12.53
2022-05-05T04:00:00.000Z,12.49
2022-05-05T05:00:00.000Z,12.81
2022-05-05T06:00:00.000Z,14.33
2022-05-05T07:00:00.000Z,13.75
2022-05-05T08:00:00.000Z,12.88
2022-05-05T09:00:00.000Z,12.70
2022-05-05T10:00:00.000Z,12.48
2022-05-05T11:00:00.000Z,12.41
2022-05-05T12:00:00.000Z,12.36
2022-05-05T13:00:00.000Z,12.28
2022-05-05T14:00:00.000Z,12.30
2022-05-05T15:00:00.000Z,12.33
2022-05-05T16:00:00.000Z,12.46
2022-05-05T17:00:00.000Z,12.71
2022-05-05T18:00:00.000Z,13.12
2022-05-05T19:00:00.000Z,14.97
2022-05-05T20:00:00.000Z,17.97
2022-05-05T21:00:00.000Z,14.97
2022-05-05T22:00:00.000Z,12.76
2022-05-05T23:00:00.000Z,12.40
2022-05-06T00:00:00.000Z,12.29
2022-05-06T01:00:00.000Z,12.22
2022-05-06T02:00:00.000Z,12.22
2022-05-06T03:00:00.000Z,12.22
2022-05-06T04:00:00.000Z,12.44
2022-05-06T05:00:00.000Z,13.02
2022-05-06T06:00:00.000Z,15.19
2022-05-06T07:00:00.000Z,14.83
2022-05-06T08:00:00.000Z,14.08
2022-05-06T09:00:00.000Z,12.86
2022-05-06T10:00:00.000Z,12.48
2022-05-06T11:00:00.000Z,12.37
2022-05-06T12:00:00.000Z,12.27
2022-05-06T13:00:00.000Z,12.11
2022-05-06T14:00:00.000Z,9.42
2022-05-06T15:00:00.000Z,9.09
2022-05-06T16:00:00.000Z,10.17
2022-05-06T17:00:00.000Z,10.01
2022-05-06T18:00:00.000Z,7.16
2022-05-06T19:00:00.000Z,6.20
2022-05-06T20:00:00.000Z,4.49
2022-05-06T21:00:00.000Z,3.64
2022-05-06T22:00:00.000Z,3.53
2022-05-06T23:00:00.000Z,2.93
2022-05-07T00:00:00.000Z,1.96
2022-05-07T01:00:00.000Z,1.95
2022-05-07T02:00:00.000Z,1.94
2022-05-07T03:00:00.000Z,1.95
2022-05-07T04:00:00.000Z,3.07
2022-05-07T05:00:00.000Z,4.97
2022-05-07T06:00:00.000Z,5.89
2022-05-07T07:00:00.000Z,6.77
2022-05-07T08:00:00.000Z,6.61
2022-05-07T09:00:00.000Z,6.23
2022-05-07T10:00:00.000Z,6.25
2022-05-07T11:00:00.000Z,6.08
2022-05-07T12:00:00.000Z,5.96
2022-05-07T13:00:00.000Z,5.97
2022-05-07T14:00:00.000Z,5.99
2022-05-07T15:00:00.000Z,6.01
2022-05-07T16:00:00.000Z,5.72
2022-05-07T17:00:00.000Z,6.27
2022-05-07T18:00:00.000Z,6.82
2022-05-07T19:00:00.000Z,7.07
2022-05-07T20:00:00.000Z,7.18
2022-05-07T21:00:00.000Z,6.66
2022-05-07T22:00:00.000Z,7.90
2022-05-07T23:00:00.000Z,8.19
2022-05-08T00:00:00.000Z,9.66
2022-05-08T01:00:00.000Z,11.47
2022-05-08T02:00:00.000Z,11.89
2022-05-08T03:00:00.000Z,12.21
2022-05-08T04:00:00.000Z,12.37
2022-05-08T05:00:00.000Z,12.41
2022-05-08T06:00:00.000Z,13.54
2022-05-08T07:00:00.000Z,14.39
2022-05-08T08:00:00.000Z,14.56
2022-05-08T09:00:00.000Z,14.53
2022-05-08T10:00:00.000Z,14.49
2022-05-08T11:00:00.000Z,14.58
2022-05-08T12:00:00.000Z,14.56
2022-05-08T13:00:00.000Z,14.73
2022-05-08T14:00:00.000Z,14.93
2022-05-08T15:00:00.000Z,15.41
2022-05-08T16:00:00.000Z,16.05
2022-05-08T17:00:00.000Z,17.83
2022-05-08T18:00:00.000Z,18.42
2022-05-08T19:00:00.000Z,16.76
2022-05-08T20:00:00.000Z,15.25
2022-05-08T21:00:00.000Z,14.74
2022-05-08T22:00:00.000Z,12.52
2022-05-08T23:00:00.000Z,12.46
2022-05-09T00:00:00.000Z,12.56
2022-05-09T01:00:00.000Z,12.83
2022-05-09T02:00:00.000Z,12.92
2022-05-09T03:00:00.000Z,12.82
2022-05-09T04:00:00.000Z,12.65
2022-05-09T05:00:00.000Z,13.99
2022-05-09T06:00:00.000Z,14.89
2022-05-09T07:00:00.000Z,14.75
2022-05-09T08:00:00.000Z,14.89
2022-05-09T09:00:00.000Z,14.93
2022-05-09T10:00:00.000Z,14.97
2022-05-09T11:00:00.000Z,15.53
2022-05-09T12:00:00.000Z,15.94
2022-05-09T13:00:00.000Z,16.66
2022-05-09T14:00:00.000Z,16.62
2022-05-09T15:00:00.000Z,16.09
2022-05-09T16:00:00.000Z,16.21
2022-05-09T17:00:00.000Z,16.63
2022-05-09T18:00:00.000Z,16.54
2022-05-09T19:00:00.000Z,16.37
2022-05-09T20:00:00.000Z,15.78
2022-05-09T21:00:00.000Z,14.45
2022-05-09T22:00:00.000Z,12.76
2022-05-09T23:00:00.000Z,12.23
2022-05-10T00:00:00.000Z,12.19
2022-05-10T01:00:00.000Z,12.38
2022-05-10T02:00:00.000Z,12.78
2022-05-10T03:00:00.000Z,13.14
2022-05-10T04:00:00.000Z,13.23
2022-05-10T05:00:00.000Z,14.20
2022-05-10T06:00:00.000Z,14.70
2022-05-10T07:00:00.000Z,15.01
2022-05-10T08:00:00.000Z,14.99
2022-05-10T09:00:00.000Z,14.50
2022-05-10T10:00:00.000Z,13.99
2022-05-10T11:00:00.000Z,14.22
2022-05-10T12:00:00.000Z,13.99
2022-05-10T13:00:00.000Z,13.79
2022-05-10T14:00:00.000Z,12.97
2022-05-10T15:00:00.000Z,12.96
2022-05-10T16:00:00.000Z,12.90
2022-05-10T17:00:00.000Z,12.99
2022-05-10T18:00:00.000Z,13.07
2022-05-10T19:00:00.000Z,13.06
2022-05-10T20:00:00.000Z,12.98
2022-05-10T21:00:00.000Z,12.99
2022-05-10T22:00:00.000Z,7.37
2022-05-10T23:00:00.000Z,6.90
2022-05-11T00:00:00.000Z,6.66
2022-05-11T01:00:00.000Z,6.63
2022-05-11T02:00:00.000Z,7.12
2022-05-11T03:00:00.000Z,12.43
2022-05-11T04:00:00.000Z,12.72
2022-05-11T05:00:00.000Z,13.03
2022-05-11T06:00:00.000Z,13.17
2022-05-11T07:00:00.000Z,13.12
2022-05-11T08:00:00.000Z,13.03
2022-05-11T09:00:00.000Z,12.96
2022-05-11T10:00:00.000Z,12.99
2022-05-11T11:00:00.000Z,12.98
2022-05-11T12:00:00.000Z,12.97
2022-05-11T13:00:00.000Z,12.95
2022-05-11T14:00:00.000Z,12.93
2022-05-11T15:00:00.000Z,12.89
2022-05-11T16:00:00.000Z,12.93
2022-05-11T17:00:00.000Z,12.92
2022-05-11T18:00:00.000Z,12.87
2022-05-11T19:00:00.000Z,12.87
2022-05-11T20:00:00.000Z,12.87
2022-05-11T21:00:00.000Z,12.70
2022-05-11T22:00:00.000Z,12.82
2022-05-11T23:00:00.000Z,12.66
2022-05-12T00:00:00.000Z,12.57
2022-05-12T01:00:00.000Z,12.00
2022-05-12T02:00:00.000Z,11.63
2022-05-12T03:00:00.000Z,11.24
2022-05-12T04:00:00.000Z,11.88
2022-05-12T05:00:00.000Z,12.62
2022-05-12T06:00:00.000Z,12.73
2022-05-12T07:00:00.000Z,12.51
2022-05-12T08:00:00.000Z,11.69
2022-05-12T09:00:00.000Z,10.57
2022-05-12T10:00:00.000Z,8.49
2022-05-12T11:00:00.000Z,8.33
2022-05-12T12:00:00.000Z,7.85
2022-05-12T13:00:00.000Z,7.59
2022-05-12T14:00:00.000Z,7.53
2022-05-12T15:00:00.000Z,7.47
2022-05-12T16:00:00.000Z,7.27
2022-05-12T17:00:00.000Z,7.25
2022-05-12T18:00:00.000Z,7.36
2022-05-12T19:00:00.000Z,7.45
2022-05-12T20:00:00.000Z,7.71
2022-05-12T21:00:00.000Z,7.82
2022-05-12T22:00:00.000Z,10.32
2022-05-12T23:00:00.000Z,11.11
2022-05-13T00:00:00.000Z,11.52
2022-05-13T01:00:00.000Z,11.56
2022-05-13T02:00:00.000Z,11.64
2022-05-13T03:00:00.000Z,11.77
2022-05-13T04:00:00.000Z,12.51
2022-05-13T05:00:00.000Z,13.01
2022-05-13T06:00:00.000Z,13.09
2022-05-13T07:00:00.000Z,13.10
2022-05-13T08:00:00.000Z,13.09
2022-05-13T09:00:00.000Z,13.06
2022-05-13T10:00:00.000Z,13.07
2022-05-13T11:00:00.000Z,13.07
2022-05-13T12:00:00.000Z,13.07
2022-05-13T13:00:00.000Z,13.01
2022-05-13T14:00:00.000Z,12.75
2022-05-13T15:00:00.000Z,12.58
2022-05-13T16:00:00.000Z,12.10
2022-05-13T17:00:00.000Z,12.54
2022-05-13T18:00:00.000Z,12.53
2022-05-13T19:00:00.000Z,11.75
2022-05-13T20:00:00.000Z,11.55
2022-05-13T21:00:00.000Z,10.03
2022-05-13T22:00:00.000Z,10.67
2022-05-13T23:00:00.000Z,9.07
2022-05-14T00:00:00.000Z,7.48
2022-05-14T01:00:00.000Z,7.27
2022-05-14T02:00:00.000Z,7.13
2022-05-14T03:00:00.000Z,7.02
2022-05-14T04:00:00.000Z,7.03
2022-05-14T05:00:00.000Z,7.21
2022-05-14T06:00:00.000Z,7.27
2022-05-14T07:00:00.000Z,10.06
2022-05-14T08:00:00.000Z,8.92
2022-05-14T09:00:00.000Z,9.71
2022-05-14T10:00:00.000Z,9.76
2022-05-14T11:00:00.000Z,7.28
2022-05-14T12:00:00.000Z,6.13
2022-05-14T13:00:00.000Z,6.13
2022-05-14T14:00:00.000Z,6.13
2022-05-14T15:00:00.000Z,7.09
2022-05-14T16:00:00.000Z,7.50
2022-05-14T17:00:00.000Z,7.99
2022-05-14T18:00:00.000Z,7.64
2022-05-14T19:00:00.000Z,7.49
2022-05-14T20:00:00.000Z,7.50
2022-05-14T21:00:00.000Z,6.78
2022-05-14T22:00:00.000Z,7.14
2022-05-14T23:00:00.000Z,6.91
2022-05-15T00:00:00.000Z,6.91
2022-05-15T01:00:00.000Z,6.91
2022-05-15T02:00:00.000Z,7.10
2022-05-15T03:00:00.000Z,7.36
2022-05-15T04:00:00.000Z,7.39
2022-05-15T05:00:00.000Z,7.43
2022-05-15T06:00:00.000Z,7.74
2022-05-15T07:00:00.000Z,7.47
2022-05-15T08:00:00.000Z,7.75
2022-05-15T09:00:00.000Z,7.56
2022-05-15T10:00:00.000Z,7.44
2022-05-15T11:00:00.000Z,7.28
2022-05-15T12:00:00.000Z,7.04
2022-05-15T13:00:00.000Z,7.07
2022-05-15T14:00:00.000Z,7.09
2022-05-15T15:00:00.000Z,7.18
2022-05-15T16:00:00.000Z,7.13
2022-05-15T17:00:00.000Z,7.40
2022-05-15T18:00:00.000Z,7.64
2022-05-15T19:00:00.000Z,7.47
2022-05-15T20:00:00.000Z,7.30
2022-05-15T21:00:00.000Z,7.10
2022-05-15T22:00:00.000Z,7.33
2022-05-15T23:00:00.000Z,6.78
2022-05-16T00:00:00.000Z,6.17
2022-05-16T01:00:00.000Z,6.53
2022-05-16T02:00:00.000Z,7.30
2022-05-16T03:00:00.000Z,8.50
2022-05-16T04:00:00.000Z,7.46
2022-05-16T05:00:00.000Z,9.80
2022-05-16T06:00:00.000Z,11.54
2022-05-16T07:00:00.000Z,11.43
2022-05-16T08:00:00.000Z,10.60
2022-05-16T09:00:00.000Z,11.22
2022-05-16T10:00:00.000Z,10.15
2022-05-16T11:00:00.000Z,10.43
2022-05-16T12:00:00.000Z,10.29
2022-05-16T13:00:00.000Z,10.05
2022-05-16T14:00:00.000Z,9.75
2022-05-16T15:00:00.000Z,7.78
2022-05-16T16:00:00.000Z,7.91
2022-05-16T17:00:00.000Z,8.77
2022-05-16T18:00:00.000Z,9.77
2022-05-16T19:00:00.000Z,9.79
2022-05-16T20:00:00.000Z,10.01
2022-05-16T21:00:00.000Z,11.70
2022-05-16T22:00:00.000Z,11.95
2022-05-16T23:00:00.000Z,10.26
2022-05-17T00:00:00.000Z,9.08
2022-05-17T01:00:00.000Z,10.61
2022-05-17T02:00:00.000Z,8.54
2022-05-17T03:00:00.000Z,11.83
2022-05-17T04:00:00.000Z,12.52
2022-05-17T05:00:00.000Z,12.61
2022-05-17T06:00:00.000Z,12.74
2022-05-17T07:00:00.000Z,12.84
2022-05-17T08:00:00.000Z,12.85
2022-05-17T09:00:00.000Z,12.82
2022-05-17T10:00:00.000Z,12.74
2022-05-17T11:00:00.000Z,12.64
2022-05-17T12:00:00.000Z,12.64
2022-05-17T13:00:00.000Z,12.64
2022-05-17T14:00:00.000Z,12.83
2022-05-17T15:00:00.000Z,12.85
2022-05-17T16:00:00.000Z,12.86
2022-05-17T17:00:00.000Z,12.87
2022-05-17T18:00:00.000Z,12.81
2022-05-17T19:00:00.000Z,12.82
2022-05-17T20:00:00.000Z,12.79
2022-05-17T21:00:00.000Z,12.72
2022-05-17T22:00:00.000Z,12.87
2022-05-17T23:00:00.000Z,12.81
2022-05-18T00:00:00.000Z,12.58
2022-05-18T01:00:00.000Z,12.58
2022-05-18T02:00:00.000Z,12.58
2022-05-18T03:00:00.000Z,12.73
2022-05-18T04:00:00.000Z,12.96
2022-05-18T05:00:00.000Z,13.33
2022-05-18T06:00:00.000Z,24.28
2022-05-18T07:00:00.000Z,24.47
2022-05-18T08:00:00.000Z,24.18
2022-05-18T09:00:00.000Z,16.68
2022-05-18T10:00:00.000Z,13.06
2022-05-18T11:00:00.000Z,13.01
2022-05-18T12:00:00.000Z,12.97
2022-05-18T13:00:00.000Z,12.98
2022-05-18T14:00:00.000Z,12.98
2022-05-18T15:00:00.000Z,12.98
2022-05-18T16:00:00.000Z,12.92
2022-05-18T17:00:00.000Z,12.88
2022-05-18T18:00:00.000Z,12.85
2022-05-18T19:00:00.000Z,12.84
2022-05-18T20:00:00.000Z,12.85
2022-05-18T21:00:00.000Z,12.82
2022-05-18T22:00:00.000Z,11.70
2022-05-18T23:00:00.000Z,11.70
2022-05-19T00:00:00.000Z,11.70
2022-05-19T01:00:00.000Z,12.02
2022-05-19T02:00:00.000Z,12.11
2022-05-19T03:00:00.000Z,12.22
2022-05-19T04:00:00.000Z,12.39
2022-05-19T05:00:00.000Z,12.55
2022-05-19T06:00:00.000Z,13.11
2022-05-19T07:00:00.000Z,12.52
2022-05-19T08:00:00.000Z,12.45
2022-05-19T09:00:00.000Z,12.43
2022-05-19T10:00:00.000Z,12.41
2022-05-19T11:00:00.000Z,12.37
2022-05-19T12:00:00.000Z,12.36
2022-05-19T13:00:00.000Z,12.40
2022-05-19T14:00:00.000Z,12.41
2022-05-19T15:00:00.000Z,12.40
2022-05-19T16:00:00.000Z,12.39
2022-05-19T17:00:00.000Z,12.37
2022-05-19T18:00:00.000Z,12.35
2022-05-19T19:00:00.000Z,12.32
2022-05-19T20:00:00.000Z,12.29
2022-05-19T21:00:00.000Z,12.18
2022-05-19T22:00:00.000Z,12.62
2022-05-19T23:00:00.000Z,12.57
2022-05-20T00:00:00.000Z,12.54
2022-05-20T01:00:00.000Z,12.56
2022-05-20T02:00:00.000Z,12.71
2022-05-20T03:00:00.000Z,13.27
2022-05-20T04:00:00.000Z,14.00
2022-05-20T05:00:00.000Z,22.20
2022-05-20T06:00:00.000Z,102.09
2022-05-20T07:00:00.000Z,101.57
2022-05-20T08:00:00.000Z,48.93
2022-05-20T09:00:00.000Z,29.93
2022-05-20T10:00:00.000Z,25.06
2022-05-20T11:00:00.000Z,13.78
2022-05-20T12:00:00.000Z,13.81
2022-05-20T13:00:00.000Z,13.61
2022-05-20T14:00:00.000Z,13.44
2022-05-20T15:00:00.000Z,13.62
2022-05-20T16:00:00.000Z,13.27
2022-05-20T17:00:00.000Z,12.83
2022-05-20T18:00:00.000Z,12.59
2022-05-20T19:00:00.000Z,12.44
2022-05-20T20:00:00.000Z,12.36
2022-05-20T21:00:00.000Z,12.14
2022-05-20T22:00:00.000Z,12.54
2022-05-20T23:00:00.000Z,12.49
2022-05-21T00:00:00.000Z,12.45
2022-05-21T01:00:00.000Z,12.40
2022-05-21T02:00:00.000Z,12.36
2022-05-21T03:00:00.000Z,12.34
2022-05-21T04:00:00.000Z,12.38
2022-05-21T05:00:00.000Z,12.46
2022-05-21T06:00:00.000Z,12.72
2022-05-21T07:00:00.000Z,12.94
2022-05-21T08:00:00.000Z,13.30
2022-05-21T09:00:00.000Z,13.55
2022-05-21T10:00:00.000Z,13.62
2022-05-21T11:00:00.000Z,13.65
2022-05-21T12:00:00.000Z,13.75
2022-05-21T13:00:00.000Z,13.80
2022-05-21T14:00:00.000Z,13.88
2022-05-21T15:00:00.000Z,13.88
2022-05-21T16:00:00.000Z,13.88
2022-05-21T17:00:00.000Z,13.88
2022-05-21T18:00:00.000Z,13.88
2022-05-21T19:00:00.000Z,16.45
2022-05-21T20:00:00.000Z,16.83
2022-05-21T21:00:00.000Z,14.68
2022-05-21T22:00:00.000Z,13.66
2022-05-21T23:00:00.000Z,13.57
2022-05-22T00:00:00.000Z,13.56
2022-05-22T01:00:00.000Z,13.52
2022-05-22T02:00:00.000Z,13.28
2022-05-22T03:00:00.000Z,13.54
2022-05-22T04:00:00.000Z,13.64
2022-05-22T05:00:00.000Z,13.80
2022-05-22T06:00:00.000Z,14.05
2022-05-22T07:00:00.000Z,15.30
2022-05-22T08:00:00.000Z,15.99
2022-05-22T09:00:00.000Z,16.69
2022-05-22T10:00:00.000Z,16.69
2022-05-22T11:00:00.000Z,16.69
2022-05-22T12:00:00.000Z,14.59
2022-05-22T13:00:00.000Z,14.90
2022-05-22T14:00:00.000Z,15.32
2022-05-22T15:00:00.000Z,14.68
2022-05-22T16:00:00.000Z,14.42
2022-05-22T17:00:00.000Z,13.94
2022-05-22T18:00:00.000Z,13.74
2022-05-22T19:00:00.000Z,13.15
2022-05-22T20:00:00.000Z,12.77
2022-05-22T21:00:00.000Z,12.55
2022-05-22T22:00:00.000Z,11.83
2022-05-22T23:00:00.000Z,11.64
2022-05-23T00:00:00.000Z,11.56
2022-05-23T01:00:00.000Z,11.61
2022-05-23T02:00:00.000Z,11.72
2022-05-23T03:00:00.000Z,12.32
2022-05-23T04:00:00.000Z,12.45
2022-05-23T05:00:00.000Z,12.60
2022-05-23T06:00:00.000Z,12.76
2022-05-23T07:00:00.000Z,10.09
2022-05-23T08:00:00.000Z,8.99
2022-05-23T09:00:00.000Z,7.80
2022-05-23T10:00:00.000Z,7.45
2022-05-23T11:00:00.000Z,7.38
2022-05-23T12:00:00.000Z,7.29
2022-05-23T13:00:00.000Z,7.17
2022-05-23T14:00:00.000Z,7.18
2022-05-23T15:00:00.000Z,7.22
2022-05-23T16:00:00.000Z,7.26
2022-05-23T17:00:00.000Z,7.29
2022-05-23T18:00:00.000Z,7.28
2022-05-23T19:00:00.000Z,7.18
2022-05-23T20:00:00.000Z,6.91
2022-05-23T21:00:00.000Z,6.56
2022-05-23T22:00:00.000Z,6.77
2022-05-23T23:00:00.000Z,6.65
2022-05-24T00:00:00.000Z,6.49
2022-05-24T01:00:00.000Z,6.33
2022-05-24T02:00:00.000Z,6.33
2022-05-24T03:00:00.000Z,6.33
2022-05-24T04:00:00.000Z,6.85
2022-05-24T05:00:00.000Z,7.27
2022-05-24T06:00:00.000Z,7.29
2022-05-24T07:00:00.000Z,7.18
2022-05-24T08:00:00.000Z,6.90
2022-05-24T09:00:00.000Z,6.78
2022-05-24T10:00:00.000Z,6.65
2022-05-24T11:00:00.000Z,6.58
2022-05-24T12:00:00.000Z,6.40
2022-05-24T13:00:00.000Z,6.21
2022-05-24T14:00:00.000Z,6.53
2022-05-24T15:00:00.000Z,6.74
2022-05-24T16:00:00.000Z,6.64
2022-05-24T17:00:00.000Z,7.99
2022-05-24T18:00:00.000Z,7.70
2022-05-24T19:00:00.000Z,7.36
2022-05-24T20:00:00.000Z,7.13
2022-05-24T21:00:00.000Z,6.69
2022-05-24T22:00:00.000Z,3.60
2022-05-24T23:00:00.000Z,3.11
2022-05-25T00:00:00.000Z,2.93
2022-05-25T01:00:00.000Z,3.00
2022-05-25T02:00:00.000Z,3.07
2022-05-25T03:00:00.000Z,3.82
2022-05-25T04:00:00.000Z,5.27
2022-05-25T05:00:00.000Z,5.78
2022-05-25T06:00:00.000Z,5.84
2022-05-25T07:00:00.000Z,5.80
2022-05-25T08:00:00.000Z,5.79
2022-05-25T09:00:00.000Z,5.72
2022-05-25T10:00:00.000Z,5.17
2022-05-25T11:00:00.000Z,5.02
2022-05-25T12:00:00.000Z,5.73
2022-05-25T13:00:00.000Z,6.07
2022-05-25T14:00:00.000Z,6.66
2022-05-25T15:00:00.000Z,8.90
2022-05-25T16:00:00.000Z,10.53
2022-05-25T17:00:00.000Z,11.69
2022-05-25T18:00:00.000Z,12.04
2022-05-25T19:00:00.000Z,11.78
2022-05-25T20:00:00.000Z,10.52
2022-05-25T21:00:00.000Z,8.58
2022-05-25T22:00:00.000Z,8.42
2022-05-25T23:00:00.000Z,7.09
2022-05-26T00:00:00.000Z,7.08
2022-05-26T01:00:00.000Z,7.42
2022-05-26T02:00:00.000Z,8.47
2022-05-26T03:00:00.000Z,9.91
2022-05-26T04:00:00.000Z,11.55
2022-05-26T05:00:00.000Z,11.91
2022-05-26T06:00:00.000Z,12.04
2022-05-26T07:00:00.000Z,12.09
2022-05-26T08:00:00.000Z,6.47
2022-05-26T09:00:00.000Z,6.18
2022-05-26T10:00:00.000Z,5.63
2022-05-26T11:00:00.000Z,4.80
2022-05-26T12:00:00.000Z,3.65
2022-05-26T13:00:00.000Z,3.24
2022-05-26T14:00:00.000Z,4.16
2022-05-26T15:00:00.000Z,6.61
2022-05-26T16:00:00.000Z,6.98
2022-05-26T17:00:00.000Z,7.31
2022-05-26T18:00:00.000Z,9.17
2022-05-26T19:00:00.000Z,10.43
2022-05-26T20:00:00.000Z,11.62
2022-05-26T21:00:00.000Z,11.66
2022-05-26T22:00:00.000Z,11.67
2022-05-26T23:00:00.000Z,11.63
2022-05-27T00:00:00.000Z,11.68
2022-05-27T01:00:00.000Z,11.75
2022-05-27T02:00:00.000Z,11.98
2022-05-27T03:00:00.000Z,12.25
2022-05-27T04:00:00.000Z,12.37
2022-05-27T05:00:00.000Z,12.52
2022-05-27T06:00:00.000Z,12.69
2022-05-27T07:00:00.000Z,12.72
2022-05-27T08:00:00.000Z,12.57
2022-05-27T09:00:00.000Z,11.56
2022-05-27T10:00:00.000Z,10.01
2022-05-27T11:00:00.000Z,7.06
2022-05-27T12:00:00.000Z,5.95
2022-05-27T13:00:00.000Z,5.06
2022-05-27T14:00:00.000Z,4.00
2022-05-27T15:00:00.000Z,3.69
2022-05-27T16:00:00.000Z,6.94
2022-05-27T17:00:00.000Z,11.02
2022-05-27T18:00:00.000Z,10.47
2022-05-27T19:00:00.000Z,10.05
2022-05-27T20:00:00.000Z,7.04
2022-05-27T21:00:00.000Z,5.38
2022-05-27T22:00:00.000Z,7.49
2022-05-27T23:00:00.000Z,5.47
2022-05-28T00:00:00.000Z,3.69
2022-05-28T01:00:00.000Z,2.73
2022-05-28T02:00:00.000Z,2.92
2022-05-28T03:00:00.000Z,1.93
2022-05-28T04:00:00.000Z,2.97
2022-05-28T05:00:00.000Z,1.91
2022-05-28T06:00:00.000Z,1.32
2022-05-28T07:00:00.000Z,1.35
2022-05-28T08:00:00.000Z,1.51
2022-05-28T09:00:00.000Z,1.87
2022-05-28T10:00:00.000Z,1.79
2022-05-28T11:00:00.000Z,1.73
2022-05-28T12:00:00.000Z,1.86
2022-05-28T13:00:00.000Z,2.23
2022-05-28T14:00:00.000Z,3.28
2022-05-28T15:00:00.000Z,9.72
2022-05-28T16:00:00.000Z,8.55
2022-05-28T17:00:00.000Z,8.82
2022-05-28T18:00:00.000Z,8.66
2022-05-28T19:00:00.000Z,9.02
2022-05-28T20:00:00.000Z,10.01
2022-05-28T21:00:00.000Z,10.50
2022-05-28T22:00:00.000Z,9.47
2022-05-28T23:00:00.000Z,9.90
2022-05-29T00:00:00.000Z,10.61
2022-05-29T01:00:00.000Z,11.55
2022-05-29T02:00:00.000Z,11.73
2022-05-29T03:00:00.000Z,12.02
2022-05-29T04:00:00.000Z,12.14
2022-05-29T05:00:00.000Z,12.25
2022-05-29T06:00:00.000Z,13.06
2022-05-29T07:00:00.000Z,17.04
2022-05-29T08:00:00.000Z,26.71
2022-05-29T09:00:00.000Z,25.02
2022-05-29T10:00:00.000Z,25.00
2022-05-29T11:00:00.000Z,17.23
2022-05-29T12:00:00.000Z,14.68
2022-05-29T13:00:00.000Z,14.62
2022-05-29T14:00:00.000Z,14.61
2022-05-29T15:00:00.000Z,25.03
2022-05-29T16:00:00.000Z,25.07
2022-05-29T17:00:00.000Z,25.08
2022-05-29T18:00:00.000Z,25.01
2022-05-29T19:00:00.000Z,13.34
2022-05-29T20:00:00.000Z,12.63
2022-05-29T21:00:00.000Z,12.24
2022-05-29T22:00:00.000Z,12.06
2022-05-29T23:00:00.000Z,11.80
2022-05-30T00:00:00.000Z,11.69
2022-05-30T01:00:00.000Z,11.61
2022-05-30T02:00:00.000Z,11.56
2022-05-30T03:00:00.000Z,11.61
2022-05-30T04:00:00.000Z,12.00
2022-05-30T05:00:00.000Z,12.13
2022-05-30T06:00:00.000Z,12.64
2022-05-30T07:00:00.000Z,12.86
2022-05-30T08:00:00.000Z,15.20
2022-05-30T09:00:00.000Z,15.79
2022-05-30T10:00:00.000Z,18.51
2022-05-30T11:00:00.000Z,21.51
2022-05-30T12:00:00.000Z,25.05
2022-05-30T13:00:00.000Z,142.12
2022-05-30T14:00:00.000Z,187.12
2022-05-30T15:00:00.000Z,185.19
2022-05-30T16:00:00.000Z,191.54
2022-05-30T17:00:00.000Z,175.37
2022-05-30T18:00:00.000Z,173.54
2022-05-30T19:00:00.000Z,167.79
2022-05-30T20:00:00.000Z,164.12
2022-05-30T21:00:00.000Z,25.38
2022-05-30T22:00:00.000Z,14.73
2022-05-30T23:00:00.000Z,14.68
2022-05-31T00:00:00.000Z,14.71
2022-05-31T01:00:00.000Z,14.74
2022-05-31T02:00:00.000Z,15.18
2022-05-31T03:00:00.000Z,23.30
2022-05-31T04:00:00.000Z,28.73
2022-05-31T05:00:00.000Z,25.03
2022-05-31T06:00:00.000Z,194.86
2022-05-31T07:00:00.000Z,192.97
2022-05-31T08:00:00.000Z,183.60
2022-05-31T09:00:00.000Z,147.00
2022-05-31T10:00:00.000Z,150.88
2022-05-31T11:00:00.000Z,31.41
2022-05-31T12:00:00.000Z,29.67
2022-05-31T13:00:00.000Z,25.13
2022-05-31T14:00:00.000Z,23.53
2022-05-31T15:00:00.000Z,22.26
2022-05-31T16:00:00.000Z,27.02
2022-05-31T17:00:00.000Z,23.67
2022-05-31T18:00:00.000Z,81.95
2022-05-31T19:00:00.000Z,31.03
2022-05-31T20:00:00.000Z,22.98
2022-05-31T21:00:00.000Z,18.42
2022-05-31T22:00:00.000Z,10.00
2022-05-31T23:00:00.000Z,9.50
2022-06-01T00:00:00.000Z,9.00
2022-06-01T01:00:00.000Z,9.99
2022-06-01T02:00:00.000Z,11.59
2022-06-01T03:00:00.000Z,31.88
2022-06-01T04:00:00.000Z,84.21
2022-06-01T05:00:00.000Z,111.86
2022-06-01T06:00:00.000Z,112.88
2022-06-01T07:00:00.000Z,114.13
2022-06-01T08:00:00.000Z,100.49
2022-06-01T09:00:00.000Z,101.48
2022-06-01T10:00:00.000Z,109.77
2022-06-01T11:00:00.000Z,110.05
2022-06-01T12:00:00.000Z,105.95
2022-06-01T13:00:00.000Z,105.90
2022-06-01T14:00:00.000Z,50.15
2022-06-01T15:00:00.000Z,48.02
2022-06-01T16:00:00.000Z,33.37
2022-06-01T17:00:00.000Z,31.09
2022-06-01T18:00:00.000Z,46.58
2022-06-01T19:00:00.000Z,33.24
2022-06-01T20:00:00.000Z,28.49
2022-06-01T21:00:00.000Z,30.19
2022-06-01T22:00:00.000Z,25.09
2022-06-01T23:00:00.000Z,23.15
2022-06-02T00:00:00.000Z,16.80
2022-06-02T01:00:00.000Z,14.77
2022-06-02T02:00:00.000Z,16.23
2022-06-02T03:00:00.000Z,23.15
2022-06-02T04:00:00.000Z,23.16
2022-06-02T05:00:00.000Z,25.80
2022-06-02T06:00:00.000Z,150.38
2022-06-02T07:00:00.000Z,135.51
2022-06-02T08:00:00.000Z,127.14
2022-06-02T09:00:00.000Z,122.34
2022-06-02T10:00:00.000Z,115.60
2022-06-02T11:00:00.000Z,113.05
2022-06-02T12:00:00.000Z,110.78
2022-06-02T13:00:00.000Z,112.83
2022-06-02T14:00:00.000Z,12.94
2022-06-02T15:00:00.000Z,12.86
2022-06-02T16:00:00.000Z,13.41
2022-06-02T17:00:00.000Z,13.21
2022-06-02T18:00:00.000Z,12.97
2022-06-02T19:00:00.000Z,12.97
2022-06-02T20:00:00.000Z,12.97
2022-06-02T21:00:00.000Z,12.59
2022-06-02T22:00:00.000Z,12.67
2022-06-02T23:00:00.000Z,12.39
2022-06-03T00:00:00.000Z,11.74
2022-06-03T01:00:00.000Z,11.61
2022-06-03T02:00:00.000Z,12.36
2022-06-03T03:00:00.000Z,12.41
2022-06-03T04:00:00.000Z,12.32
2022-06-03T05:00:00.000Z,12.45
2022-06-03T06:00:00.000Z,12.55
2022-06-03T07:00:00.000Z,12.54
2022-06-03T08:00:00.000Z,12.47
2022-06-03T09:00:00.000Z,12.40
2022-06-03T10:00:00.000Z,12.35
2022-06-03T11:00:00.000Z,12.30
2022-06-03T12:00:00.000Z,11.79
2022-06-03T13:00:00.000Z,11.70
2022-06-03T14:00:00.000Z,11.64
2022-06-03T15:00:00.000Z,11.72
2022-06-03T16:00:00.000Z,11.80
2022-06-03T17:00:00.000Z,12.04
2022-06-03T18:00:00.000Z,12.03
2022-06-03T19:00:00.000Z,11.62
2022-06-03T20:00:00.000Z,10.80
2022-06-03T21:00:00.000Z,11.55
2022-06-03T22:00:00.000Z,11.42
2022-06-03T23:00:00.000Z,11.25
2022-06-04T00:00:00.000Z,10.49
2022-06-04T01:00:00.000Z,9.95
2022-06-04T02:00:00.000Z,9.79
2022-06-04T03:00:00.000Z,9.70
2022-06-04T04:00:00.000Z,9.72
2022-06-04T05:00:00.000Z,10.32
2022-06-04T06:00:00.000Z,10.02
2022-06-04T07:00:00.000Z,9.62
2022-06-04T08:00:00.000Z,9.07
2022-06-04T09:00:00.000Z,7.79
2022-06-04T10:00:00.000Z,7.45
2022-06-04T11:00:00.000Z,7.14
2022-06-04T12:00:00.000Z,6.40
2022-06-04T13:00:00.000Z,6.02
2022-06-04T14:00:00.000Z,5.92
2022-06-04T15:00:00.000Z,5.82
2022-06-04T16:00:00.000Z,5.80
2022-06-04T17:00:00.000Z,5.74
2022-06-04T18:00:00.000Z,5.71
2022-06-04T19:00:00.000Z,5.70
2022-06-04T20:00:00.000Z,5.76
2022-06-04T21:00:00.000Z,6.36
2022-06-04T22:00:00.000Z,5.42
2022-06-04T23:00:00.000Z,5.89
2022-06-05T00:00:00.000Z,5.85
2022-06-05T01:00:00.000Z,6.07
2022-06-05T02:00:00.000Z,6.37
2022-06-05T03:00:00.000Z,5.75
2022-06-05T04:00:00.000Z,4.50
2022-06-05T05:00:00.000Z,5.70
2022-06-05T06:00:00.000Z,6.16
2022-06-05T07:00:00.000Z,6.29
2022-06-05T08:00:00.000Z,6.28
2022-06-05T09:00:00.000Z,6.34
2022-06-05T10:00:00.000Z,6.26
2022-06-05T11:00:00.000Z,5.52
2022-06-05T12:00:00.000Z,5.69
2022-06-05T13:00:00.000Z,6.23
2022-06-05T14:00:00.000Z,7.23
2022-06-05T15:00:00.000Z,10.50
2022-06-05T16:00:00.000Z,11.04
2022-06-05T17:00:00.000Z,11.41
2022-06-05T18:00:00.000Z,11.57
2022-06-05T19:00:00.000Z,11.69
2022-06-05T20:00:00.000Z,11.54
2022-06-05T21:00:00.000Z,12.02
2022-06-05T22:00:00.000Z,11.88
2022-06-05T23:00:00.000Z,11.81
2022-06-06T00:00:00.000Z,11.50
2022-06-06T01:00:00.000Z,11.42
2022-06-06T02:00:00.000Z,11.42
2022-06-06T03:00:00.000Z,11.42
2022-06-06T04:00:00.000Z,11.39
2022-06-06T05:00:00.000Z,11.53
2022-06-06T06:00:00.000Z,11.55
2022-06-06T07:00:00.000Z,11.50
2022-06-06T08:00:00.000Z,11.55
2022-06-06T09:00:00.000Z,11.33
2022-06-06T10:00:00.000Z,5.95
2022-06-06T11:00:00.000Z,5.56
2022-06-06T12:00:00.000Z,5.70
2022-06-06T13:00:00.000Z,9.40
2022-06-06T14:00:00.000Z,11.30
2022-06-06T15:00:00.000Z,11.19
2022-06-06T16:00:00.000Z,11.07
2022-06-06T17:00:00.000Z,11.00
2022-06-06T18:00:00.000Z,10.98
2022-06-06T19:00:00.000Z,10.97
2022-06-06T20:00:00.000Z,10.95
2022-06-06T21:00:00.000Z,11.43
2022-06-06T22:00:00.000Z,12.01
2022-06-06T23:00:00.000Z,12.01
2022-06-07T00:00:00.000Z,12.01
2022-06-07T01:00:00.000Z,12.01
2022-06-07T02:00:00.000Z,12.01
2022-06-07T03:00:00.000Z,12.16
2022-06-07T04:00:00.000Z,12.10
2022-06-07T05:00:00.000Z,13.03
2022-06-07T06:00:00.000Z,18.81
2022-06-07T07:00:00.000Z,23.03
2022-06-07T08:00:00.000Z,14.31
2022-06-07T09:00:00.000Z,12.07
2022-06-07T10:00:00.000Z,11.67
2022-06-07T11:00:00.000Z,10.97
2022-06-07T12:00:00.000Z,9.95
2022-06-07T13:00:00.000Z,9.05
2022-06-07T14:00:00.000Z,8.07
2022-06-07T15:00:00.000Z,7.66
2022-06-07T16:00:00.000Z,7.56
2022-06-07T17:00:00.000Z,7.47
2022-06-07T18:00:00.000Z,7.55
2022-06-07T19:00:00.000Z,7.60
2022-06-07T20:00:00.000Z,7.50
2022-06-07T21:00:00.000Z,8.90
2022-06-07T22:00:00.000Z,8.85
2022-06-07T23:00:00.000Z,7.33
2022-06-08T00:00:00.000Z,7.01
2022-06-08T01:00:00.000Z,6.84
2022-06-08T02:00:00.000Z,6.89
2022-06-08T03:00:00.000Z,7.77
2022-06-08T04:00:00.000Z,6.99
2022-06-08T05:00:00.000Z,9.00
2022-06-08T06:00:00.000Z,9.36
2022-06-08T07:00:00.000Z,9.90
2022-06-08T08:00:00.000Z,9.58
2022-06-08T09:00:00.000Z,9.10
2022-06-08T10:00:00.000Z,8.25
2022-06-08T11:00:00.000Z,7.88
2022-06-08T12:00:00.000Z,7.47
2022-06-08T13:00:00.000Z,7.16
2022-06-08T14:00:00.000Z,7.08
2022-06-08T15:00:00.000Z,6.97
2022-06-08T16:00:00.000Z,7.00
2022-06-08T17:00:00.000Z,7.03
2022-06-08T18:00:00.000Z,7.34
2022-06-08T19:00:00.000Z,7.40
2022-06-08T20:00:00.000Z,7.36
2022-06-08T21:00:00.000Z,8.13
2022-06-08T22:00:00.000Z,10.02
2022-06-08T23:00:00.000Z,9.87
2022-06-09T00:00:00.000Z,9.94
2022-06-09T01:00:00.000Z,10.01
2022-06-09T02:00:00.000Z,10.05
2022-06-09T03:00:00.000Z,10.57
2022-06-09T04:00:00.000Z,9.22
2022-06-09T05:00:00.000Z,10.01
2022-06-09T06:00:00.000Z,11.03
2022-06-09T07:00:00.000Z,11.06
2022-06-09T08:00:00.000Z,10.51
2022-06-09T09:00:00.000Z,10.09
2022-06-09T10:00:00.000Z,9.98
2022-06-09T11:00:00.000Z,9.79
2022-06-09T12:00:00.000Z,9.44
2022-06-09T13:00:00.000Z,8.94
2022-06-09T14:00:00.000Z,8.39
2022-06-09T15:00:00.000Z,8.21
2022-06-09T16:00:00.000Z,8.26
2022-06-09T17:00:00.000Z,8.40
2022-06-09T18:00:00.000Z,9.10
2022-06-09T19:00:00.000Z,9.15
2022-06-09T20:00:00.000Z,9.01
2022-06-09T21:00:00.000Z,9.74
2022-06-09T22:00:00.000Z,12.25
2022-06-09T23:00:00.000Z,12.31
2022-06-10T00:00:00.000Z,13.41
2022-06-10T01:00:00.000Z,13.72
2022-06-10T02:00:00.000Z,14.11
2022-06-10T03:00:00.000Z,22.77
2022-06-10T04:00:00.000Z,13.86
2022-06-10T05:00:00.000Z,15.84
2022-06-10T06:00:00.000Z,25.09
2022-06-10T07:00:00.000Z,26.15
2022-06-10T08:00:00.000Z,25.04
2022-06-10T09:00:00.000Z,20.01
2022-06-10T10:00:00.000Z,18.03
2022-06-10T11:00:00.000Z,13.90
2022-06-10T12:00:00.000Z,13.53
2022-06-10T13:00:00.000Z,12.09
2022-06-10T14:00:00.000Z,12.01
2022-06-10T15:00:00.000Z,13.94
2022-06-10T16:00:00.000Z,13.89
2022-06-10T17:00:00.000Z,13.86
2022-06-10T18:00:00.000Z,13.78
2022-06-10T19:00:00.000Z,13.65
2022-06-10T20:00:00.000Z,13.54
2022-06-10T21:00:00.000Z,13.75
2022-06-10T22:00:00.000Z,13.93
2022-06-10T23:00:00.000Z,13.84
2022-06-11T00:00:00.000Z,13.66
2022-06-11T01:00:00.000Z,13.63
2022-06-11T02:00:00.000Z,13.61
2022-06-11T03:00:00.000Z,13.65
2022-06-11T04:00:00.000Z,12.81
2022-06-11T05:00:00.000Z,12.77
2022-06-11T06:00:00.000Z,13.37
2022-06-11T07:00:00.000Z,13.64
2022-06-11T08:00:00.000Z,13.68
2022-06-11T09:00:00.000Z,13.51
2022-06-11T10:00:00.000Z,11.06
2022-06-11T11:00:00.000Z,9.77
2022-06-11T12:00:00.000Z,4.23
2022-06-11T13:00:00.000Z,10.08
2022-06-11T14:00:00.000Z,11.68
2022-06-11T15:00:00.000Z,13.29
2022-06-11T16:00:00.000Z,13.28
2022-06-11T17:00:00.000Z,13.27
2022-06-11T18:00:00.000Z,13.13
2022-06-11T19:00:00.000Z,12.78
2022-06-11T20:00:00.000Z,12.09
2022-06-11T21:00:00.000Z,11.73
2022-06-11T22:00:00.000Z,10.69
2022-06-11T23:00:00.000Z,10.09
2022-06-12T00:00:00.000Z,9.05
2022-06-12T01:00:00.000Z,9.09
2022-06-12T02:00:00.000Z,10.36
2022-06-12T03:00:00.000Z,11.41
2022-06-12T04:00:00.000Z,11.22
2022-06-12T05:00:00.000Z,11.15
2022-06-12T06:00:00.000Z,11.64
2022-06-12T07:00:00.000Z,11.80
2022-06-12T08:00:00.000Z,11.85
2022-06-12T09:00:00.000Z,11.82
2022-06-12T10:00:00.000Z,11.63
2022-06-12T11:00:00.000Z,5.02
2022-06-12T12:00:00.000Z,2.00
2022-06-12T13:00:00.000Z,9.95
2022-06-12T14:00:00.000Z,10.25
2022-06-12T15:00:00.000Z,10.32
2022-06-12T16:00:00.000Z,10.46
2022-06-12T17:00:00.000Z,11.17
2022-06-12T18:00:00.000Z,11.07
2022-06-12T19:00:00.000Z,11.08
2022-06-12T20:00:00.000Z,10.98
2022-06-12T21:00:00.000Z,11.75
2022-06-12T22:00:00.000Z,10.06
2022-06-12T23:00:00.000Z,9.70
2022-06-13T00:00:00.000Z,9.82
2022-06-13T01:00:00.000Z,9.65
2022-06-13T02:00:00.000Z,9.71
2022-06-13T03:00:00.000Z,9.88
2022-06-13T04:00:00.000Z,7.88
2022-06-13T05:00:00.000Z,8.91
2022-06-13T06:00:00.000Z,10.42
2022-06-13T07:00:00.000Z,10.27
2022-06-13T08:00:00.000Z,10.10
2022-06-13T09:00:00.000Z,9.83
2022-06-13T10:00:00.000Z,8.96
2022-06-13T11:00:00.000Z,8.81
2022-06-13T12:00:00.000Z,8.67
2022-06-13T13:00:00.000Z,8.54
2022-06-13T14:00:00.000Z,8.09
2022-06-13T15:00:00.000Z,7.76
2022-06-13T16:00:00.000Z,7.86
2022-06-13T17:00:00.000Z,7.87
2022-06-13T18:00:00.000Z,8.58
2022-06-13T19:00:00.000Z,8.63
2022-06-13T20:00:00.000Z,8.50
2022-06-13T21:00:00.000Z,7.49
2022-06-13T22:00:00.000Z,7.70
2022-06-13T23:00:00.000Z,7.36
2022-06-14T00:00:00.000Z,7.08
2022-06-14T01:00:00.000Z,7.26
2022-06-14T02:00:00.000Z,7.33
2022-06-14T03:00:00.000Z,8.26
2022-06-14T04:00:00.000Z,9.38
2022-06-14T05:00:00.000Z,11.15
2022-06-14T06:00:00.000Z,12.99
2022-06-14T07:00:00.000Z,13.81
2022-06-14T08:00:00.000Z,14.19
2022-06-14T09:00:00.000Z,13.75
2022-06-14T10:00:00.000Z,13.83
2022-06-14T11:00:00.000Z,13.77
2022-06-14T12:00:00.000Z,13.57
2022-06-14T13:00:00.000Z,13.38
2022-06-14T14:00:00.000Z,12.84
2022-06-14T15:00:00.000Z,11.68
2022-06-14T16:00:00.000Z,10.98
2022-06-14T17:00:00.000Z,10.91
2022-06-14T18:00:00.000Z,11.10
2022-06-14T19:00:00.000Z,11.51
2022-06-14T20:00:00.000Z,11.54
2022-06-14T21:00:00.000Z,11.52
2022-06-14T22:00:00.000Z,11.07
2022-06-14T23:00:00.000Z,10.84
2022-06-15T00:00:00.000Z,9.61
2022-06-15T01:00:00.000Z,9.82
2022-06-15T02:00:00.000Z,11.07
2022-06-15T03:00:00.000Z,11.62
2022-06-15T04:00:00.000Z,11.58
2022-06-15T05:00:00.000Z,12.45
2022-06-15T06:00:00.000Z,13.12
2022-06-15T07:00:00.000Z,13.17
2022-06-15T08:00:00.000Z,13.04
2022-06-15T09:00:00.000Z,12.43
2022-06-15T10:00:00.000Z,12.08
2022-06-15T11:00:00.000Z,12.29
2022-06-15T12:00:00.000Z,12.35
2022-06-15T13:00:00.000Z,12.44
2022-06-15T14:00:00.000Z,13.08
2022-06-15T15:00:00.000Z,13.11
2022-06-15T16:00:00.000Z,13.17
2022-06-15T17:00:00.000Z,13.22
2022-06-15T18:00:00.000Z,13.24
2022-06-15T19:00:00.000Z,13.22
2022-06-15T20:00:00.000Z,13.09
2022-06-15T21:00:00.000Z,12.60
2022-06-15T22:00:00.000Z,11.74
2022-06-15T23:00:00.000Z,9.29
2022-06-16T00:00:00.000Z,8.02
2022-06-16T01:00:00.000Z,7.76
2022-06-16T02:00:00.000Z,8.29
2022-06-16T03:00:00.000Z,11.02
2022-06-16T04:00:00.000Z,11.06
2022-06-16T05:00:00.000Z,12.19
2022-06-16T06:00:00.000Z,12.93
2022-06-16T07:00:00.000Z,12.49
2022-06-16T08:00:00.000Z,12.27
2022-06-16T09:00:00.000Z,12.23
2022-06-16T10:00:00.000Z,12.21
2022-06-16T11:00:00.000Z,12.63
2022-06-16T12:00:00.000Z,12.19
2022-06-16T13:00:00.000Z,11.66
2022-06-16T14:00:00.000Z,11.60
2022-06-16T15:00:00.000Z,11.51
2022-06-16T16:00:00.000Z,11.51
2022-06-16T17:00:00.000Z,11.51
2022-06-16T18:00:00.000Z,11.59
2022-06-16T19:00:00.000Z,11.55
2022-06-16T20:00:00.000Z,11.09
2022-06-16T21:00:00.000Z,10.35
2022-06-16T22:00:00.000Z,11.79
2022-06-16T23:00:00.000Z,11.69
2022-06-17T00:00:00.000Z,11.55
2022-06-17T01:00:00.000Z,11.26
2022-06-17T02:00:00.000Z,11.47
2022-06-17T03:00:00.000Z,11.60
2022-06-17T04:00:00.000Z,11.72
2022-06-17T05:00:00.000Z,12.76
2022-06-17T06:00:00.000Z,13.11
2022-06-17T07:00:00.000Z,13.08
2022-06-17T08:00:00.000Z,12.88
2022-06-17T09:00:00.000Z,12.22
2022-06-17T10:00:00.000Z,11.79
2022-06-17T11:00:00.000Z,11.69
2022-06-17T12:00:00.000Z,11.17
2022-06-17T13:00:00.000Z,10.43
2022-06-17T14:00:00.000Z,9.73
2022-06-17T15:00:00.000Z,8.93
2022-06-17T16:00:00.000Z,8.81
2022-06-17T17:00:00.000Z,8.70
2022-06-17T18:00:00.000Z,8.56
2022-06-17T19:00:00.000Z,8.40
2022-06-17T20:00:00.000Z,8.17
2022-06-17T21:00:00.000Z,7.46
2022-06-17T22:00:00.000Z,6.06
2022-06-17T23:00:00.000Z,4.94
2022-06-18T00:00:00.000Z,2.77
2022-06-18T01:00:00.000Z,2.58
2022-06-18T02:00:00.000Z,2.63
2022-06-18T03:00:00.000Z,2.77
2022-06-18T04:00:00.000Z,2.82
2022-06-18T05:00:00.000Z,4.59
2022-06-18T06:00:00.000Z,5.77
2022-06-18T07:00:00.000Z,6.16
2022-06-18T08:00:00.000Z,6.28
2022-06-18T09:00:00.000Z,6.31
2022-06-18T10:00:00.000Z,6.28
2022-06-18T11:00:00.000Z,6.32
2022-06-18T12:00:00.000Z,6.06
2022-06-18T13:00:00.000Z,5.73
2022-06-18T14:00:00.000Z,5.87
2022-06-18T15:00:00.000Z,6.24
2022-06-18T16:00:00.000Z,6.57
2022-06-18T17:00:00.000Z,6.92
2022-06-18T18:00:00.000Z,7.04
2022-06-18T19:00:00.000Z,6.68
2022-06-18T20:00:00.000Z,6.43
2022-06-18T21:00:00.000Z,5.57
2022-06-18T22:00:00.000Z,3.14
2022-06-18T23:00:00.000Z,2.53
2022-06-19T00:00:00.000Z,1.95
2022-06-19T01:00:00.000Z,1.66
2022-06-19T02:00:00.000Z,1.49
2022-06-19T03:00:00.000Z,1.71
2022-06-19T04:00:00.000Z,2.04
2022-06-19T05:00:00.000Z,2.77
2022-06-19T06:00:00.000Z,3.67
2022-06-19T07:00:00.000Z,5.11
2022-06-19T08:00:00.000Z,6.00
2022-06-19T09:00:00.000Z,6.92
2022-06-19T10:00:00.000Z,6.98
2022-06-19T11:00:00.000Z,6.80
2022-06-19T12:00:00.000Z,7.67
2022-06-19T13:00:00.000Z,10.34
2022-06-19T14:00:00.000Z,9.91
2022-06-19T15:00:00.000Z,9.89
2022-06-19T16:00:00.000Z,10.42
2022-06-19T17:00:00.000Z,11.35
2022-06-19T18:00:00.000Z,11.89
2022-06-19T19:00:00.000Z,12.01
2022-06-19T20:00:00.000Z,11.81
2022-06-19T21:00:00.000Z,11.42
2022-06-19T22:00:00.000Z,13.80
2022-06-19T23:00:00.000Z,13.77
2022-06-20T00:00:00.000Z,13.77
2022-06-20T01:00:00.000Z,13.77
2022-06-20T02:00:00.000Z,13.74
2022-06-20T03:00:00.000Z,13.83
2022-06-20T04:00:00.000Z,13.88
2022-06-20T05:00:00.000Z,14.09
2022-06-20T06:00:00.000Z,20.91
2022-06-20T07:00:00.000Z,28.52
2022-06-20T08:00:00.000Z,14.39
2022-06-20T09:00:00.000Z,13.97
2022-06-20T10:00:00.000Z,13.91
2022-06-20T11:00:00.000Z,13.82
2022-06-20T12:00:00.000Z,13.74
2022-06-20T13:00:00.000Z,13.60
2022-06-20T14:00:00.000Z,13.40
2022-06-20T15:00:00.000Z,12.61
2022-06-20T16:00:00.000Z,12.39
2022-06-20T17:00:00.000Z,12.18
2022-06-20T18:00:00.000Z,12.02
2022-06-20T19:00:00.000Z,9.96
2022-06-20T20:00:00.000Z,8.47
2022-06-20T21:00:00.000Z,7.15
2022-06-20T22:00:00.000Z,6.25
2022-06-20T23:00:00.000Z,5.94
2022-06-21T00:00:00.000Z,5.83
2022-06-21T01:00:00.000Z,5.78
2022-06-21T02:00:00.000Z,5.78
2022-06-21T03:00:00.000Z,5.78
2022-06-21T04:00:00.000Z,5.67
2022-06-21T05:00:00.000Z,5.91
2022-06-21T06:00:00.000Z,6.09
2022-06-21T07:00:00.000Z,6.39
2022-06-21T08:00:00.000Z,6.91
2022-06-21T09:00:00.000Z,8.07
2022-06-21T10:00:00.000Z,10.23
2022-06-21T11:00:00.000Z,12.01
2022-06-21T12:00:00.000Z,12.28
2022-06-21T13:00:00.000Z,12.27
2022-06-21T14:00:00.000Z,12.31
2022-06-21T15:00:00.000Z,12.31
2022-06-21T16:00:00.000Z,12.31
2022-06-21T17:00:00.000Z,13.09
2022-06-21T18:00:00.000Z,13.14
2022-06-21T19:00:00.000Z,13.24
2022-06-21T20:00:00.000Z,12.48
2022-06-21T21:00:00.000Z,12.24
2022-06-21T22:00:00.000Z,10.64
2022-06-21T23:00:00.000Z,7.97
2022-06-22T00:00:00.000Z,7.55
2022-06-22T01:00:00.000Z,10.00
2022-06-22T02:00:00.000Z,12.05
2022-06-22T03:00:00.000Z,12.06
2022-06-22T04:00:00.000Z,11.52
2022-06-22T05:00:00.000Z,12.60
2022-06-22T06:00:00.000Z,12.20
2022-06-22T07:00:00.000Z,12.03
2022-06-22T08:00:00.000Z,11.68
2022-06-22T09:00:00.000Z,10.88
2022-06-22T10:00:00.000Z,10.68
2022-06-22T11:00:00.000Z,10.51
2022-06-22T12:00:00.000Z,10.56
2022-06-22T13:00:00.000Z,9.27
2022-06-22T14:00:00.000Z,9.68
2022-06-22T15:00:00.000Z,9.02
2022-06-22T16:00:00.000Z,8.64
2022-06-22T17:00:00.000Z,7.56
2022-06-22T18:00:00.000Z,7.36
2022-06-22T19:00:00.000Z,6.77
2022-06-22T20:00:00.000Z,5.91
2022-06-22T21:00:00.000Z,5.54
2022-06-22T22:00:00.000Z,4.69
2022-06-22T23:00:00.000Z,2.90
2022-06-23T00:00:00.000Z,2.42
2022-06-23T01:00:00.000Z,2.44
2022-06-23T02:00:00.000Z,2.44
2022-06-23T03:00:00.000Z,2.44
2022-06-23T04:00:00.000Z,2.90
2022-06-23T05:00:00.000Z,5.02
2022-06-23T06:00:00.000Z,5.41
2022-06-23T07:00:00.000Z,5.43
2022-06-23T08:00:00.000Z,5.44
2022-06-23T09:00:00.000Z,5.46
2022-06-23T10:00:00.000Z,5.48
2022-06-23T11:00:00.000Z,6.03
2022-06-23T12:00:00.000Z,6.10
2022-06-23T13:00:00.000Z,6.12
2022-06-23T14:00:00.000Z,6.16
2022-06-23T15:00:00.000Z,6.19
2022-06-23T16:00:00.000Z,6.26
2022-06-23T17:00:00.000Z,6.36
2022-06-23T18:00:00.000Z,6.46
2022-06-23T19:00:00.000Z,6.90
2022-06-23T20:00:00.000Z,7.51
2022-06-23T22:00:00.000Z,5.35
2022-06-23T23:00:00.000Z,4.91
2022-06-24T00:00:00.000Z,4.94
2022-06-24T01:00:00.000Z,5.32
2022-06-24T02:00:00.000Z,5.53
2022-06-24T03:00:00.000Z,5.76
2022-06-24T04:00:00.000Z,6.34
2022-06-24T05:00:00.000Z,7.07
2022-06-24T06:00:00.000Z,7.20
2022-06-24T07:00:00.000Z,7.25
2022-06-24T08:00:00.000Z,7.24
2022-06-24T09:00:00.000Z,7.23
2022-06-24T10:00:00.000Z,7.21
2022-06-24T11:00:00.000Z,7.17
2022-06-24T12:00:00.000Z,7.11
2022-06-24T13:00:00.000Z,7.12
2022-06-24T14:00:00.000Z,7.08
2022-06-24T15:00:00.000Z,7.03
2022-06-24T16:00:00.000Z,7.05
2022-06-24T17:00:00.000Z,6.98
2022-06-24T18:00:00.000Z,6.82
2022-06-24T19:00:00.000Z,5.99
2022-06-24T20:00:00.000Z,5.91
2022-06-24T21:00:00.000Z,5.63
2022-06-24T22:00:00.000Z,4.05
2022-06-24T23:00:00.000Z,2.98
2022-06-25T00:00:00.000Z,2.74
2022-06-25T01:00:00.000Z,2.50
2022-06-25T02:00:00.000Z,2.43
2022-06-25T03:00:00.000Z,2.42
2022-06-25T04:00:00.000Z,2.35
2022-06-25T05:00:00.000Z,2.46
2022-06-25T06:00:00.000Z,2.78
2022-06-25T07:00:00.000Z,3.01
2022-06-25T08:00:00.000Z,3.89
2022-06-25T09:00:00.000Z,4.18
2022-06-25T10:00:00.000Z,4.53
2022-06-25T11:00:00.000Z,4.60
2022-06-25T12:00:00.000Z,4.63
2022-06-25T13:00:00.000Z,4.66
2022-06-25T14:00:00.000Z,4.70
2022-06-25T15:00:00.000Z,4.74
2022-06-25T16:00:00.000Z,4.75
2022-06-25T17:00:00.000Z,4.76
2022-06-25T18:00:00.000Z,4.78
2022-06-25T19:00:00.000Z,4.78
2022-06-25T20:00:00.000Z,4.78
2022-06-25T21:00:00.000Z,4.79
2022-06-25T22:00:00.000Z,3.92
2022-06-25T23:00:00.000Z,3.80
2022-06-26T00:00:00.000Z,3.68
2022-06-26T01:00:00.000Z,3.62
2022-06-26T02:00:00.000Z,3.61
2022-06-26T03:00:00.000Z,3.66
2022-06-26T04:00:00.000Z,3.56
2022-06-26T05:00:00.000Z,3.60
2022-06-26T06:00:00.000Z,3.71
2022-06-26T07:00:00.000Z,3.82
2022-06-26T08:00:00.000Z,3.79
2022-06-26T09:00:00.000Z,3.75
2022-06-26T10:00:00.000Z,3.72
2022-06-26T11:00:00.000Z,3.66
2022-06-26T12:00:00.000Z,3.59
2022-06-26T13:00:00.000Z,3.56
2022-06-26T14:00:00.000Z,3.44
2022-06-26T15:00:00.000Z,3.03
2022-06-26T16:00:00.000Z,3.06
2022-06-26T17:00:00.000Z,3.03
2022-06-26T18:00:00.000Z,2.42
2022-06-26T19:00:00.000Z,1.98
2022-06-26T20:00:00.000Z,2.03
2022-06-26T21:00:00.000Z,2.00
2022-06-26T22:00:00.000Z,1.91
2022-06-26T23:00:00.000Z,1.93
2022-06-27T00:00:00.000Z,2.05
2022-06-27T01:00:00.000Z,2.64
2022-06-27T02:00:00.000Z,3.06
2022-06-27T03:00:00.000Z,3.29
2022-06-27T04:00:00.000Z,3.54
2022-06-27T05:00:00.000Z,3.76
2022-06-27T06:00:00.000Z,3.77
2022-06-27T07:00:00.000Z,3.82
2022-06-27T08:00:00.000Z,3.77
2022-06-27T09:00:00.000Z,3.74
2022-06-27T10:00:00.000Z,3.69
2022-06-27T11:00:00.000Z,3.69
2022-06-27T12:00:00.000Z,3.69
2022-06-27T13:00:00.000Z,3.60
2022-06-27T14:00:00.000Z,3.53
2022-06-27T15:00:00.000Z,3.46
2022-06-27T16:00:00.000Z,3.44
2022-06-27T17:00:00.000Z,3.47
2022-06-27T18:00:00.000Z,3.48
2022-06-27T19:00:00.000Z,3.16
2022-06-27T20:00:00.000Z,3.05
2022-06-27T21:00:00.000Z,2.51
2022-06-27T22:00:00.000Z,2.96
2022-06-27T23:00:00.000Z,2.33
2022-06-28T00:00:00.000Z,2.00
2022-06-28T01:00:00.000Z,1.96
2022-06-28T02:00:00.000Z,1.96
2022-06-28T03:00:00.000Z,1.96
2022-06-28T04:00:00.000Z,1.87
2022-06-28T05:00:00.000Z,2.32
2022-06-28T06:00:00.000Z,2.42
2022-06-28T07:00:00.000Z,2.16
2022-06-28T08:00:00.000Z,1.89
2022-06-28T09:00:00.000Z,1.88
2022-06-28T10:00:00.000Z,1.83
2022-06-28T11:00:00.000Z,1.84
2022-06-28T12:00:00.000Z,1.84
2022-06-28T13:00:00.000Z,1.84
2022-06-28T14:00:00.000Z,1.83
2022-06-28T15:00:00.000Z,1.87
2022-06-28T16:00:00.000Z,1.93
2022-06-28T17:00:00.000Z,2.15
2022-06-28T18:00:00.000Z,2.17
2022-06-28T19:00:00.000Z,2.07
2022-06-28T20:00:00.000Z,2.34
2022-06-28T21:00:00.000Z,2.17
2022-06-28T22:00:00.000Z,2.55
2022-06-28T23:00:00.000Z,2.18
2022-06-29T00:00:00.000Z,2.03
2022-06-29T01:00:00.000Z,1.76
2022-06-29T02:00:00.000Z,1.90
2022-06-29T03:00:00.000Z,2.31
2022-06-29T04:00:00.000Z,2.98
2022-06-29T05:00:00.000Z,3.31
2022-06-29T06:00:00.000Z,3.97
2022-06-29T07:00:00.000Z,4.03
2022-06-29T08:00:00.000Z,4.06
2022-06-29T09:00:00.000Z,4.03
2022-06-29T10:00:00.000Z,4.06
2022-06-29T11:00:00.000Z,4.02
2022-06-29T12:00:00.000Z,3.98
2022-06-29T13:00:00.000Z,3.46
2022-06-29T14:00:00.000Z,3.45
2022-06-29T15:00:00.000Z,3.09
2022-06-29T16:00:00.000Z,3.05
2022-06-29T17:00:00.000Z,3.16
2022-06-29T18:00:00.000Z,3.07
2022-06-29T19:00:00.000Z,3.01
2022-06-29T20:00:00.000Z,2.96
2022-06-29T21:00:00.000Z,2.78
2022-06-29T22:00:00.000Z,2.12
2022-06-29T23:00:00.000Z,2.06
2022-06-30T00:00:00.000Z,2.09
2022-06-30T01:00:00.000Z,2.12
2022-06-30T02:00:00.000Z,2.24
2022-06-30T03:00:00.000Z,2.40
2022-06-30T04:00:00.000Z,2.75
2022-06-30T05:00:00.000Z,4.06
2022-06-30T06:00:00.000Z,4.02
2022-06-30T07:00:00.000Z,3.71
2022-06-30T08:00:00.000Z,3.39
2022-06-30T09:00:00.000Z,3.10
2022-06-30T10:00:00.000Z,3.08
2022-06-30T11:00:00.000Z,3.09
2022-06-30T12:00:00.000Z,3.10
2022-06-30T13:00:00.000Z,3.05
2022-06-30T14:00:00.000Z,3.04
2022-06-30T15:00:00.000Z,3.01
2022-06-30T16:00:00.000Z,3.00
2022-06-30T17:00:00.000Z,3.93
2022-06-30T18:00:00.000Z,3.48
2022-06-30T19:00:00.000Z,3.80
2022-06-30T20:00:00.000Z,4.08
2022-06-30T21:00:00.000Z,3.75
2022-06-30T22:00:00.000Z,1.98
2022-06-30T23:00:00.000Z,1.92
2022-07-01T00:00:00.000Z,1.87
2022-07-01T01:00:00.000Z,1.81
2022-07-01T02:00:00.000Z,1.81
2022-07-01T03:00:00.000Z,1.81
2022-07-01T04:00:00.000Z,2.32
2022-07-01T05:00:00.000Z,2.23
2022-07-01T06:00:00.000Z,2.83
2022-07-01T07:00:00.000Z,2.83
2022-07-01T08:00:00.000Z,2.83
2022-07-01T09:00:00.000Z,2.55
2022-07-01T10:00:00.000Z,2.32
2022-07-01T11:00:00.000Z,2.24
2022-07-01T12:00:00.000Z,1.97
2022-07-01T13:00:00.000Z,1.95
2022-07-01T14:00:00.000Z,1.93
2022-07-01T15:00:00.000Z,1.88
2022-07-01T16:00:00.000Z,1.93
2022-07-01T17:00:00.000Z,1.90
2022-07-01T18:00:00.000Z,1.88
2022-07-01T19:00:00.000Z,1.72
2022-07-01T20:00:00.000Z,1.86
2022-07-01T21:00:00.000Z,1.56
2022-07-01T22:00:00.000Z,1.50
2022-07-01T23:00:00.000Z,1.48
2022-07-02T00:00:00.000Z,1.47
2022-07-02T01:00:00.000Z,1.47
2022-07-02T02:00:00.000Z,1.47
2022-07-02T03:00:00.000Z,1.47
2022-07-02T04:00:00.000Z,1.47
2022-07-02T05:00:00.000Z,1.47
2022-07-02T06:00:00.000Z,1.51
2022-07-02T07:00:00.000Z,1.62
2022-07-02T08:00:00.000Z,1.92
2022-07-02T09:00:00.000Z,1.96
2022-07-02T10:00:00.000Z,1.96
2022-07-02T11:00:00.000Z,1.96
2022-07-02T12:00:00.000Z,1.96
2022-07-02T13:00:00.000Z,1.96
2022-07-02T14:00:00.000Z,1.91
2022-07-02T15:00:00.000Z,1.94
2022-07-02T16:00:00.000Z,2.08
2022-07-02T17:00:00.000Z,2.12
2022-07-02T18:00:00.000Z,2.10
2022-07-02T19:00:00.000Z,2.02
2022-07-02T20:00:00.000Z,1.90
2022-07-02T21:00:00.000Z,1.71
2022-07-02T22:00:00.000Z,1.43
2022-07-02T23:00:00.000Z,1.10
2022-07-03T00:00:00.000Z,1.00
2022-07-03T01:00:00.000Z,0.97
2022-07-03T02:00:00.000Z,0.98
2022-07-03T03:00:00.000Z,1.25
2022-07-03T04:00:00.000Z,1.41
2022-07-03T05:00:00.000Z,1.45
2022-07-03T06:00:00.000Z,1.47
2022-07-03T07:00:00.000Z,1.51
2022-07-03T08:00:00.000Z,1.65
2022-07-03T09:00:00.000Z,1.69
2022-07-03T10:00:00.000Z,1.74
2022-07-03T11:00:00.000Z,1.60
2022-07-03T12:00:00.000Z,1.51
2022-07-03T13:00:00.000Z,1.52
2022-07-03T14:00:00.000Z,1.74
2022-07-03T15:00:00.000Z,1.80
2022-07-03T16:00:00.000Z,1.82
2022-07-03T17:00:00.000Z,1.87
2022-07-03T18:00:00.000Z,1.90
2022-07-03T19:00:00.000Z,1.93
2022-07-03T20:00:00.000Z,1.93
2022-07-03T21:00:00.000Z,1.93
2022-07-03T22:00:00.000Z,2.00
2022-07-03T23:00:00.000Z,1.89
2022-07-04T00:00:00.000Z,1.93
2022-07-04T01:00:00.000Z,1.90
2022-07-04T02:00:00.000Z,1.93
2022-07-04T03:00:00.000Z,2.00
2022-07-04T04:00:00.000Z,2.17
2022-07-04T05:00:00.000Z,2.67
2022-07-04T06:00:00.000Z,2.85
2022-07-04T07:00:00.000Z,2.91
2022-07-04T08:00:00.000Z,2.96
2022-07-04T09:00:00.000Z,2.91
2022-07-04T10:00:00.000Z,2.83
2022-07-04T11:00:00.000Z,2.83
2022-07-04T12:00:00.000Z,2.83
2022-07-04T13:00:00.000Z,2.49
2022-07-04T14:00:00.000Z,2.14
2022-07-04T15:00:00.000Z,2.06
2022-07-04T16:00:00.000Z,1.96
2022-07-04T17:00:00.000Z,1.95
2022-07-04T18:00:00.000Z,1.98
2022-07-04T19:00:00.000Z,1.85
2022-07-04T20:00:00.000Z,1.56
2022-07-04T21:00:00.000Z,1.45
2022-07-04T22:00:00.000Z,0.97
2022-07-04T23:00:00.000Z,0.91
2022-07-05T00:00:00.000Z,0.89
2022-07-05T01:00:00.000Z,0.92
2022-07-05T02:00:00.000Z,1.01
2022-07-05T03:00:00.000Z,1.43
2022-07-05T04:00:00.000Z,1.82
2022-07-05T05:00:00.000Z,2.00
2022-07-05T06:00:00.000Z,2.07
2022-07-05T07:00:00.000Z,2.20
2022-07-05T08:00:00.000Z,2.17
2022-07-05T09:00:00.000Z,2.07
2022-07-05T10:00:00.000Z,1.98
2022-07-05T11:00:00.000Z,1.93
2022-07-05T12:00:00.000Z,1.80
2022-07-05T13:00:00.000Z,1.64
2022-07-05T14:00:00.000Z,1.51
2022-07-05T15:00:00.000Z,1.49
2022-07-05T16:00:00.000Z,1.48
2022-07-05T17:00:00.000Z,1.48
2022-07-05T18:00:00.000Z,1.48
2022-07-05T19:00:00.000Z,1.70
2022-07-05T20:00:00.000Z,1.51
2022-07-05T21:00:00.000Z,1.01
2022-07-05T22:00:00.000Z,1.28
2022-07-05T23:00:00.000Z,0.94
2022-07-06T00:00:00.000Z,0.89
2022-07-06T01:00:00.000Z,1.01
2022-07-06T02:00:00.000Z,1.44
2022-07-06T03:00:00.000Z,1.46
2022-07-06T04:00:00.000Z,1.47
2022-07-06T05:00:00.000Z,1.48
2022-07-06T06:00:00.000Z,1.49
2022-07-06T07:00:00.000Z,1.49
2022-07-06T08:00:00.000Z,1.49
2022-07-06T09:00:00.000Z,1.55
2022-07-06T10:00:00.000Z,1.61
2022-07-06T11:00:00.000Z,1.67
2022-07-06T12:00:00.000Z,1.84
2022-07-06T13:00:00.000Z,2.03
2022-07-06T14:00:00.000Z,2.19
2022-07-06T15:00:00.000Z,2.28
2022-07-06T16:00:00.000Z,2.30
2022-07-06T17:00:00.000Z,2.48
2022-07-06T18:00:00.000Z,2.39
2022-07-06T19:00:00.000Z,2.36
2022-07-06T20:00:00.000Z,2.16
2022-07-06T21:00:00.000Z,1.76
2022-07-06T22:00:00.000Z,1.50
2022-07-06T23:00:00.000Z,1.46
2022-07-07T00:00:00.000Z,1.44
2022-07-07T01:00:00.000Z,1.42
2022-07-07T02:00:00.000Z,1.40
2022-07-07T03:00:00.000Z,1.41
2022-07-07T04:00:00.000Z,1.45
2022-07-07T05:00:00.000Z,1.48
2022-07-07T06:00:00.000Z,1.47
2022-07-07T07:00:00.000Z,1.47
2022-07-07T08:00:00.000Z,1.47
2022-07-07T09:00:00.000Z,1.47
2022-07-07T10:00:00.000Z,1.47
2022-07-07T11:00:00.000Z,1.47
2022-07-07T12:00:00.000Z,1.44
2022-07-07T13:00:00.000Z,1.43
2022-07-07T14:00:00.000Z,1.42
2022-07-07T15:00:00.000Z,1.41
2022-07-07T16:00:00.000Z,1.41
2022-07-07T17:00:00.000Z,1.41
2022-07-07T18:00:00.000Z,1.41
2022-07-07T19:00:00.000Z,1.41
2022-07-07T20:00:00.000Z,1.41
2022-07-07T21:00:00.000Z,1.25
2022-07-07T22:00:00.000Z,0.48
2022-07-07T23:00:00.000Z,0.40
2022-07-08T00:00:00.000Z,0.44
2022-07-08T01:00:00.000Z,0.76
2022-07-08T02:00:00.000Z,1.15
2022-07-08T03:00:00.000Z,1.46
2022-07-08T04:00:00.000Z,1.45
2022-07-08T05:00:00.000Z,1.43
2022-07-08T06:00:00.000Z,1.41
2022-07-08T07:00:00.000Z,1.40
2022-07-08T08:00:00.000Z,1.27
2022-07-08T09:00:00.000Z,1.26
2022-07-08T10:00:00.000Z,1.25
2022-07-08T11:00:00.000Z,1.24
2022-07-08T12:00:00.000Z,1.22
2022-07-08T13:00:00.000Z,1.19
2022-07-08T14:00:00.000Z,1.07
2022-07-08T15:00:00.000Z,1.06
2022-07-08T16:00:00.000Z,1.04
2022-07-08T17:00:00.000Z,1.03
2022-07-08T18:00:00.000Z,1.05
2022-07-08T19:00:00.000Z,1.07
2022-07-08T20:00:00.000Z,1.08
2022-07-08T21:00:00.000Z,1.06
2022-07-08T22:00:00.000Z,1.46
2022-07-08T23:00:00.000Z,1.45
2022-07-09T00:00:00.000Z,1.43
2022-07-09T01:00:00.000Z,1.43
2022-07-09T02:00:00.000Z,1.43
2022-07-09T03:00:00.000Z,1.43
2022-07-09T04:00:00.000Z,1.43
2022-07-09T05:00:00.000Z,1.43
2022-07-09T06:00:00.000Z,1.45
2022-07-09T07:00:00.000Z,1.46
2022-07-09T08:00:00.000Z,1.46
2022-07-09T09:00:00.000Z,1.46
2022-07-09T10:00:00.000Z,1.49
2022-07-09T11:00:00.000Z,1.51
2022-07-09T12:00:00.000Z,1.57
2022-07-09T13:00:00.000Z,1.53
2022-07-09T14:00:00.000Z,1.74
2022-07-09T15:00:00.000Z,1.77
2022-07-09T16:00:00.000Z,1.79
2022-07-09T17:00:00.000Z,1.82
2022-07-09T18:00:00.000Z,1.90
2022-07-09T19:00:00.000Z,1.98
2022-07-09T20:00:00.000Z,1.98
2022-07-09T21:00:00.000Z,1.98
2022-07-09T22:00:00.000Z,1.75
2022-07-09T23:00:00.000Z,1.49
2022-07-10T00:00:00.000Z,1.35
2022-07-10T01:00:00.000Z,1.41
2022-07-10T02:00:00.000Z,1.23
2022-07-10T03:00:00.000Z,1.01
2022-07-10T04:00:00.000Z,1.40
2022-07-10T05:00:00.000Z,1.46
2022-07-10T06:00:00.000Z,1.57
2022-07-10T07:00:00.000Z,1.90
2022-07-10T08:00:00.000Z,2.14
2022-07-10T09:00:00.000Z,2.10
2022-07-10T10:00:00.000Z,2.09
2022-07-10T11:00:00.000Z,2.06
2022-07-10T12:00:00.000Z,2.07
2022-07-10T13:00:00.000Z,2.09
2022-07-10T14:00:00.000Z,2.14
2022-07-10T15:00:00.000Z,2.30
2022-07-10T16:00:00.000Z,2.42
2022-07-10T17:00:00.000Z,2.53
2022-07-10T18:00:00.000Z,2.58
2022-07-10T19:00:00.000Z,2.66
2022-07-10T20:00:00.000Z,2.64
2022-07-10T21:00:00.000Z,2.54
2022-07-10T22:00:00.000Z,3.00
2022-07-10T23:00:00.000Z,2.90
2022-07-11T00:00:00.000Z,2.85
2022-07-11T01:00:00.000Z,2.83
2022-07-11T02:00:00.000Z,2.86
2022-07-11T03:00:00.000Z,2.89
2022-07-11T04:00:00.000Z,3.14
2022-07-11T05:00:00.000Z,3.75
2022-07-11T06:00:00.000Z,3.86
2022-07-11T07:00:00.000Z,3.82
2022-07-11T08:00:00.000Z,3.73
2022-07-11T09:00:00.000Z,3.61
2022-07-11T10:00:00.000Z,3.49
2022-07-11T11:00:00.000Z,3.41
2022-07-11T12:00:00.000Z,3.29
2022-07-11T13:00:00.000Z,3.08
2022-07-11T14:00:00.000Z,2.99
2022-07-11T15:00:00.000Z,2.98
2022-07-11T16:00:00.000Z,2.99
2022-07-11T17:00:00.000Z,3.04
2022-07-11T18:00:00.000Z,3.11
2022-07-11T19:00:00.000Z,3.35
2022-07-11T20:00:00.000Z,2.99
2022-07-11T21:00:00.000Z,2.85
2022-07-11T22:00:00.000Z,2.10
2022-07-11T23:00:00.000Z,1.91
2022-07-12T00:00:00.000Z,1.75
2022-07-12T01:00:00.000Z,1.62
2022-07-12T02:00:00.000Z,1.54
2022-07-12T03:00:00.000Z,1.52
2022-07-12T04:00:00.000Z,1.58
2022-07-12T05:00:00.000Z,1.61
2022-07-12T06:00:00.000Z,1.67
2022-07-12T07:00:00.000Z,1.75
2022-07-12T08:00:00.000Z,1.85
2022-07-12T09:00:00.000Z,1.93
2022-07-12T10:00:00.000Z,1.95
2022-07-12T11:00:00.000Z,1.94
2022-07-12T12:00:00.000Z,1.88
2022-07-12T13:00:00.000Z,1.86
2022-07-12T14:00:00.000Z,1.85
2022-07-12T15:00:00.000Z,1.82
2022-07-12T16:00:00.000Z,1.85
2022-07-12T17:00:00.000Z,1.85
2022-07-12T18:00:00.000Z,1.85
2022-07-12T19:00:00.000Z,1.84
2022-07-12T20:00:00.000Z,1.83
2022-07-12T21:00:00.000Z,1.78
2022-07-12T22:00:00.000Z,1.63
2022-07-12T23:00:00.000Z,1.60
2022-07-13T00:00:00.000Z,1.57
2022-07-13T01:00:00.000Z,1.58
2022-07-13T02:00:00.000Z,1.59
2022-07-13T03:00:00.000Z,1.63
2022-07-13T04:00:00.000Z,1.69
2022-07-13T05:00:00.000Z,1.85
2022-07-13T06:00:00.000Z,1.90
2022-07-13T07:00:00.000Z,1.94
2022-07-13T08:00:00.000Z,1.95
2022-07-13T09:00:00.000Z,1.94
2022-07-13T10:00:00.000Z,1.91
2022-07-13T11:00:00.000Z,1.89
2022-07-13T12:00:00.000Z,1.83
2022-07-13T13:00:00.000Z,1.79
2022-07-13T14:00:00.000Z,1.79
2022-07-13T15:00:00.000Z,1.79
2022-07-13T16:00:00.000Z,1.79
2022-07-13T17:00:00.000Z,1.82
2022-07-13T18:00:00.000Z,1.85
2022-07-13T19:00:00.000Z,1.85
2022-07-13T20:00:00.000Z,1.85
2022-07-13T21:00:00.000Z,1.44
2022-07-13T22:00:00.000Z,1.43
2022-07-13T23:00:00.000Z,1.00
2022-07-14T00:00:00.000Z,0.82
2022-07-14T01:00:00.000Z,0.59
2022-07-14T02:00:00.000Z,0.66
2022-07-14T03:00:00.000Z,0.93
2022-07-14T04:00:00.000Z,1.40
2022-07-14T05:00:00.000Z,1.68
2022-07-14T06:00:00.000Z,1.80
2022-07-14T07:00:00.000Z,1.81
2022-07-14T08:00:00.000Z,1.81
2022-07-14T09:00:00.000Z,1.81
2022-07-14T10:00:00.000Z,1.74
2022-07-14T11:00:00.000Z,1.68
2022-07-14T12:00:00.000Z,1.63
2022-07-14T13:00:00.000Z,1.56
2022-07-14T14:00:00.000Z,1.52
2022-07-14T15:00:00.000Z,1.49
2022-07-14T16:00:00.000Z,1.48
2022-07-14T17:00:00.000Z,1.49
2022-07-14T18:00:00.000Z,1.49
2022-07-14T19:00:00.000Z,1.49
2022-07-14T20:00:00.000Z,1.49
2022-07-14T21:00:00.000Z,1.28
2022-07-14T22:00:00.000Z,1.28
2022-07-14T23:00:00.000Z,1.10
2022-07-15T00:00:00.000Z,0.94
2022-07-15T01:00:00.000Z,0.91
2022-07-15T02:00:00.000Z,0.77
2022-07-15T03:00:00.000Z,1.06
2022-07-15T04:00:00.000Z,1.43
2022-07-15T05:00:00.000Z,1.56
2022-07-15T06:00:00.000Z,1.65
2022-07-15T07:00:00.000Z,1.67
2022-07-15T08:00:00.000Z,1.68
2022-07-15T09:00:00.000Z,1.67
2022-07-15T10:00:00.000Z,1.61
2022-07-15T11:00:00.000Z,1.54
2022-07-15T12:00:00.000Z,1.49
2022-07-15T13:00:00.000Z,1.47
2022-07-15T14:00:00.000Z,1.48
2022-07-15T15:00:00.000Z,1.48
2022-07-15T16:00:00.000Z,1.48
2022-07-15T17:00:00.000Z,1.48
2022-07-15T18:00:00.000Z,1.48
2022-07-15T19:00:00.000Z,1.51
2022-07-15T20:00:00.000Z,1.49
2022-07-15T21:00:00.000Z,1.43
2022-07-15T22:00:00.000Z,1.59
2022-07-15T23:00:00.000Z,1.51
2022-07-16T00:00:00.000Z,1.49
2022-07-16T01:00:00.000Z,1.46
2022-07-16T02:00:00.000Z,1.41
2022-07-16T03:00:00.000Z,1.41
2022-07-16T04:00:00.000Z,1.41
2022-07-16T05:00:00.000Z,1.41
2022-07-16T06:00:00.000Z,1.43
2022-07-16T07:00:00.000Z,1.48
2022-07-16T08:00:00.000Z,1.50
2022-07-16T09:00:00.000Z,1.07
2022-07-16T10:00:00.000Z,0.08
2022-07-16T11:00:00.000Z,0.08
2022-07-16T12:00:00.000Z,0.08
2022-07-16T13:00:00.000Z,0.06
2022-07-16T14:00:00.000Z,1.03
2022-07-16T15:00:00.000Z,1.45
2022-07-16T16:00:00.000Z,1.48
2022-07-16T17:00:00.000Z,1.49
2022-07-16T18:00:00.000Z,1.48
2022-07-16T19:00:00.000Z,1.46
2022-07-16T20:00:00.000Z,1.45
2022-07-16T21:00:00.000Z,1.41
2022-07-16T22:00:00.000Z,1.51
2022-07-16T23:00:00.000Z,1.45
2022-07-17T00:00:00.000Z,1.45
2022-07-17T01:00:00.000Z,1.45
2022-07-17T02:00:00.000Z,1.45
2022-07-17T03:00:00.000Z,1.49
2022-07-17T04:00:00.000Z,1.51
2022-07-17T05:00:00.000Z,1.55
2022-07-17T06:00:00.000Z,1.81
2022-07-17T07:00:00.000Z,1.98
2022-07-17T08:00:00.000Z,2.00
2022-07-17T09:00:00.000Z,1.96
2022-07-17T10:00:00.000Z,1.93
2022-07-17T11:00:00.000Z,1.90
2022-07-17T12:00:00.000Z,1.87
2022-07-17T13:00:00.000Z,1.83
2022-07-17T14:00:00.000Z,1.76
2022-07-17T15:00:00.000Z,1.80
2022-07-17T16:00:00.000Z,1.83
2022-07-17T17:00:00.000Z,1.85
2022-07-17T18:00:00.000Z,1.84
2022-07-17T19:00:00.000Z,1.82
2022-07-17T20:00:00.000Z,1.81
2022-07-17T22:00:00.000Z,1.75
2022-07-17T23:00:00.000Z,1.74
2022-07-18T00:00:00.000Z,1.73
2022-07-18T01:00:00.000Z,1.74
2022-07-18T02:00:00.000Z,1.75
2022-07-18T03:00:00.000Z,1.77
2022-07-18T04:00:00.000Z,1.78
2022-07-18T05:00:00.000Z,1.88
2022-07-18T06:00:00.000Z,2.04
2022-07-18T07:00:00.000Z,2.06
2022-07-18T08:00:00.000Z,2.03
2022-07-18T09:00:00.000Z,1.96
2022-07-18T10:00:00.000Z,1.90
2022-07-18T11:00:00.000Z,1.88
2022-07-18T12:00:00.000Z,1.81
2022-07-18T13:00:00.000Z,1.79
2022-07-18T14:00:00.000Z,1.78
2022-07-18T15:00:00.000Z,1.76
2022-07-18T16:00:00.000Z,1.76
2022-07-18T17:00:00.000Z,1.76
2022-07-18T18:00:00.000Z,1.73
2022-07-18T19:00:00.000Z,1.73
2022-07-18T20:00:00.000Z,1.73
2022-07-18T21:00:00.000Z,1.71
2022-07-18T22:00:00.000Z,1.97
2022-07-18T23:00:00.000Z,1.96
2022-07-19T00:00:00.000Z,1.98
2022-07-19T01:00:00.000Z,2.00
2022-07-19T02:00:00.000Z,2.02
2022-07-19T03:00:00.000Z,2.06
2022-07-19T04:00:00.000Z,2.19
2022-07-19T05:00:00.000Z,2.49
2022-07-19T06:00:00.000Z,2.71
2022-07-19T07:00:00.000Z,2.78
2022-07-19T08:00:00.000Z,2.93
2022-07-19T09:00:00.000Z,3.31
2022-07-19T10:00:00.000Z,3.71
2022-07-19T11:00:00.000Z,3.47
2022-07-19T12:00:00.000Z,2.99
2022-07-19T13:00:00.000Z,3.37
2022-07-19T14:00:00.000Z,2.97
2022-07-19T15:00:00.000Z,2.79
2022-07-19T16:00:00.000Z,2.75
2022-07-19T17:00:00.000Z,2.69
2022-07-19T18:00:00.000Z,2.47
2022-07-19T19:00:00.000Z,2.26
2022-07-19T20:00:00.000Z,2.08
2022-07-19T21:00:00.000Z,2.01
2022-07-19T22:00:00.000Z,2.02
2022-07-19T23:00:00.000Z,1.92
2022-07-20T00:00:00.000Z,1.64
2022-07-20T01:00:00.000Z,1.54
2022-07-20T02:00:00.000Z,1.50
2022-07-20T03:00:00.000Z,1.50
2022-07-20T04:00:00.000Z,1.50
2022-07-20T05:00:00.000Z,1.70
2022-07-20T06:00:00.000Z,1.99
2022-07-20T07:00:00.000Z,2.09
2022-07-20T08:00:00.000Z,2.16
2022-07-20T09:00:00.000Z,2.26
2022-07-20T10:00:00.000Z,2.33
2022-07-20T11:00:00.000Z,2.35
2022-07-20T12:00:00.000Z,2.36
2022-07-20T13:00:00.000Z,2.36
2022-07-20T14:00:00.000Z,2.36
2022-07-20T15:00:00.000Z,2.45
2022-07-20T16:00:00.000Z,2.43
2022-07-20T17:00:00.000Z,2.40
2022-07-20T18:00:00.000Z,2.51
2022-07-20T19:00:00.000Z,2.43
2022-07-20T20:00:00.000Z,2.37
2022-07-20T21:00:00.000Z,2.34
2022-07-20T22:00:00.000Z,2.48
2022-07-20T23:00:00.000Z,2.47
2022-07-21T00:00:00.000Z,2.45
2022-07-21T01:00:00.000Z,2.44
2022-07-21T02:00:00.000Z,2.43
2022-07-21T03:00:00.000Z,2.43
2022-07-21T04:00:00.000Z,2.43
2022-07-21T05:00:00.000Z,2.48
2022-07-21T06:00:00.000Z,2.55
2022-07-21T07:00:00.000Z,2.54
2022-07-21T08:00:00.000Z,2.53
2022-07-21T09:00:00.000Z,2.52
2022-07-21T10:00:00.000Z,2.48
2022-07-21T11:00:00.000Z,2.47
2022-07-21T12:00:00.000Z,2.45
2022-07-21T13:00:00.000Z,2.45
2022-07-21T14:00:00.000Z,2.45
2022-07-21T15:00:00.000Z,2.42
2022-07-21T16:00:00.000Z,2.41
2022-07-21T17:00:00.000Z,2.38
2022-07-21T18:00:00.000Z,2.34
2022-07-21T19:00:00.000Z,2.28
2022-07-21T20:00:00.000Z,2.22
2022-07-21T21:00:00.000Z,2.16
2022-07-21T22:00:00.000Z,1.93
2022-07-21T23:00:00.000Z,1.56
2022-07-22T00:00:00.000Z,1.49
2022-07-22T01:00:00.000Z,1.49
2022-07-22T02:00:00.000Z,1.49
2022-07-22T03:00:00.000Z,1.49
2022-07-22T04:00:00.000Z,1.50
2022-07-22T05:00:00.000Z,1.96
2022-07-22T06:00:00.000Z,2.07
2022-07-22T07:00:00.000Z,2.13
2022-07-22T08:00:00.000Z,2.15
2022-07-22T09:00:00.000Z,2.15
2022-07-22T10:00:00.000Z,2.15
2022-07-22T11:00:00.000Z,2.15
2022-07-22T12:00:00.000Z,2.15
2022-07-22T13:00:00.000Z,2.15
2022-07-22T14:00:00.000Z,2.12
2022-07-22T15:00:00.000Z,2.11
2022-07-22T16:00:00.000Z,2.10
2022-07-22T17:00:00.000Z,2.09
2022-07-22T18:00:00.000Z,2.07
2022-07-22T19:00:00.000Z,2.05
2022-07-22T20:00:00.000Z,2.13
2022-07-22T21:00:00.000Z,2.12
2022-07-22T22:00:00.000Z,1.77
2022-07-22T23:00:00.000Z,1.75
2022-07-23T00:00:00.000Z,1.73
2022-07-23T01:00:00.000Z,1.72
2022-07-23T02:00:00.000Z,1.71
2022-07-23T03:00:00.000Z,1.72
2022-07-23T04:00:00.000Z,1.73
2022-07-23T05:00:00.000Z,1.75
2022-07-23T06:00:00.000Z,1.78
2022-07-23T07:00:00.000Z,1.87
2022-07-23T08:00:00.000Z,1.93
2022-07-23T09:00:00.000Z,1.92
2022-07-23T10:00:00.000Z,1.89
2022-07-23T11:00:00.000Z,1.85
2022-07-23T12:00:00.000Z,1.80
2022-07-23T13:00:00.000Z,1.79
2022-07-23T14:00:00.000Z,1.79
2022-07-23T15:00:00.000Z,1.79
2022-07-23T16:00:00.000Z,1.79
2022-07-23T17:00:00.000Z,1.86
2022-07-23T18:00:00.000Z,1.88
2022-07-23T19:00:00.000Z,1.89
2022-07-23T20:00:00.000Z,1.88
2022-07-23T21:00:00.000Z,1.90
2022-07-23T22:00:00.000Z,1.82
2022-07-23T23:00:00.000Z,1.70
2022-07-24T00:00:00.000Z,1.68
2022-07-24T01:00:00.000Z,1.69
2022-07-24T02:00:00.000Z,1.70
2022-07-24T03:00:00.000Z,1.81
2022-07-24T04:00:00.000Z,1.82
2022-07-24T05:00:00.000Z,1.83
2022-07-24T06:00:00.000Z,1.89
2022-07-24T07:00:00.000Z,1.99
2022-07-24T08:00:00.000Z,2.03
2022-07-24T09:00:00.000Z,2.05
2022-07-24T10:00:00.000Z,2.01
2022-07-24T11:00:00.000Z,1.99
2022-07-24T12:00:00.000Z,1.94
2022-07-24T13:00:00.000Z,1.92
2022-07-24T14:00:00.000Z,1.85
2022-07-24T15:00:00.000Z,1.82
2022-07-24T16:00:00.000Z,1.88
2022-07-24T17:00:00.000Z,1.81
2022-07-24T18:00:00.000Z,1.69
2022-07-24T19:00:00.000Z,1.63
2022-07-24T20:00:00.000Z,1.50
2022-07-24T22:00:00.000Z,1.63
2022-07-24T23:00:00.000Z,1.56
2022-07-25T00:00:00.000Z,1.56
2022-07-25T01:00:00.000Z,1.56
2022-07-25T02:00:00.000Z,1.63
2022-07-25T03:00:00.000Z,1.69
2022-07-25T04:00:00.000Z,1.86
2022-07-25T05:00:00.000Z,1.95
2022-07-25T06:00:00.000Z,2.71
2022-07-25T07:00:00.000Z,2.82
2022-07-25T08:00:00.000Z,2.68
2022-07-25T09:00:00.000Z,2.67
2022-07-25T10:00:00.000Z,2.59
2022-07-25T11:00:00.000Z,2.76
2022-07-25T12:00:00.000Z,2.83
2022-07-25T13:00:00.000Z,2.91
2022-07-25T14:00:00.000Z,2.73
2022-07-25T15:00:00.000Z,2.33
2022-07-25T16:00:00.000Z,2.23
2022-07-25T17:00:00.000Z,2.24
2022-07-25T18:00:00.000Z,2.17
2022-07-25T19:00:00.000Z,2.08
2022-07-25T20:00:00.000Z,2.00
2022-07-25T21:00:00.000Z,1.87
2022-07-25T22:00:00.000Z,1.88
2022-07-25T23:00:00.000Z,1.77
2022-07-26T00:00:00.000Z,1.57
2022-07-26T01:00:00.000Z,1.51
2022-07-26T02:00:00.000Z,1.53
2022-07-26T03:00:00.000Z,1.77
2022-07-26T04:00:00.000Z,1.90
2022-07-26T05:00:00.000Z,1.94
2022-07-26T06:00:00.000Z,1.97
2022-07-26T07:00:00.000Z,1.98
2022-07-26T08:00:00.000Z,1.98
2022-07-26T09:00:00.000Z,1.98
2022-07-26T10:00:00.000Z,1.98
2022-07-26T11:00:00.000Z,1.96
2022-07-26T12:00:00.000Z,1.93
2022-07-26T13:00:00.000Z,1.86
2022-07-26T14:00:00.000Z,1.75
2022-07-26T15:00:00.000Z,1.57
2022-07-26T16:00:00.000Z,1.58
2022-07-26T17:00:00.000Z,1.58
2022-07-26T18:00:00.000Z,1.58
2022-07-26T19:00:00.000Z,1.58
2022-07-26T20:00:00.000Z,1.58
2022-07-26T21:00:00.000Z,1.54
2022-07-26T22:00:00.000Z,1.48
2022-07-26T23:00:00.000Z,1.44
2022-07-27T00:00:00.000Z,1.40
2022-07-27T01:00:00.000Z,1.33
2022-07-27T02:00:00.000Z,1.37
2022-07-27T03:00:00.000Z,1.45
2022-07-27T04:00:00.000Z,1.49
2022-07-27T05:00:00.000Z,1.59
2022-07-27T06:00:00.000Z,1.70
2022-07-27T07:00:00.000Z,1.74
2022-07-27T08:00:00.000Z,1.76
2022-07-27T09:00:00.000Z,1.74
2022-07-27T10:00:00.000Z,1.74
2022-07-27T11:00:00.000Z,1.74
2022-07-27T12:00:00.000Z,1.76
2022-07-27T13:00:00.000Z,1.78
2022-07-27T14:00:00.000Z,1.83
2022-07-27T15:00:00.000Z,1.85
2022-07-27T16:00:00.000Z,1.84
2022-07-27T17:00:00.000Z,1.87
2022-07-27T18:00:00.000Z,1.89
2022-07-27T19:00:00.000Z,1.90
2022-07-27T20:00:00.000Z,1.90
2022-07-27T21:00:00.000Z,1.90
2022-07-27T22:00:00.000Z,1.54
2022-07-27T23:00:00.000Z,1.54
2022-07-28T00:00:00.000Z,1.54
2022-07-28T01:00:00.000Z,1.54
2022-07-28T02:00:00.000Z,1.54
2022-07-28T03:00:00.000Z,1.54
2022-07-28T04:00:00.000Z,1.59
2022-07-28T05:00:00.000Z,1.67
2022-07-28T06:00:00.000Z,1.79
2022-07-28T07:00:00.000Z,2.01
2022-07-28T08:00:00.000Z,2.38
2022-07-28T09:00:00.000Z,2.00
2022-07-28T10:00:00.000Z,1.91
2022-07-28T11:00:00.000Z,1.96
2022-07-28T12:00:00.000Z,1.92
2022-07-28T13:00:00.000Z,1.85
2022-07-28T14:00:00.000Z,1.82
2022-07-28T15:00:00.000Z,1.80
2022-07-28T16:00:00.000Z,1.86
2022-07-28T17:00:00.000Z,1.92
2022-07-28T18:00:00.000Z,1.93
2022-07-28T19:00:00.000Z,1.88
2022-07-28T20:00:00.000Z,1.78
2022-07-28T21:00:00.000Z,1.73
2022-07-28T22:00:00.000Z,1.82
2022-07-28T23:00:00.000Z,1.70
2022-07-29T00:00:00.000Z,1.67
2022-07-29T01:00:00.000Z,1.65
2022-07-29T02:00:00.000Z,1.63
2022-07-29T03:00:00.000Z,1.64
2022-07-29T04:00:00.000Z,1.67
2022-07-29T05:00:00.000Z,1.69
2022-07-29T06:00:00.000Z,1.82
2022-07-29T07:00:00.000Z,2.04
2022-07-29T08:00:00.000Z,2.60
2022-07-29T09:00:00.000Z,2.93
2022-07-29T10:00:00.000Z,2.97
2022-07-29T11:00:00.000Z,2.99
2022-07-29T12:00:00.000Z,2.97
2022-07-29T13:00:00.000Z,2.95
2022-07-29T14:00:00.000Z,2.89
2022-07-29T15:00:00.000Z,2.57
2022-07-29T16:00:00.000Z,2.91
2022-07-29T17:00:00.000Z,2.76
2022-07-29T18:00:00.000Z,2.60
2022-07-29T19:00:00.000Z,2.02
2022-07-29T20:00:00.000Z,1.85
2022-07-29T21:00:00.000Z,1.81
2022-07-29T22:00:00.000Z,3.23
2022-07-29T23:00:00.000Z,2.13
2022-07-30T00:00:00.000Z,1.78
2022-07-30T01:00:00.000Z,1.71
2022-07-30T02:00:00.000Z,1.67
2022-07-30T03:00:00.000Z,1.66
2022-07-30T04:00:00.000Z,1.67
2022-07-30T05:00:00.000Z,1.73
2022-07-30T06:00:00.000Z,1.72
2022-07-30T07:00:00.000Z,1.73
2022-07-30T08:00:00.000Z,1.76
2022-07-30T09:00:00.000Z,1.72
2022-07-30T10:00:00.000Z,1.67
2022-07-30T11:00:00.000Z,1.65
2022-07-30T12:00:00.000Z,1.64
2022-07-30T13:00:00.000Z,1.64
2022-07-30T14:00:00.000Z,1.64
2022-07-30T15:00:00.000Z,1.64
2022-07-30T16:00:00.000Z,1.64
2022-07-30T17:00:00.000Z,1.66
2022-07-30T18:00:00.000Z,1.65
2022-07-30T19:00:00.000Z,1.61
2022-07-30T20:00:00.000Z,1.59
2022-07-30T22:00:00.000Z,1.83
2022-07-30T23:00:00.000Z,1.80
2022-07-31T00:00:00.000Z,1.80
2022-07-31T01:00:00.000Z,1.80
2022-07-31T02:00:00.000Z,1.87
2022-07-31T03:00:00.000Z,1.97
2022-07-31T04:00:00.000Z,1.99
2022-07-31T05:00:00.000Z,1.90
2022-07-31T06:00:00.000Z,1.96
2022-07-31T07:00:00.000Z,2.49
2022-07-31T08:00:00.000Z,2.96
2022-07-31T09:00:00.000Z,3.00
2022-07-31T10:00:00.000Z,2.97
2022-07-31T11:00:00.000Z,2.95
2022-07-31T12:00:00.000Z,2.19
2022-07-31T13:00:00.000Z,2.91
2022-07-31T14:00:00.000Z,2.91
2022-07-31T15:00:00.000Z,2.91
2022-07-31T16:00:00.000Z,2.21
2022-07-31T17:00:00.000Z,2.92
2022-07-31T18:00:00.000Z,3.17
2022-07-31T19:00:00.000Z,3.21
2022-07-31T20:00:00.000Z,3.41
2022-07-31T21:00:00.000Z,2.57
2022-07-31T22:00:00.000Z,1.97
2022-07-31T23:00:00.000Z,1.93
2022-08-01T00:00:00.000Z,1.90
2022-08-01T01:00:00.000Z,1.84
2022-08-01T02:00:00.000Z,1.84
2022-08-01T03:00:00.000Z,1.84
2022-08-01T04:00:00.000Z,1.93
2022-08-01T05:00:00.000Z,3.02
2022-08-01T06:00:00.000Z,3.94
2022-08-01T07:00:00.000Z,3.50
2022-08-01T08:00:00.000Z,2.20
2022-08-01T09:00:00.000Z,2.03
2022-08-01T10:00:00.000Z,1.95
2022-08-01T11:00:00.000Z,1.84
2022-08-01T12:00:00.000Z,1.77
2022-08-01T13:00:00.000Z,1.76
2022-08-01T14:00:00.000Z,1.76
2022-08-01T15:00:00.000Z,1.76
2022-08-01T16:00:00.000Z,1.76
2022-08-01T17:00:00.000Z,1.79
2022-08-01T18:00:00.000Z,1.98
2022-08-01T19:00:00.000Z,2.11
2022-08-01T20:00:00.000Z,1.99
2022-08-01T21:00:00.000Z,1.93
2022-08-01T22:00:00.000Z,2.05
2022-08-01T23:00:00.000Z,2.00
2022-08-02T00:00:00.000Z,1.97
2022-08-02T01:00:00.000Z,1.96
2022-08-02T02:00:00.000Z,1.96
2022-08-02T03:00:00.000Z,1.96
2022-08-02T04:00:00.000Z,2.07
2022-08-02T05:00:00.000Z,2.99
2022-08-02T06:00:00.000Z,2.10
2022-08-02T07:00:00.000Z,2.09
2022-08-02T08:00:00.000Z,2.06
2022-08-02T09:00:00.000Z,2.02
2022-08-02T10:00:00.000Z,1.97
2022-08-02T11:00:00.000Z,1.90
2022-08-02T12:00:00.000Z,1.81
2022-08-02T13:00:00.000Z,1.63
2022-08-02T14:00:00.000Z,1.56
2022-08-02T15:00:00.000Z,1.51
2022-08-02T16:00:00.000Z,1.49
2022-08-02T17:00:00.000Z,1.49
2022-08-02T18:00:00.000Z,1.49
2022-08-02T19:00:00.000Z,1.49
2022-08-02T20:00:00.000Z,1.49
2022-08-02T22:00:00.000Z,1.53
2022-08-02T23:00:00.000Z,1.48
2022-08-03T00:00:00.000Z,1.48
2022-08-03T01:00:00.000Z,1.48
2022-08-03T02:00:00.000Z,1.56
2022-08-03T03:00:00.000Z,1.54
2022-08-03T04:00:00.000Z,1.55
2022-08-03T05:00:00.000Z,1.55
2022-08-03T06:00:00.000Z,1.55
2022-08-03T07:00:00.000Z,1.81
2022-08-03T08:00:00.000Z,1.92
2022-08-03T09:00:00.000Z,1.92
2022-08-03T10:00:00.000Z,1.92
2022-08-03T11:00:00.000Z,1.87
2022-08-03T12:00:00.000Z,1.87
2022-08-03T13:00:00.000Z,1.87
2022-08-03T14:00:00.000Z,1.94
2022-08-03T15:00:00.000Z,1.90
2022-08-03T16:00:00.000Z,1.88
2022-08-03T17:00:00.000Z,1.84
2022-08-03T18:00:00.000Z,1.81
2022-08-03T19:00:00.000Z,1.73
2022-08-03T20:00:00.000Z,1.70
2022-08-03T21:00:00.000Z,1.68
2022-08-03T22:00:00.000Z,1.51
2022-08-03T23:00:00.000Z,1.53
2022-08-04T00:00:00.000Z,1.56
2022-08-04T01:00:00.000Z,1.55
2022-08-04T02:00:00.000Z,1.53
2022-08-04T03:00:00.000Z,1.54
2022-08-04T04:00:00.000Z,1.58
2022-08-04T05:00:00.000Z,1.61
2022-08-04T06:00:00.000Z,1.70
2022-08-04T07:00:00.000Z,1.70
2022-08-04T08:00:00.000Z,1.70
2022-08-04T09:00:00.000Z,1.70
2022-08-04T10:00:00.000Z,1.73
2022-08-04T11:00:00.000Z,1.71
2022-08-04T12:00:00.000Z,1.78
2022-08-04T13:00:00.000Z,1.79
2022-08-04T14:00:00.000Z,1.82
2022-08-04T15:00:00.000Z,1.80
2022-08-04T16:00:00.000Z,1.74
2022-08-04T17:00:00.000Z,1.67
2022-08-04T18:00:00.000Z,1.61
2022-08-04T19:00:00.000Z,1.59
2022-08-04T20:00:00.000Z,1.57
2022-08-04T22:00:00.000Z,1.49
2022-08-04T23:00:00.000Z,1.47
2022-08-05T00:00:00.000Z,1.47
2022-08-05T01:00:00.000Z,1.47
2022-08-05T02:00:00.000Z,1.47
2022-08-05T03:00:00.000Z,1.47
2022-08-05T04:00:00.000Z,1.47
2022-08-05T05:00:00.000Z,1.47
2022-08-05T06:00:00.000Z,1.48
2022-08-05T07:00:00.000Z,1.47
2022-08-05T08:00:00.000Z,1.46
2022-08-05T09:00:00.000Z,1.45
2022-08-05T10:00:00.000Z,1.44
2022-08-05T11:00:00.000Z,1.44
2022-08-05T12:00:00.000Z,1.44
2022-08-05T13:00:00.000Z,1.44
2022-08-05T14:00:00.000Z,1.44
2022-08-05T15:00:00.000Z,1.44
2022-08-05T16:00:00.000Z,1.44
2022-08-05T17:00:00.000Z,1.44
2022-08-05T18:00:00.000Z,1.44
2022-08-05T19:00:00.000Z,1.44
2022-08-05T20:00:00.000Z,1.44
2022-08-05T21:00:00.000Z,1.44
2022-08-05T22:00:00.000Z,1.45
2022-08-05T23:00:00.000Z,1.45
2022-08-06T00:00:00.000Z,1.45
2022-08-06T01:00:00.000Z,1.45
2022-08-06T02:00:00.000Z,1.45
2022-08-06T03:00:00.000Z,1.45
2022-08-06T04:00:00.000Z,1.45
2022-08-06T05:00:00.000Z,1.47
2022-08-06T06:00:00.000Z,1.48
2022-08-06T07:00:00.000Z,1.49
2022-08-06T08:00:00.000Z,1.48
2022-08-06T09:00:00.000Z,1.48
2022-08-06T10:00:00.000Z,1.48
2022-08-06T11:00:00.000Z,1.48
2022-08-06T12:00:00.000Z,1.48
2022-08-06T13:00:00.000Z,1.48
2022-08-06T14:00:00.000Z,1.48
2022-08-06T15:00:00.000Z,1.48
2022-08-06T16:00:00.000Z,1.48
2022-08-06T17:00:00.000Z,1.48
2022-08-06T18:00:00.000Z,1.48
2022-08-06T19:00:00.000Z,1.48
2022-08-06T20:00:00.000Z,1.48
2022-08-06T22:00:00.000Z,1.01
2022-08-06T23:00:00.000Z,0.86
2022-08-07T00:00:00.000Z,0.71
2022-08-07T01:00:00.000Z,0.70
2022-08-07T02:00:00.000Z,0.81
2022-08-07T03:00:00.000Z,0.98
2022-08-07T04:00:00.000Z,1.21
2022-08-07T05:00:00.000Z,1.44
2022-08-07T06:00:00.000Z,1.49
2022-08-07T07:00:00.000Z,1.50
2022-08-07T08:00:00.000Z,1.61
2022-08-07T09:00:00.000Z,1.64
2022-08-07T10:00:00.000Z,1.66
2022-08-07T11:00:00.000Z,1.67
2022-08-07T12:00:00.000Z,1.69
2022-08-07T13:00:00.000Z,1.72
2022-08-07T14:00:00.000Z,1.78
2022-08-07T15:00:00.000Z,1.85
2022-08-07T16:00:00.000Z,1.74
2022-08-07T17:00:00.000Z,1.79
2022-08-07T18:00:00.000Z,1.81
2022-08-07T19:00:00.000Z,1.75
2022-08-07T20:00:00.000Z,1.70
2022-08-07T21:00:00.000Z,1.69
2022-08-07T22:00:00.000Z,1.61
2022-08-07T23:00:00.000Z,1.55
2022-08-08T00:00:00.000Z,1.50
2022-08-08T01:00:00.000Z,1.49
2022-08-08T02:00:00.000Z,1.50
2022-08-08T03:00:00.000Z,1.50
2022-08-08T04:00:00.000Z,1.50
2022-08-08T05:00:00.000Z,1.67
2022-08-08T06:00:00.000Z,3.08
2022-08-08T07:00:00.000Z,3.82
2022-08-08T08:00:00.000Z,3.80
2022-08-08T09:00:00.000Z,3.41
2022-08-08T10:00:00.000Z,2.72
2022-08-08T11:00:00.000Z,2.61
2022-08-08T12:00:00.000Z,2.56
2022-08-08T13:00:00.000Z,2.68
2022-08-08T14:00:00.000Z,2.47
2022-08-08T15:00:00.000Z,2.48
2022-08-08T16:00:00.000Z,2.35
2022-08-08T17:00:00.000Z,2.10
2022-08-08T18:00:00.000Z,2.03
2022-08-08T19:00:00.000Z,1.82
2022-08-08T20:00:00.000Z,1.70
2022-08-08T21:00:00.000Z,1.68
2022-08-08T22:00:00.000Z,1.61
2022-08-08T23:00:00.000Z,1.58
2022-08-09T00:00:00.000Z,1.55
2022-08-09T01:00:00.000Z,1.50
2022-08-09T02:00:00.000Z,1.49
2022-08-09T03:00:00.000Z,1.49
2022-08-09T04:00:00.000Z,1.49
2022-08-09T05:00:00.000Z,1.64
2022-08-09T06:00:00.000Z,1.70
2022-08-09T07:00:00.000Z,1.72
2022-08-09T08:00:00.000Z,1.74
2022-08-09T09:00:00.000Z,1.73
2022-08-09T10:00:00.000Z,1.72
2022-08-09T11:00:00.000Z,1.71
2022-08-09T12:00:00.000Z,1.70
2022-08-09T13:00:00.000Z,1.68
2022-08-09T14:00:00.000Z,1.68
2022-08-09T15:00:00.000Z,1.68
2022-08-09T16:00:00.000Z,1.70
2022-08-09T17:00:00.000Z,1.70
2022-08-09T18:00:00.000Z,1.70
2022-08-09T19:00:00.000Z,1.65
2022-08-09T20:00:00.000Z,1.57
2022-08-09T21:00:00.000Z,1.49
2022-08-09T22:00:00.000Z,1.27
2022-08-09T23:00:00.000Z,1.23
2022-08-10T00:00:00.000Z,1.15
2022-08-10T01:00:00.000Z,1.06
2022-08-10T02:00:00.000Z,1.02
2022-08-10T03:00:00.000Z,1.01
2022-08-10T04:00:00.000Z,1.03
2022-08-10T05:00:00.000Z,1.13
2022-08-10T06:00:00.000Z,1.21
2022-08-10T07:00:00.000Z,1.21
2022-08-10T08:00:00.000Z,1.21
2022-08-10T09:00:00.000Z,1.21
2022-08-10T10:00:00.000Z,1.21
2022-08-10T11:00:00.000Z,1.21
2022-08-10T12:00:00.000Z,1.26
2022-08-10T13:00:00.000Z,1.28
2022-08-10T14:00:00.000Z,1.32
2022-08-10T15:00:00.000Z,1.31
2022-08-10T16:00:00.000Z,1.34
2022-08-10T17:00:00.000Z,1.28
2022-08-10T18:00:00.000Z,1.23
2022-08-10T19:00:00.000Z,1.15
2022-08-10T20:00:00.000Z,1.07
2022-08-10T21:00:00.000Z,0.51
2022-08-10T22:00:00.000Z,0.15
2022-08-10T23:00:00.000Z,0.09
2022-08-11T00:00:00.000Z,0.05
2022-08-11T01:00:00.000Z,0.05
2022-08-11T02:00:00.000Z,0.05
2022-08-11T03:00:00.000Z,0.56
2022-08-11T04:00:00.000Z,0.89
2022-08-11T05:00:00.000Z,1.22
2022-08-11T06:00:00.000Z,1.41
2022-08-11T07:00:00.000Z,1.42
2022-08-11T08:00:00.000Z,1.42
2022-08-11T09:00:00.000Z,1.42
2022-08-11T10:00:00.000Z,1.42
2022-08-11T11:00:00.000Z,1.43
2022-08-11T12:00:00.000Z,1.44
2022-08-11T13:00:00.000Z,1.47
2022-08-11T14:00:00.000Z,1.48
2022-08-11T15:00:00.000Z,1.50
2022-08-11T16:00:00.000Z,1.76
2022-08-11T17:00:00.000Z,2.24
2022-08-11T18:00:00.000Z,2.27
2022-08-11T19:00:00.000Z,2.16
2022-08-11T20:00:00.000Z,1.75
2022-08-11T21:00:00.000Z,1.62
2022-08-11T22:00:00.000Z,2.15
2022-08-11T23:00:00.000Z,2.17
2022-08-12T00:00:00.000Z,2.32
2022-08-12T01:00:00.000Z,2.39
2022-08-12T02:00:00.000Z,2.55
2022-08-12T03:00:00.000Z,2.71
2022-08-12T04:00:00.000Z,4.76
2022-08-12T05:00:00.000Z,5.17
2022-08-12T06:00:00.000Z,40.46
2022-08-12T07:00:00.000Z,28.53
2022-08-12T08:00:00.000Z,28.24
2022-08-12T09:00:00.000Z,28.02
2022-08-12T10:00:00.000Z,27.96
2022-08-12T11:00:00.000Z,27.88
2022-08-12T12:00:00.000Z,28.21
2022-08-12T13:00:00.000Z,28.08
2022-08-12T14:00:00.000Z,28.17
2022-08-12T15:00:00.000Z,28.50
2022-08-12T16:00:00.000Z,39.57
2022-08-12T17:00:00.000Z,40.69
2022-08-12T18:00:00.000Z,41.42
2022-08-12T19:00:00.000Z,10.07
2022-08-12T20:00:00.000Z,6.39
2022-08-12T21:00:00.000Z,5.84
2022-08-12T22:00:00.000Z,9.34
2022-08-12T23:00:00.000Z,6.94
2022-08-13T00:00:00.000Z,6.38
2022-08-13T01:00:00.000Z,4.98
2022-08-13T02:00:00.000Z,4.99
2022-08-13T03:00:00.000Z,4.97
2022-08-13T04:00:00.000Z,4.96
2022-08-13T05:00:00.000Z,5.83
2022-08-13T06:00:00.000Z,4.60
2022-08-13T07:00:00.000Z,5.19
2022-08-13T08:00:00.000Z,5.42
2022-08-13T09:00:00.000Z,5.19
2022-08-13T10:00:00.000Z,4.93
2022-08-13T11:00:00.000Z,4.92
2022-08-13T12:00:00.000Z,5.09
2022-08-13T13:00:00.000Z,6.34
2022-08-13T14:00:00.000Z,12.80
2022-08-13T15:00:00.000Z,150.89
2022-08-13T16:00:00.000Z,249.92
2022-08-13T17:00:00.000Z,249.96
2022-08-13T18:00:00.000Z,249.95
2022-08-13T19:00:00.000Z,115.04
2022-08-13T20:00:00.000Z,32.24
2022-08-13T21:00:00.000Z,11.07
2022-08-13T22:00:00.000Z,12.00
2022-08-13T23:00:00.000Z,6.84
2022-08-14T00:00:00.000Z,6.20
2022-08-14T01:00:00.000Z,4.72
2022-08-14T02:00:00.000Z,4.41
2022-08-14T03:00:00.000Z,4.11
2022-08-14T04:00:00.000Z,4.31
2022-08-14T05:00:00.000Z,4.88
2022-08-14T06:00:00.000Z,10.56
2022-08-14T07:00:00.000Z,12.64
2022-08-14T08:00:00.000Z,14.47
2022-08-14T09:00:00.000Z,20.43
2022-08-14T10:00:00.000Z,21.98
2022-08-14T11:00:00.000Z,20.23
2022-08-14T12:00:00.000Z,20.35
2022-08-14T13:00:00.000Z,20.38
2022-08-14T14:00:00.000Z,27.91
2022-08-14T15:00:00.000Z,27.96
2022-08-14T16:00:00.000Z,28.61
2022-08-14T17:00:00.000Z,31.78
2022-08-14T18:00:00.000Z,59.60
2022-08-14T19:00:00.000Z,56.92
2022-08-14T20:00:00.000Z,28.63
2022-08-14T21:00:00.000Z,15.20
2022-08-14T22:00:00.000Z,9.64
2022-08-14T23:00:00.000Z,5.16
2022-08-15T00:00:00.000Z,4.93
2022-08-15T01:00:00.000Z,4.96
2022-08-15T02:00:00.000Z,4.94
2022-08-15T03:00:00.000Z,4.92
2022-08-15T04:00:00.000Z,5.00
2022-08-15T05:00:00.000Z,45.24
2022-08-15T06:00:00.000Z,148.39
2022-08-15T07:00:00.000Z,249.97
2022-08-15T08:00:00.000Z,249.92
2022-08-15T09:00:00.000Z,141.53
2022-08-15T10:00:00.000Z,100.01
2022-08-15T11:00:00.000Z,77.25
2022-08-15T12:00:00.000Z,76.62
2022-08-15T13:00:00.000Z,64.96
2022-08-15T14:00:00.000Z,62.28
2022-08-15T15:00:00.000Z,68.04
2022-08-15T16:00:00.000Z,140.54
2022-08-15T17:00:00.000Z,79.78
2022-08-15T18:00:00.000Z,66.49
2022-08-15T19:00:00.000Z,64.94
2022-08-15T20:00:00.000Z,46.95
2022-08-15T21:00:00.000Z,10.79
2022-08-15T22:00:00.000Z,7.56
2022-08-15T23:00:00.000Z,4.95
2022-08-16T00:00:00.000Z,2.85
2022-08-16T01:00:00.000Z,2.19
2022-08-16T02:00:00.000Z,2.22
2022-08-16T03:00:00.000Z,2.45
2022-08-16T04:00:00.000Z,5.91
2022-08-16T05:00:00.000Z,19.80
2022-08-16T06:00:00.000Z,148.68
2022-08-16T07:00:00.000Z,249.96
2022-08-16T08:00:00.000Z,273.94
2022-08-16T09:00:00.000Z,274.14
2022-08-16T10:00:00.000Z,238.67
2022-08-16T11:00:00.000Z,141.39
2022-08-16T12:00:00.000Z,78.36
2022-08-16T13:00:00.000Z,71.57
2022-08-16T14:00:00.000Z,66.78
2022-08-16T15:00:00.000Z,64.99
2022-08-16T16:00:00.000Z,59.79
2022-08-16T17:00:00.000Z,60.04
2022-08-16T18:00:00.000Z,50.29
2022-08-16T19:00:00.000Z,27.93
2022-08-16T20:00:00.000Z,17.32
2022-08-16T21:00:00.000Z,9.25
2022-08-16T22:00:00.000Z,1.92
2022-08-16T23:00:00.000Z,1.23
2022-08-17T00:00:00.000Z,0.82
2022-08-17T01:00:00.000Z,0.74
2022-08-17T02:00:00.000Z,0.69
2022-08-17T03:00:00.000Z,0.73
2022-08-17T04:00:00.000Z,1.28
2022-08-17T05:00:00.000Z,2.16
2022-08-17T06:00:00.000Z,5.94
2022-08-17T07:00:00.000Z,25.00
2022-08-17T08:00:00.000Z,28.74
2022-08-17T09:00:00.000Z,34.06
2022-08-17T10:00:00.000Z,40.02
2022-08-17T11:00:00.000Z,67.11
2022-08-17T12:00:00.000Z,64.74
2022-08-17T13:00:00.000Z,54.46
2022-08-17T14:00:00.000Z,54.20
2022-08-17T15:00:00.000Z,50.41
2022-08-17T16:00:00.000Z,50.08
2022-08-17T17:00:00.000Z,45.57
2022-08-17T18:00:00.000Z,53.20
2022-08-17T19:00:00.000Z,57.64
2022-08-17T20:00:00.000Z,56.44
2022-08-17T21:00:00.000Z,37.86
2022-08-17T22:00:00.000Z,29.92
2022-08-17T23:00:00.000Z,25.91
2022-08-18T00:00:00.000Z,11.22
2022-08-18T01:00:00.000Z,7.05
2022-08-18T02:00:00.000Z,4.75
2022-08-18T03:00:00.000Z,1.95
2022-08-18T04:00:00.000Z,1.88
2022-08-18T05:00:00.000Z,4.93
2022-08-18T06:00:00.000Z,6.32
2022-08-18T07:00:00.000Z,7.40
2022-08-18T08:00:00.000Z,7.97
2022-08-18T09:00:00.000Z,7.73
2022-08-18T10:00:00.000Z,10.16
2022-08-18T11:00:00.000Z,14.08
2022-08-18T12:00:00.000Z,25.49
2022-08-18T13:00:00.000Z,19.43
2022-08-18T14:00:00.000Z,11.22
2022-08-18T15:00:00.000Z,11.23
2022-08-18T16:00:00.000Z,8.94
2022-08-18T17:00:00.000Z,6.49
2022-08-18T18:00:00.000Z,5.46
2022-08-18T19:00:00.000Z,4.94
2022-08-18T20:00:00.000Z,3.81
2022-08-18T21:00:00.000Z,2.68
2022-08-18T22:00:00.000Z,5.90
2022-08-18T23:00:00.000Z,6.08
2022-08-19T00:00:00.000Z,7.84
2022-08-19T01:00:00.000Z,9.12
2022-08-19T02:00:00.000Z,8.18
2022-08-19T03:00:00.000Z,9.64
2022-08-19T04:00:00.000Z,11.64
2022-08-19T05:00:00.000Z,18.00
2022-08-19T06:00:00.000Z,202.40
2022-08-19T07:00:00.000Z,85.80
2022-08-19T08:00:00.000Z,30.00
2022-08-19T09:00:00.000Z,16.74
2022-08-19T10:00:00.000Z,16.91
2022-08-19T11:00:00.000Z,17.22
2022-08-19T12:00:00.000Z,19.49
2022-08-19T13:00:00.000Z,22.84
2022-08-19T14:00:00.000Z,13.09
2022-08-19T15:00:00.000Z,15.62
2022-08-19T16:00:00.000Z,16.93
2022-08-19T17:00:00.000Z,13.07
2022-08-19T18:00:00.000Z,13.14
2022-08-19T19:00:00.000Z,13.80
2022-08-19T20:00:00.000Z,15.01
2022-08-19T21:00:00.000Z,18.00
2022-08-19T22:00:00.000Z,60.10
2022-08-19T23:00:00.000Z,60.03
2022-08-20T00:00:00.000Z,35.99
2022-08-20T01:00:00.000Z,35.93
2022-08-20T02:00:00.000Z,29.97
2022-08-20T03:00:00.000Z,29.98
2022-08-20T04:00:00.000Z,26.30
2022-08-20T05:00:00.000Z,33.65
2022-08-20T06:00:00.000Z,69.91
2022-08-20T07:00:00.000Z,61.17
2022-08-20T08:00:00.000Z,37.66
2022-08-20T09:00:00.000Z,26.29
2022-08-20T10:00:00.000Z,27.90
2022-08-20T11:00:00.000Z,16.68
2022-08-20T12:00:00.000Z,15.88
2022-08-20T13:00:00.000Z,21.07
2022-08-20T14:00:00.000Z,27.28
2022-08-20T15:00:00.000Z,47.12
2022-08-20T16:00:00.000Z,78.22
2022-08-20T17:00:00.000Z,79.09
2022-08-20T18:00:00.000Z,62.25
2022-08-20T19:00:00.000Z,37.40
2022-08-20T20:00:00.000Z,23.17
2022-08-20T21:00:00.000Z,9.99
2022-08-20T22:00:00.000Z,69.92
2022-08-20T23:00:00.000Z,37.15
2022-08-21T00:00:00.000Z,30.70
2022-08-21T01:00:00.000Z,30.03
2022-08-21T02:00:00.000Z,26.11
2022-08-21T03:00:00.000Z,24.19
2022-08-21T04:00:00.000Z,6.21
2022-08-21T05:00:00.000Z,34.24
2022-08-21T06:00:00.000Z,74.36
2022-08-21T07:00:00.000Z,74.91
2022-08-21T08:00:00.000Z,68.97
2022-08-21T09:00:00.000Z,71.32
2022-08-21T10:00:00.000Z,48.82
2022-08-21T11:00:00.000Z,30.75
2022-08-21T12:00:00.000Z,28.75
2022-08-21T13:00:00.000Z,29.93
2022-08-21T14:00:00.000Z,32.19
2022-08-21T15:00:00.000Z,24.99
2022-08-21T16:00:00.000Z,42.18
2022-08-21T17:00:00.000Z,31.77
2022-08-21T18:00:00.000Z,22.00
2022-08-21T19:00:00.000Z,24.42
2022-08-21T20:00:00.000Z,9.93
2022-08-21T21:00:00.000Z,7.02
2022-08-21T22:00:00.000Z,4.55
2022-08-21T23:00:00.000Z,3.04
2022-08-22T00:00:00.000Z,2.38
2022-08-22T01:00:00.000Z,2.38
2022-08-22T02:00:00.000Z,2.38
2022-08-22T03:00:00.000Z,3.99
2022-08-22T04:00:00.000Z,4.66
2022-08-22T05:00:00.000Z,5.02
2022-08-22T06:00:00.000Z,5.41
2022-08-22T07:00:00.000Z,5.48
2022-08-22T08:00:00.000Z,5.42
2022-08-22T09:00:00.000Z,4.97
2022-08-22T10:00:00.000Z,4.70
2022-08-22T11:00:00.000Z,4.56
2022-08-22T12:00:00.000Z,4.43
2022-08-22T13:00:00.000Z,4.57
2022-08-22T14:00:00.000Z,5.25
2022-08-22T15:00:00.000Z,6.25
2022-08-22T16:00:00.000Z,8.29
2022-08-22T17:00:00.000Z,10.95
2022-08-22T18:00:00.000Z,11.97
2022-08-22T19:00:00.000Z,12.26
2022-08-22T20:00:00.000Z,11.96
2022-08-22T21:00:00.000Z,11.78
2022-08-22T22:00:00.000Z,10.77
2022-08-22T23:00:00.000Z,12.34
2022-08-23T00:00:00.000Z,14.55
2022-08-23T01:00:00.000Z,15.82
2022-08-23T02:00:00.000Z,18.00
2022-08-23T03:00:00.000Z,22.91
2022-08-23T04:00:00.000Z,27.18
2022-08-23T05:00:00.000Z,37.26
2022-08-23T06:00:00.000Z,55.97
2022-08-23T07:00:00.000Z,71.16
2022-08-23T08:00:00.000Z,59.97
2022-08-23T09:00:00.000Z,49.98
2022-08-23T10:00:00.000Z,47.70
2022-08-23T11:00:00.000Z,39.96
2022-08-23T12:00:00.000Z,34.43
2022-08-23T13:00:00.000Z,34.40
2022-08-23T14:00:00.000Z,34.46
2022-08-23T15:00:00.000Z,39.96
2022-08-23T16:00:00.000Z,49.90
2022-08-23T17:00:00.000Z,49.96
2022-08-23T18:00:00.000Z,45.29
2022-08-23T19:00:00.000Z,42.67
2022-08-23T20:00:00.000Z,34.41
2022-08-23T21:00:00.000Z,26.45
2022-08-23T22:00:00.000Z,21.04
2022-08-23T23:00:00.000Z,19.19
2022-08-24T00:00:00.000Z,17.96
2022-08-24T01:00:00.000Z,17.24
2022-08-24T02:00:00.000Z,16.28
2022-08-24T03:00:00.000Z,14.88
2022-08-24T04:00:00.000Z,13.80
2022-08-24T05:00:00.000Z,16.20
2022-08-24T06:00:00.000Z,18.04
2022-08-24T07:00:00.000Z,18.16
2022-08-24T08:00:00.000Z,19.69
2022-08-24T09:00:00.000Z,20.54
2022-08-24T10:00:00.000Z,25.60
2022-08-24T11:00:00.000Z,26.10
2022-08-24T12:00:00.000Z,37.08
2022-08-24T13:00:00.000Z,38.91
2022-08-24T14:00:00.000Z,46.50
2022-08-24T15:00:00.000Z,44.80
2022-08-24T16:00:00.000Z,39.95
2022-08-24T17:00:00.000Z,29.97
2022-08-24T18:00:00.000Z,28.12
2022-08-24T19:00:00.000Z,38.83
2022-08-24T20:00:00.000Z,27.83
2022-08-24T21:00:00.000Z,16.03
2022-08-24T22:00:00.000Z,10.87
2022-08-24T23:00:00.000Z,8.93
2022-08-25T00:00:00.000Z,7.20
2022-08-25T01:00:00.000Z,7.08
2022-08-25T02:00:00.000Z,8.19
2022-08-25T03:00:00.000Z,7.54
2022-08-25T04:00:00.000Z,8.83
2022-08-25T05:00:00.000Z,12.46
2022-08-25T06:00:00.000Z,16.59
2022-08-25T07:00:00.000Z,26.03
2022-08-25T08:00:00.000Z,31.39
2022-08-25T09:00:00.000Z,29.60
2022-08-25T10:00:00.000Z,27.03
2022-08-25T11:00:00.000Z,25.34
2022-08-25T12:00:00.000Z,24.75
2022-08-25T13:00:00.000Z,25.90
2022-08-25T14:00:00.000Z,23.34
2022-08-25T15:00:00.000Z,19.93
2022-08-25T16:00:00.000Z,26.12
2022-08-25T17:00:00.000Z,25.40
2022-08-25T18:00:00.000Z,14.57
2022-08-25T19:00:00.000Z,11.94
2022-08-25T20:00:00.000Z,9.60
2022-08-25T21:00:00.000Z,8.46
2022-08-25T22:00:00.000Z,9.88
2022-08-25T23:00:00.000Z,9.57
2022-08-26T00:00:00.000Z,9.01
2022-08-26T01:00:00.000Z,8.18
2022-08-26T02:00:00.000Z,7.61
2022-08-26T03:00:00.000Z,6.88
2022-08-26T04:00:00.000Z,9.57
2022-08-26T05:00:00.000Z,10.77
2022-08-26T06:00:00.000Z,12.61
2022-08-26T07:00:00.000Z,16.36
2022-08-26T08:00:00.000Z,14.28
2022-08-26T09:00:00.000Z,14.06
2022-08-26T10:00:00.000Z,15.06
2022-08-26T11:00:00.000Z,14.83
2022-08-26T12:00:00.000Z,14.75
2022-08-26T13:00:00.000Z,14.50
2022-08-26T14:00:00.000Z,14.12
2022-08-26T15:00:00.000Z,16.77
2022-08-26T16:00:00.000Z,17.06
2022-08-26T17:00:00.000Z,14.86
2022-08-26T18:00:00.000Z,13.04
2022-08-26T19:00:00.000Z,10.40
2022-08-26T20:00:00.000Z,10.25
2022-08-26T21:00:00.000Z,10.19
2022-08-26T22:00:00.000Z,9.82
2022-08-26T23:00:00.000Z,9.84
2022-08-27T00:00:00.000Z,9.76
2022-08-27T01:00:00.000Z,9.91
2022-08-27T02:00:00.000Z,10.07
2022-08-27T03:00:00.000Z,10.30
2022-08-27T04:00:00.000Z,10.06
2022-08-27T05:00:00.000Z,12.23
2022-08-27T06:00:00.000Z,14.34
2022-08-27T07:00:00.000Z,14.85
2022-08-27T08:00:00.000Z,14.02
2022-08-27T09:00:00.000Z,13.42
2022-08-27T10:00:00.000Z,12.08
2022-08-27T11:00:00.000Z,12.90
2022-08-27T12:00:00.000Z,13.55
2022-08-27T13:00:00.000Z,14.10
2022-08-27T14:00:00.000Z,16.13
2022-08-27T15:00:00.000Z,16.43
2022-08-27T16:00:00.000Z,17.20
2022-08-27T17:00:00.000Z,16.33
2022-08-27T18:00:00.000Z,14.32
2022-08-27T19:00:00.000Z,13.73
2022-08-27T20:00:00.000Z,11.66
2022-08-27T21:00:00.000Z,9.97
2022-08-27T22:00:00.000Z,11.46
2022-08-27T23:00:00.000Z,13.08
2022-08-28T00:00:00.000Z,14.05
2022-08-28T01:00:00.000Z,13.49
2022-08-28T02:00:00.000Z,12.68
2022-08-28T03:00:00.000Z,11.86
2022-08-28T04:00:00.000Z,9.93
2022-08-28T05:00:00.000Z,13.35
2022-08-28T06:00:00.000Z,14.95
2022-08-28T07:00:00.000Z,16.43
2022-08-28T08:00:00.000Z,16.18
2022-08-28T09:00:00.000Z,15.37
2022-08-28T10:00:00.000Z,14.17
2022-08-28T11:00:00.000Z,13.13
2022-08-28T12:00:00.000Z,12.97
2022-08-28T13:00:00.000Z,14.76
2022-08-28T14:00:00.000Z,14.58
2022-08-28T15:00:00.000Z,14.83
2022-08-28T16:00:00.000Z,14.87
2022-08-28T17:00:00.000Z,14.20
2022-08-28T18:00:00.000Z,14.62
2022-08-28T19:00:00.000Z,12.31
2022-08-28T20:00:00.000Z,9.73
2022-08-28T21:00:00.000Z,8.38
2022-08-28T22:00:00.000Z,8.28
2022-08-28T23:00:00.000Z,7.68
2022-08-29T00:00:00.000Z,6.95
2022-08-29T01:00:00.000Z,6.96
2022-08-29T02:00:00.000Z,9.99
2022-08-29T03:00:00.000Z,13.55
2022-08-29T04:00:00.000Z,17.98
2022-08-29T05:00:00.000Z,27.16
2022-08-29T06:00:00.000Z,20.89
2022-08-29T07:00:00.000Z,29.98
2022-08-29T08:00:00.000Z,35.79
2022-08-29T09:00:00.000Z,29.61
2022-08-29T10:00:00.000Z,27.26
2022-08-29T11:00:00.000Z,24.58
2022-08-29T12:00:00.000Z,21.38
2022-08-29T13:00:00.000Z,20.81
2022-08-29T14:00:00.000Z,20.58
2022-08-29T15:00:00.000Z,20.39
2022-08-29T16:00:00.000Z,20.23
2022-08-29T17:00:00.000Z,20.14
2022-08-29T18:00:00.000Z,20.52
2022-08-29T19:00:00.000Z,20.74
2022-08-29T20:00:00.000Z,20.84
2022-08-29T21:00:00.000Z,18.69
2022-08-29T22:00:00.000Z,21.02
2022-08-29T23:00:00.000Z,19.65
2022-08-30T00:00:00.000Z,20.07
2022-08-30T01:00:00.000Z,20.41
2022-08-30T02:00:00.000Z,21.95
2022-08-30T03:00:00.000Z,22.74
2022-08-30T04:00:00.000Z,21.65
2022-08-30T05:00:00.000Z,30.64
2022-08-30T06:00:00.000Z,30.78
2022-08-30T07:00:00.000Z,32.41
2022-08-30T08:00:00.000Z,34.65
2022-08-30T09:00:00.000Z,40.77
2022-08-30T10:00:00.000Z,29.92
2022-08-30T11:00:00.000Z,31.20
2022-08-30T12:00:00.000Z,32.31
2022-08-30T13:00:00.000Z,29.74
2022-08-30T14:00:00.000Z,28.82
2022-08-30T15:00:00.000Z,25.76
2022-08-30T16:00:00.000Z,28.05
2022-08-30T17:00:00.000Z,27.92
2022-08-30T18:00:00.000Z,27.34
2022-08-30T19:00:00.000Z,27.53
2022-08-30T20:00:00.000Z,27.66
2022-08-30T21:00:00.000Z,25.08
2022-08-30T22:00:00.000Z,23.46
2022-08-30T23:00:00.000Z,24.49
2022-08-31T00:00:00.000Z,23.45
2022-08-31T01:00:00.000Z,22.85
2022-08-31T02:00:00.000Z,23.20
2022-08-31T03:00:00.000Z,21.83
2022-08-31T04:00:00.000Z,22.84
2022-08-31T05:00:00.000Z,27.12
2022-08-31T06:00:00.000Z,35.49
2022-08-31T07:00:00.000Z,35.00
2022-08-31T08:00:00.000Z,32.78
2022-08-31T09:00:00.000Z,29.96
2022-08-31T10:00:00.000Z,29.65
2022-08-31T11:00:00.000Z,28.92
2022-08-31T12:00:00.000Z,27.00
2022-08-31T13:00:00.000Z,33.53
2022-08-31T14:00:00.000Z,32.26
2022-08-31T15:00:00.000Z,29.92
2022-08-31T16:00:00.000Z,30.50
2022-08-31T17:00:00.000Z,29.99
2022-08-31T18:00:00.000Z,27.03
2022-08-31T19:00:00.000Z,27.36
2022-08-31T20:00:00.000Z,24.88
2022-08-31T21:00:00.000Z,24.94
2022-08-31T22:00:00.000Z,25.04
2022-08-31T23:00:00.000Z,26.79
2022-09-01T00:00:00.000Z,27.06
2022-09-01T01:00:00.000Z,28.00
2022-09-01T02:00:00.000Z,29.05
2022-09-01T03:00:00.000Z,35.99
2022-09-01T04:00:00.000Z,39.19
2022-09-01T05:00:00.000Z,44.71
2022-09-01T06:00:00.000Z,42.00
2022-09-01T07:00:00.000Z,39.18
2022-09-01T08:00:00.000Z,34.07
2022-09-01T09:00:00.000Z,32.20
2022-09-01T10:00:00.000Z,36.84
2022-09-01T11:00:00.000Z,38.52
2022-09-01T12:00:00.000Z,36.28
2022-09-01T13:00:00.000Z,39.76
2022-09-01T14:00:00.000Z,34.93
2022-09-01T15:00:00.000Z,35.44
2022-09-01T16:00:00.000Z,37.36
2022-09-01T17:00:00.000Z,38.44
2022-09-01T18:00:00.000Z,38.11
2022-09-01T19:00:00.000Z,36.93
2022-09-01T20:00:00.000Z,34.17
2022-09-01T21:00:00.000Z,30.39
2022-09-01T22:00:00.000Z,36.36
2022-09-01T23:00:00.000Z,40.03
2022-09-02T00:00:00.000Z,43.83
2022-09-02T01:00:00.000Z,40.38
2022-09-02T02:00:00.000Z,39.48
2022-09-02T03:00:00.000Z,38.72
2022-09-02T04:00:00.000Z,39.77
2022-09-02T05:00:00.000Z,38.91
2022-09-02T06:00:00.000Z,54.36
2022-09-02T07:00:00.000Z,52.22
2022-09-02T08:00:00.000Z,47.54
2022-09-02T09:00:00.000Z,41.20
2022-09-02T10:00:00.000Z,37.65
2022-09-02T11:00:00.000Z,38.75
2022-09-02T12:00:00.000Z,40.21
2022-09-02T13:00:00.000Z,38.60
2022-09-02T14:00:00.000Z,36.55
2022-09-02T15:00:00.000Z,36.71
2022-09-02T16:00:00.000Z,37.61
2022-09-02T17:00:00.000Z,39.12
2022-09-02T18:00:00.000Z,38.78
2022-09-02T19:00:00.000Z,37.64
2022-09-02T20:00:00.000Z,37.95
2022-09-02T21:00:00.000Z,37.80
2022-09-02T22:00:00.000Z,41.25
2022-09-02T23:00:00.000Z,50.33
2022-09-03T00:00:00.000Z,49.07
2022-09-03T01:00:00.000Z,49.93
2022-09-03T02:00:00.000Z,48.97
2022-09-03T03:00:00.000Z,44.77
2022-09-03T04:00:00.000Z,42.77
2022-09-03T05:00:00.000Z,59.97
2022-09-03T06:00:00.000Z,64.63
2022-09-03T07:00:00.000Z,68.84
2022-09-03T08:00:00.000Z,64.16
2022-09-03T09:00:00.000Z,62.43
2022-09-03T10:00:00.000Z,59.97
2022-09-03T11:00:00.000Z,51.01
2022-09-03T12:00:00.000Z,54.91
2022-09-03T13:00:00.000Z,56.97
2022-09-03T14:00:00.000Z,56.64
2022-09-03T15:00:00.000Z,59.93
2022-09-03T16:00:00.000Z,58.49
2022-09-03T17:00:00.000Z,58.28
2022-09-03T18:00:00.000Z,59.47
2022-09-03T19:00:00.000Z,64.95
2022-09-03T20:00:00.000Z,64.20
2022-09-03T21:00:00.000Z,54.42
2022-09-03T22:00:00.000Z,55.20
2022-09-03T23:00:00.000Z,50.99
2022-09-04T00:00:00.000Z,49.67
2022-09-04T01:00:00.000Z,49.79
2022-09-04T02:00:00.000Z,50.98
2022-09-04T03:00:00.000Z,54.01
2022-09-04T04:00:00.000Z,49.64
2022-09-04T05:00:00.000Z,51.85
2022-09-04T06:00:00.000Z,53.02
2022-09-04T07:00:00.000Z,74.74
2022-09-04T08:00:00.000Z,88.84
2022-09-04T09:00:00.000Z,82.19
2022-09-04T10:00:00.000Z,74.40
2022-09-04T11:00:00.000Z,56.52
2022-09-04T12:00:00.000Z,67.09
2022-09-04T13:00:00.000Z,86.63
2022-09-04T14:00:00.000Z,204.12
2022-09-04T15:00:00.000Z,375.00
2022-09-04T16:00:00.000Z,444.54
2022-09-04T17:00:00.000Z,497.69
2022-09-04T18:00:00.000Z,497.69
2022-09-04T19:00:00.000Z,497.69
2022-09-04T20:00:00.000Z,379.99
2022-09-04T21:00:00.000Z,240.71
2022-09-04T22:00:00.000Z,127.31
2022-09-04T23:00:00.000Z,182.99
2022-09-05T00:00:00.000Z,191.53
2022-09-05T01:00:00.000Z,210.00
2022-09-05T02:00:00.000Z,233.58
2022-09-05T03:00:00.000Z,358.70
2022-09-05T04:00:00.000Z,297.94
2022-09-05T05:00:00.000Z,506.50
2022-09-05T06:00:00.000Z,120.58
2022-09-05T07:00:00.000Z,249.91
2022-09-05T08:00:00.000Z,249.92
2022-09-05T09:00:00.000Z,92.30
2022-09-05T10:00:00.000Z,83.91
2022-09-05T11:00:00.000Z,82.81
2022-09-05T12:00:00.000Z,74.03
2022-09-05T13:00:00.000Z,70.08
2022-09-05T14:00:00.000Z,60.72
2022-09-05T15:00:00.000Z,59.52
2022-09-05T16:00:00.000Z,57.33
2022-09-05T17:00:00.000Z,58.45
2022-09-05T18:00:00.000Z,64.79
2022-09-05T19:00:00.000Z,58.21
2022-09-05T20:00:00.000Z,55.73
2022-09-05T21:00:00.000Z,53.19
2022-09-05T22:00:00.000Z,55.74
2022-09-05T23:00:00.000Z,59.49
2022-09-06T00:00:00.000Z,59.67
2022-09-06T01:00:00.000Z,58.57
2022-09-06T02:00:00.000Z,74.69
2022-09-06T03:00:00.000Z,84.93
2022-09-06T04:00:00.000Z,63.33
2022-09-06T05:00:00.000Z,99.73
2022-09-06T06:00:00.000Z,149.94
2022-09-06T07:00:00.000Z,178.24
2022-09-06T08:00:00.000Z,177.83
2022-09-06T09:00:00.000Z,105.01
2022-09-06T10:00:00.000Z,106.52
2022-09-06T11:00:00.000Z,110.43
2022-09-06T12:00:00.000Z,113.13
2022-09-06T13:00:00.000Z,134.79
2022-09-06T14:00:00.000Z,89.22
2022-09-06T15:00:00.000Z,86.07
2022-09-06T16:00:00.000Z,77.61
2022-09-06T17:00:00.000Z,85.26
2022-09-06T18:00:00.000Z,86.55
2022-09-06T19:00:00.000Z,85.82
2022-09-06T20:00:00.000Z,77.01
2022-09-06T21:00:00.000Z,59.95
2022-09-06T22:00:00.000Z,76.23
2022-09-06T23:00:00.000Z,74.66
2022-09-07T00:00:00.000Z,74.16
2022-09-07T01:00:00.000Z,74.01
2022-09-07T02:00:00.000Z,74.73
2022-09-07T03:00:00.000Z,77.03
2022-09-07T04:00:00.000Z,79.00
2022-09-07T05:00:00.000Z,78.84
2022-09-07T06:00:00.000Z,88.68
2022-09-07T07:00:00.000Z,91.59
2022-09-07T08:00:00.000Z,91.27
2022-09-07T09:00:00.000Z,92.78
2022-09-07T10:00:00.000Z,92.41
2022-09-07T11:00:00.000Z,90.26
2022-09-07T12:00:00.000Z,88.24
2022-09-07T13:00:00.000Z,87.00
2022-09-07T14:00:00.000Z,79.83
2022-09-07T15:00:00.000Z,77.99
2022-09-07T16:00:00.000Z,76.72
2022-09-07T17:00:00.000Z,77.46
2022-09-07T18:00:00.000Z,79.97
2022-09-07T19:00:00.000Z,77.39
2022-09-07T20:00:00.000Z,75.42
2022-09-07T21:00:00.000Z,71.95
2022-09-07T22:00:00.000Z,73.25
2022-09-07T23:00:00.000Z,73.93
2022-09-08T00:00:00.000Z,74.07
2022-09-08T01:00:00.000Z,74.51
2022-09-08T02:00:00.000Z,74.84
2022-09-08T03:00:00.000Z,75.23
2022-09-08T04:00:00.000Z,79.28
2022-09-08T05:00:00.000Z,99.00
2022-09-08T06:00:00.000Z,92.08
2022-09-08T07:00:00.000Z,92.08
2022-09-08T08:00:00.000Z,92.08
2022-09-08T09:00:00.000Z,82.02
2022-09-08T10:00:00.000Z,82.09
2022-09-08T11:00:00.000Z,87.12
2022-09-08T12:00:00.000Z,91.66
2022-09-08T13:00:00.000Z,92.06
2022-09-08T14:00:00.000Z,93.56
2022-09-08T15:00:00.000Z,91.85
2022-09-08T16:00:00.000Z,80.53
2022-09-08T17:00:00.000Z,90.72
2022-09-08T18:00:00.000Z,95.52
2022-09-08T19:00:00.000Z,92.28
2022-09-08T20:00:00.000Z,86.86
2022-09-08T21:00:00.000Z,73.89
2022-09-08T22:00:00.000Z,79.87
2022-09-08T23:00:00.000Z,77.96
2022-09-09T00:00:00.000Z,79.97
2022-09-09T01:00:00.000Z,78.40
2022-09-09T02:00:00.000Z,77.79
2022-09-09T03:00:00.000Z,85.52
2022-09-09T04:00:00.000Z,92.10
2022-09-09T05:00:00.000Z,90.00
2022-09-09T06:00:00.000Z,98.71
2022-09-09T07:00:00.000Z,100.09
2022-09-09T08:00:00.000Z,100.89
2022-09-09T09:00:00.000Z,100.18
2022-09-09T10:00:00.000Z,98.94
2022-09-09T11:00:00.000Z,99.77
2022-09-09T12:00:00.000Z,95.91
2022-09-09T13:00:00.000Z,96.07
2022-09-09T14:00:00.000Z,94.93
2022-09-09T15:00:00.000Z,95.01
2022-09-09T16:00:00.000Z,96.67
2022-09-09T17:00:00.000Z,93.53
2022-09-09T18:00:00.000Z,89.43
2022-09-09T19:00:00.000Z,89.93
2022-09-09T20:00:00.000Z,90.37
2022-09-09T21:00:00.000Z,82.09
2022-09-09T22:00:00.000Z,91.06
2022-09-09T23:00:00.000Z,90.28
2022-09-10T00:00:00.000Z,91.18
2022-09-10T01:00:00.000Z,93.24
2022-09-10T02:00:00.000Z,95.06
2022-09-10T03:00:00.000Z,98.75
2022-09-10T04:00:00.000Z,85.32
2022-09-10T05:00:00.000Z,100.84
2022-09-10T06:00:00.000Z,108.39
2022-09-10T07:00:00.000Z,124.96
2022-09-10T08:00:00.000Z,112.45
2022-09-10T09:00:00.000Z,101.33
2022-09-10T10:00:00.000Z,99.93
2022-09-10T11:00:00.000Z,99.93
2022-09-10T12:00:00.000Z,99.93
2022-09-10T13:00:00.000Z,101.10
2022-09-10T14:00:00.000Z,100.83
2022-09-10T15:00:00.000Z,100.60
2022-09-10T16:00:00.000Z,188.01
2022-09-10T17:00:00.000Z,180.53
2022-09-10T18:00:00.000Z,133.99
2022-09-10T19:00:00.000Z,130.48
2022-09-10T20:00:00.000Z,111.00
2022-09-10T21:00:00.000Z,112.77
2022-09-10T22:00:00.000Z,260.00
2022-09-10T23:00:00.000Z,260.52
2022-09-11T00:00:00.000Z,250.94
2022-09-11T01:00:00.000Z,245.14
2022-09-11T02:00:00.000Z,237.15
2022-09-11T03:00:00.000Z,237.64
2022-09-11T04:00:00.000Z,123.08
2022-09-11T05:00:00.000Z,124.98
2022-09-11T06:00:00.000Z,140.74
2022-09-11T07:00:00.000Z,133.33
2022-09-11T08:00:00.000Z,130.63
2022-09-11T09:00:00.000Z,109.91
2022-09-11T10:00:00.000Z,107.94
2022-09-11T11:00:00.000Z,104.98
2022-09-11T12:00:00.000Z,109.58
2022-09-11T13:00:00.000Z,130.05
2022-09-11T14:00:00.000Z,189.32
2022-09-11T15:00:00.000Z,199.89
2022-09-11T16:00:00.000Z,219.13
2022-09-11T17:00:00.000Z,249.95
2022-09-11T18:00:00.000Z,265.29
2022-09-11T19:00:00.000Z,215.28
2022-09-11T20:00:00.000Z,204.99
2022-09-11T21:00:00.000Z,146.84
2022-09-11T22:00:00.000Z,103.40
2022-09-11T23:00:00.000Z,101.70
2022-09-12T00:00:00.000Z,101.28
2022-09-12T01:00:00.000Z,101.46
2022-09-12T02:00:00.000Z,101.87
2022-09-12T03:00:00.000Z,122.09
2022-09-12T04:00:00.000Z,102.05
2022-09-12T05:00:00.000Z,246.05
2022-09-12T06:00:00.000Z,281.40
2022-09-12T07:00:00.000Z,458.97
2022-09-12T08:00:00.000Z,405.02
2022-09-12T09:00:00.000Z,359.35
2022-09-12T10:00:00.000Z,351.33
2022-09-12T11:00:00.000Z,283.41
2022-09-12T12:00:00.000Z,273.08
2022-09-12T13:00:00.000Z,267.43
2022-09-12T14:00:00.000Z,277.17
2022-09-12T15:00:00.000Z,270.02
2022-09-12T16:00:00.000Z,153.42
2022-09-12T17:00:00.000Z,104.78
2022-09-12T18:00:00.000Z,100.65
2022-09-12T19:00:00.000Z,99.89
2022-09-12T20:00:00.000Z,88.37
2022-09-12T21:00:00.000Z,69.99
2022-09-12T22:00:00.000Z,48.74
2022-09-12T23:00:00.000Z,36.73
2022-09-13T00:00:00.000Z,29.94
2022-09-13T01:00:00.000Z,27.99
2022-09-13T02:00:00.000Z,28.56
2022-09-13T03:00:00.000Z,44.95
2022-09-13T04:00:00.000Z,65.70
2022-09-13T05:00:00.000Z,74.94
2022-09-13T06:00:00.000Z,84.00
2022-09-13T07:00:00.000Z,82.48
2022-09-13T08:00:00.000Z,90.00
2022-09-13T09:00:00.000Z,95.05
2022-09-13T10:00:00.000Z,90.64
2022-09-13T11:00:00.000Z,86.99
2022-09-13T12:00:00.000Z,79.67
2022-09-13T13:00:00.000Z,79.69
2022-09-13T14:00:00.000Z,71.54
2022-09-13T15:00:00.000Z,69.06
2022-09-13T16:00:00.000Z,69.46
2022-09-13T17:00:00.000Z,69.18
2022-09-13T18:00:00.000Z,67.45
2022-09-13T19:00:00.000Z,64.83
2022-09-13T20:00:00.000Z,48.23
2022-09-13T21:00:00.000Z,28.75
2022-09-13T22:00:00.000Z,33.28
2022-09-13T23:00:00.000Z,30.00
2022-09-14T00:00:00.000Z,29.15
2022-09-14T01:00:00.000Z,28.49
2022-09-14T02:00:00.000Z,34.66
2022-09-14T03:00:00.000Z,50.01
2022-09-14T04:00:00.000Z,65.05
2022-09-14T05:00:00.000Z,73.10
2022-09-14T06:00:00.000Z,81.97
2022-09-14T07:00:00.000Z,87.90
2022-09-14T08:00:00.000Z,92.76
2022-09-14T09:00:00.000Z,94.98
2022-09-14T10:00:00.000Z,92.31
2022-09-14T11:00:00.000Z,90.03
2022-09-14T12:00:00.000Z,90.09
2022-09-14T13:00:00.000Z,66.64
2022-09-14T14:00:00.000Z,68.00
2022-09-14T15:00:00.000Z,66.03
2022-09-14T16:00:00.000Z,67.38
2022-09-14T17:00:00.000Z,68.07
2022-09-14T18:00:00.000Z,69.99
2022-09-14T19:00:00.000Z,65.06
2022-09-14T20:00:00.000Z,53.07
2022-09-14T21:00:00.000Z,34.16
2022-09-14T22:00:00.000Z,15.03
2022-09-14T23:00:00.000Z,14.69
2022-09-15T00:00:00.000Z,14.44
2022-09-15T01:00:00.000Z,14.51
2022-09-15T02:00:00.000Z,15.02
2022-09-15T03:00:00.000Z,27.33
2022-09-15T04:00:00.000Z,51.75
2022-09-15T05:00:00.000Z,65.07
2022-09-15T06:00:00.000Z,72.49
2022-09-15T07:00:00.000Z,67.87
2022-09-15T08:00:00.000Z,66.16
2022-09-15T09:00:00.000Z,61.13
2022-09-15T10:00:00.000Z,60.57
2022-09-15T11:00:00.000Z,61.07
2022-09-15T12:00:00.000Z,61.07
2022-09-15T13:00:00.000Z,61.07
2022-09-15T14:00:00.000Z,59.98
2022-09-15T15:00:00.000Z,61.14
2022-09-15T16:00:00.000Z,64.63
2022-09-15T17:00:00.000Z,65.56
2022-09-15T18:00:00.000Z,61.30
2022-09-15T19:00:00.000Z,59.74
2022-09-15T20:00:00.000Z,55.59
2022-09-15T21:00:00.000Z,35.45
2022-09-15T22:00:00.000Z,33.99
2022-09-15T23:00:00.000Z,31.18
2022-09-16T00:00:00.000Z,29.21
2022-09-16T01:00:00.000Z,29.15
2022-09-16T02:00:00.000Z,29.24
2022-09-16T03:00:00.000Z,29.97
2022-09-16T04:00:00.000Z,28.05
2022-09-16T05:00:00.000Z,38.61
2022-09-16T06:00:00.000Z,44.95
2022-09-16T07:00:00.000Z,53.20
2022-09-16T08:00:00.000Z,49.61
2022-09-16T09:00:00.000Z,44.92
2022-09-16T10:00:00.000Z,44.91
2022-09-16T11:00:00.000Z,42.16
2022-09-16T12:00:00.000Z,36.44
2022-09-16T13:00:00.000Z,33.79
2022-09-16T14:00:00.000Z,33.25
2022-09-16T15:00:00.000Z,33.59
2022-09-16T16:00:00.000Z,30.46
2022-09-16T17:00:00.000Z,31.66
2022-09-16T18:00:00.000Z,33.14
2022-09-16T19:00:00.000Z,36.90
2022-09-16T20:00:00.000Z,29.64
2022-09-16T21:00:00.000Z,14.83
2022-09-16T22:00:00.000Z,23.20
2022-09-16T23:00:00.000Z,15.70
2022-09-17T00:00:00.000Z,14.96
2022-09-17T01:00:00.000Z,14.97
2022-09-17T02:00:00.000Z,15.77
2022-09-17T03:00:00.000Z,20.54
2022-09-17T04:00:00.000Z,24.02
2022-09-17T05:00:00.000Z,30.54
2022-09-17T06:00:00.000Z,37.56
2022-09-17T07:00:00.000Z,39.07
2022-09-17T08:00:00.000Z,42.06
2022-09-17T09:00:00.000Z,44.75
2022-09-17T10:00:00.000Z,36.10
2022-09-17T11:00:00.000Z,22.09
2022-09-17T12:00:00.000Z,21.85
2022-09-17T13:00:00.000Z,24.98
2022-09-17T14:00:00.000Z,35.18
2022-09-17T15:00:00.000Z,46.61
2022-09-17T16:00:00.000Z,42.29
2022-09-17T17:00:00.000Z,42.38
2022-09-17T18:00:00.000Z,42.59
2022-09-17T19:00:00.000Z,44.75
2022-09-17T20:00:00.000Z,44.70
2022-09-17T21:00:00.000Z,43.21
2022-09-17T22:00:00.000Z,27.47
2022-09-17T23:00:00.000Z,27.06
2022-09-18T00:00:00.000Z,22.19
2022-09-18T01:00:00.000Z,27.17
2022-09-18T02:00:00.000Z,34.02
2022-09-18T03:00:00.000Z,31.59
2022-09-18T04:00:00.000Z,24.64
2022-09-18T05:00:00.000Z,35.02
2022-09-18T06:00:00.000Z,37.99
2022-09-18T07:00:00.000Z,39.12
2022-09-18T08:00:00.000Z,35.09
2022-09-18T09:00:00.000Z,33.80
2022-09-18T10:00:00.000Z,29.04
2022-09-18T11:00:00.000Z,24.90
2022-09-18T12:00:00.000Z,24.36
2022-09-18T13:00:00.000Z,24.01
2022-09-18T14:00:00.000Z,24.11
2022-09-18T15:00:00.000Z,20.70
2022-09-18T16:00:00.000Z,22.09
2022-09-18T17:00:00.000Z,24.29
2022-09-18T18:00:00.000Z,25.07
2022-09-18T19:00:00.000Z,26.42
2022-09-18T20:00:00.000Z,25.39
2022-09-18T21:00:00.000Z,24.42
2022-09-18T22:00:00.000Z,15.83
2022-09-18T23:00:00.000Z,14.97
2022-09-19T00:00:00.000Z,14.94
2022-09-19T01:00:00.000Z,14.94
2022-09-19T02:00:00.000Z,14.94
2022-09-19T03:00:00.000Z,15.95
2022-09-19T04:00:00.000Z,37.71
2022-09-19T05:00:00.000Z,42.98
2022-09-19T06:00:00.000Z,43.88
2022-09-19T07:00:00.000Z,43.84
2022-09-19T08:00:00.000Z,43.42
2022-09-19T09:00:00.000Z,43.86
2022-09-19T10:00:00.000Z,43.84
2022-09-19T11:00:00.000Z,44.08
2022-09-19T12:00:00.000Z,43.87
2022-09-19T13:00:00.000Z,43.67
2022-09-19T14:00:00.000Z,37.08
2022-09-19T15:00:00.000Z,37.92
2022-09-19T16:00:00.000Z,36.87
2022-09-19T17:00:00.000Z,37.99
2022-09-19T18:00:00.000Z,35.89
2022-09-19T19:00:00.000Z,32.52
2022-09-19T20:00:00.000Z,24.33
2022-09-19T21:00:00.000Z,14.65
2022-09-19T22:00:00.000Z,24.17
2022-09-19T23:00:00.000Z,27.43
2022-09-20T00:00:00.000Z,26.87
2022-09-20T01:00:00.000Z,25.07
2022-09-20T02:00:00.000Z,28.48
2022-09-20T03:00:00.000Z,25.00
2022-09-20T04:00:00.000Z,43.99
2022-09-20T05:00:00.000Z,56.27
2022-09-20T06:00:00.000Z,67.54
2022-09-20T07:00:00.000Z,84.14
2022-09-20T08:00:00.000Z,92.89
2022-09-20T09:00:00.000Z,87.86
2022-09-20T10:00:00.000Z,83.03
2022-09-20T11:00:00.000Z,81.58
2022-09-20T12:00:00.000Z,95.38
2022-09-20T13:00:00.000Z,97.44
2022-09-20T14:00:00.000Z,77.38
2022-09-20T15:00:00.000Z,82.00
2022-09-20T16:00:00.000Z,86.57
2022-09-20T17:00:00.000Z,93.01
2022-09-20T18:00:00.000Z,93.00
2022-09-20T19:00:00.000Z,75.75
2022-09-20T20:00:00.000Z,57.97
2022-09-20T21:00:00.000Z,48.83
2022-09-20T22:00:00.000Z,46.65
2022-09-20T23:00:00.000Z,40.57
2022-09-21T00:00:00.000Z,39.84
2022-09-21T01:00:00.000Z,40.42
2022-09-21T02:00:00.000Z,40.71
2022-09-21T03:00:00.000Z,43.46
2022-09-21T04:00:00.000Z,45.81
2022-09-21T05:00:00.000Z,47.40
2022-09-21T06:00:00.000Z,48.36
2022-09-21T07:00:00.000Z,46.98
2022-09-21T08:00:00.000Z,46.41
2022-09-21T09:00:00.000Z,44.27
2022-09-21T10:00:00.000Z,42.04
2022-09-21T11:00:00.000Z,42.02
2022-09-21T12:00:00.000Z,42.58
2022-09-21T13:00:00.000Z,46.04
2022-09-21T14:00:00.000Z,46.89
2022-09-21T15:00:00.000Z,48.69
2022-09-21T16:00:00.000Z,48.81
2022-09-21T17:00:00.000Z,48.95
2022-09-21T18:00:00.000Z,48.54
2022-09-21T19:00:00.000Z,46.09
2022-09-21T20:00:00.000Z,39.74
2022-09-21T21:00:00.000Z,35.53
2022-09-21T22:00:00.000Z,40.43
2022-09-21T23:00:00.000Z,39.97
2022-09-22T00:00:00.000Z,43.32
2022-09-22T01:00:00.000Z,48.17
2022-09-22T02:00:00.000Z,49.94
2022-09-22T03:00:00.000Z,53.92
2022-09-22T04:00:00.000Z,50.76
2022-09-22T05:00:00.000Z,50.91
2022-09-22T06:00:00.000Z,51.55
2022-09-22T07:00:00.000Z,61.91
2022-09-22T08:00:00.000Z,62.96
2022-09-22T09:00:00.000Z,63.39
2022-09-22T10:00:00.000Z,63.39
2022-09-22T11:00:00.000Z,63.39
2022-09-22T12:00:00.000Z,75.63
2022-09-22T13:00:00.000Z,60.00
2022-09-22T14:00:00.000Z,59.60
2022-09-22T15:00:00.000Z,49.95
2022-09-22T16:00:00.000Z,49.94
2022-09-22T17:00:00.000Z,49.84
2022-09-22T18:00:00.000Z,49.72
2022-09-22T19:00:00.000Z,49.94
2022-09-22T20:00:00.000Z,50.46
2022-09-22T21:00:00.000Z,48.71
2022-09-22T22:00:00.000Z,50.06
2022-09-22T23:00:00.000Z,46.90
2022-09-23T00:00:00.000Z,47.15
2022-09-23T01:00:00.000Z,49.70
2022-09-23T02:00:00.000Z,51.79
2022-09-23T03:00:00.000Z,68.23
2022-09-23T04:00:00.000Z,71.51
2022-09-23T05:00:00.000Z,78.41
2022-09-23T06:00:00.000Z,78.30
2022-09-23T07:00:00.000Z,74.84
2022-09-23T08:00:00.000Z,73.59
2022-09-23T09:00:00.000Z,72.47
2022-09-23T10:00:00.000Z,72.41
2022-09-23T11:00:00.000Z,73.07
2022-09-23T12:00:00.000Z,72.15
2022-09-23T13:00:00.000Z,70.81
2022-09-23T14:00:00.000Z,69.39
2022-09-23T15:00:00.000Z,66.80
2022-09-23T16:00:00.000Z,70.13
2022-09-23T17:00:00.000Z,69.51
2022-09-23T18:00:00.000Z,70.50
2022-09-23T19:00:00.000Z,69.71
2022-09-23T20:00:00.000Z,70.51
2022-09-23T21:00:00.000Z,57.24
2022-09-23T22:00:00.000Z,61.16
2022-09-23T23:00:00.000Z,59.67
2022-09-24T00:00:00.000Z,60.06
2022-09-24T01:00:00.000Z,60.66
2022-09-24T02:00:00.000Z,64.07
2022-09-24T03:00:00.000Z,65.68
2022-09-24T04:00:00.000Z,62.33
2022-09-24T05:00:00.000Z,64.20
2022-09-24T06:00:00.000Z,64.90
2022-09-24T07:00:00.000Z,67.60
2022-09-24T08:00:00.000Z,78.11
2022-09-24T09:00:00.000Z,76.87
2022-09-24T10:00:00.000Z,73.74
2022-09-24T11:00:00.000Z,68.40
2022-09-24T12:00:00.000Z,68.45
2022-09-24T13:00:00.000Z,68.03
2022-09-24T14:00:00.000Z,69.10
2022-09-24T15:00:00.000Z,66.33
2022-09-24T16:00:00.000Z,68.43
2022-09-24T17:00:00.000Z,70.02
2022-09-24T18:00:00.000Z,74.92
2022-09-24T19:00:00.000Z,70.01
2022-09-24T20:00:00.000Z,74.54
2022-09-24T21:00:00.000Z,74.43
2022-09-24T22:00:00.000Z,80.17
2022-09-24T23:00:00.000Z,80.55
2022-09-25T00:00:00.000Z,78.71
2022-09-25T01:00:00.000Z,77.54
2022-09-25T02:00:00.000Z,54.91
2022-09-25T03:00:00.000Z,49.81
2022-09-25T04:00:00.000Z,42.44
2022-09-25T05:00:00.000Z,40.15
2022-09-25T06:00:00.000Z,39.96
2022-09-25T07:00:00.000Z,40.03
2022-09-25T08:00:00.000Z,40.04
2022-09-25T09:00:00.000Z,40.08
2022-09-25T10:00:00.000Z,40.41
2022-09-25T11:00:00.000Z,40.08
2022-09-25T12:00:00.000Z,40.08
2022-09-25T13:00:00.000Z,40.08
2022-09-25T14:00:00.000Z,41.04
2022-09-25T15:00:00.000Z,40.02
2022-09-25T16:00:00.000Z,39.90
2022-09-25T17:00:00.000Z,39.00
2022-09-25T18:00:00.000Z,38.00
2022-09-25T19:00:00.000Z,35.49
2022-09-25T20:00:00.000Z,33.89
2022-09-25T21:00:00.000Z,29.94
2022-09-25T22:00:00.000Z,29.92
2022-09-25T23:00:00.000Z,24.90
2022-09-26T00:00:00.000Z,24.23
2022-09-26T01:00:00.000Z,25.51
2022-09-26T02:00:00.000Z,28.65
2022-09-26T03:00:00.000Z,30.19
2022-09-26T04:00:00.000Z,34.53
2022-09-26T05:00:00.000Z,48.51
2022-09-26T06:00:00.000Z,54.27
2022-09-26T07:00:00.000Z,65.52
2022-09-26T08:00:00.000Z,62.36
2022-09-26T09:00:00.000Z,62.34
2022-09-26T10:00:00.000Z,65.36
2022-09-26T11:00:00.000Z,57.98
2022-09-26T12:00:00.000Z,54.91
2022-09-26T13:00:00.000Z,54.05
2022-09-26T14:00:00.000Z,39.99
2022-09-26T15:00:00.000Z,34.33
2022-09-26T16:00:00.000Z,30.11
2022-09-26T17:00:00.000Z,29.94
2022-09-26T18:00:00.000Z,34.51
2022-09-26T19:00:00.000Z,32.38
2022-09-26T20:00:00.000Z,31.59
2022-09-26T21:00:00.000Z,18.77
2022-09-26T22:00:00.000Z,13.93
2022-09-26T23:00:00.000Z,13.00
2022-09-27T00:00:00.000Z,12.66
2022-09-27T01:00:00.000Z,12.97
2022-09-27T02:00:00.000Z,14.32
2022-09-27T03:00:00.000Z,16.20
2022-09-27T04:00:00.000Z,24.72
2022-09-27T05:00:00.000Z,35.37
2022-09-27T06:00:00.000Z,38.92
2022-09-27T07:00:00.000Z,41.86
2022-09-27T08:00:00.000Z,41.84
2022-09-27T09:00:00.000Z,40.27
2022-09-27T10:00:00.000Z,40.09
2022-09-27T11:00:00.000Z,40.00
2022-09-27T12:00:00.000Z,38.40
2022-09-27T13:00:00.000Z,38.54
2022-09-27T14:00:00.000Z,38.67
2022-09-27T15:00:00.000Z,35.46
2022-09-27T16:00:00.000Z,35.42
2022-09-27T17:00:00.000Z,35.41
2022-09-27T18:00:00.000Z,37.09
2022-09-27T19:00:00.000Z,35.68
2022-09-27T20:00:00.000Z,37.06
2022-09-27T21:00:00.000Z,34.73
2022-09-27T22:00:00.000Z,35.92
2022-09-27T23:00:00.000Z,35.63
2022-09-28T00:00:00.000Z,35.39
2022-09-28T01:00:00.000Z,35.36
2022-09-28T02:00:00.000Z,35.55
2022-09-28T03:00:00.000Z,35.95
2022-09-28T04:00:00.000Z,35.83
2022-09-28T05:00:00.000Z,39.96
2022-09-28T06:00:00.000Z,41.36
2022-09-28T07:00:00.000Z,54.99
2022-09-28T08:00:00.000Z,57.16
2022-09-28T09:00:00.000Z,54.98
2022-09-28T10:00:00.000Z,54.95
2022-09-28T11:00:00.000Z,58.25
2022-09-28T12:00:00.000Z,58.79
2022-09-28T13:00:00.000Z,76.88
2022-09-28T14:00:00.000Z,50.11
2022-09-28T15:00:00.000Z,48.67
2022-09-28T16:00:00.000Z,43.37
2022-09-28T17:00:00.000Z,42.16
2022-09-28T18:00:00.000Z,43.57
2022-09-28T19:00:00.000Z,41.80
2022-09-28T20:00:00.000Z,43.45
2022-09-28T21:00:00.000Z,41.48
2022-09-28T22:00:00.000Z,45.43
2022-09-28T23:00:00.000Z,45.07
2022-09-29T00:00:00.000Z,45.46
2022-09-29T01:00:00.000Z,46.00
2022-09-29T02:00:00.000Z,46.61
2022-09-29T03:00:00.000Z,49.98
2022-09-29T04:00:00.000Z,50.10
2022-09-29T05:00:00.000Z,56.37
2022-09-29T06:00:00.000Z,57.46
2022-09-29T07:00:00.000Z,58.37
2022-09-29T08:00:00.000Z,58.65
2022-09-29T09:00:00.000Z,59.90
2022-09-29T10:00:00.000Z,65.88
2022-09-29T11:00:00.000Z,93.49
2022-09-29T12:00:00.000Z,145.51
2022-09-29T13:00:00.000Z,188.49
2022-09-29T14:00:00.000Z,242.84
2022-09-29T15:00:00.000Z,149.72
2022-09-29T16:00:00.000Z,96.41
2022-09-29T17:00:00.000Z,92.17
2022-09-29T18:00:00.000Z,93.56
2022-09-29T19:00:00.000Z,79.82
2022-09-29T20:00:00.000Z,79.90
2022-09-29T21:00:00.000Z,77.26
2022-09-29T22:00:00.000Z,95.65
2022-09-29T23:00:00.000Z,90.90
2022-09-30T00:00:00.000Z,85.14
2022-09-30T01:00:00.000Z,84.99
2022-09-30T02:00:00.000Z,88.31
2022-09-30T03:00:00.000Z,125.01
2022-09-30T04:00:00.000Z,152.79
2022-09-30T05:00:00.000Z,177.37
2022-09-30T06:00:00.000Z,224.10
2022-09-30T07:00:00.000Z,171.66
2022-09-30T08:00:00.000Z,91.92
2022-09-30T09:00:00.000Z,72.26
2022-09-30T10:00:00.000Z,79.93
2022-09-30T11:00:00.000Z,63.29
2022-09-30T12:00:00.000Z,59.87
2022-09-30T13:00:00.000Z,58.30
2022-09-30T14:00:00.000Z,56.35
2022-09-30T15:00:00.000Z,54.93
2022-09-30T16:00:00.000Z,49.96
2022-09-30T17:00:00.000Z,49.94
2022-09-30T18:00:00.000Z,49.96
2022-09-30T19:00:00.000Z,49.04
2022-09-30T20:00:00.000Z,49.46
2022-09-30T21:00:00.000Z,45.24
2022-09-30T22:00:00.000Z,49.97
2022-09-30T23:00:00.000Z,49.94
2022-10-01T00:00:00.000Z,49.94
2022-10-01T01:00:00.000Z,49.94
2022-10-01T02:00:00.000Z,17.45
2022-10-01T03:00:00.000Z,16.52
2022-10-01T04:00:00.000Z,16.15
2022-10-01T05:00:00.000Z,24.43
2022-10-01T06:00:00.000Z,45.02
2022-10-01T07:00:00.000Z,51.87
2022-10-01T08:00:00.000Z,53.54
2022-10-01T09:00:00.000Z,54.96
2022-10-01T10:00:00.000Z,54.93
2022-10-01T11:00:00.000Z,58.51
2022-10-01T12:00:00.000Z,60.71
2022-10-01T13:00:00.000Z,64.27
2022-10-01T14:00:00.000Z,68.15
2022-10-01T15:00:00.000Z,74.56
2022-10-01T16:00:00.000Z,80.77
2022-10-01T17:00:00.000Z,77.81
2022-10-01T18:00:00.000Z,67.74
2022-10-01T19:00:00.000Z,64.47
2022-10-01T20:00:00.000Z,66.76
2022-10-01T21:00:00.000Z,66.13
2022-10-01T22:00:00.000Z,66.12
2022-10-01T23:00:00.000Z,64.04
2022-10-02T00:00:00.000Z,58.24
2022-10-02T01:00:00.000Z,61.95
2022-10-02T02:00:00.000Z,59.19
2022-10-02T03:00:00.000Z,59.53
2022-10-02T04:00:00.000Z,59.38
2022-10-02T05:00:00.000Z,60.03
2022-10-02T06:00:00.000Z,85.03
2022-10-02T07:00:00.000Z,92.00
2022-10-02T08:00:00.000Z,74.15
2022-10-02T09:00:00.000Z,63.61
2022-10-02T10:00:00.000Z,58.89
2022-10-02T11:00:00.000Z,57.76
2022-10-02T12:00:00.000Z,64.55
2022-10-02T13:00:00.000Z,67.01
2022-10-02T14:00:00.000Z,91.36
2022-10-02T15:00:00.000Z,187.44
2022-10-02T16:00:00.000Z,199.73
2022-10-02T17:00:00.000Z,166.62
2022-10-02T18:00:00.000Z,97.07
2022-10-02T19:00:00.000Z,89.67
2022-10-02T20:00:00.000Z,81.87
2022-10-02T21:00:00.000Z,64.44
2022-10-02T22:00:00.000Z,53.19
2022-10-02T23:00:00.000Z,50.51
2022-10-03T00:00:00.000Z,50.27
2022-10-03T01:00:00.000Z,50.44
2022-10-03T02:00:00.000Z,50.45
2022-10-03T03:00:00.000Z,53.08
2022-10-03T04:00:00.000Z,56.69
2022-10-03T05:00:00.000Z,67.67
2022-10-03T06:00:00.000Z,71.84
2022-10-03T07:00:00.000Z,71.87
2022-10-03T08:00:00.000Z,68.31
2022-10-03T09:00:00.000Z,59.98
2022-10-03T10:00:00.000Z,56.68
2022-10-03T11:00:00.000Z,56.64
2022-10-03T12:00:00.000Z,55.02
2022-10-03T13:00:00.000Z,54.96
2022-10-03T14:00:00.000Z,53.02
2022-10-03T15:00:00.000Z,53.03
2022-10-03T16:00:00.000Z,54.91
2022-10-03T17:00:00.000Z,55.77
2022-10-03T18:00:00.000Z,56.70
2022-10-03T19:00:00.000Z,58.18
2022-10-03T20:00:00.000Z,63.91
2022-10-03T21:00:00.000Z,67.92
2022-10-03T22:00:00.000Z,56.61
2022-10-03T23:00:00.000Z,59.00
2022-10-04T00:00:00.000Z,65.21
2022-10-04T01:00:00.000Z,74.52
2022-10-04T02:00:00.000Z,76.81
2022-10-04T03:00:00.000Z,73.86
2022-10-04T04:00:00.000Z,75.10
2022-10-04T05:00:00.000Z,76.81
2022-10-04T06:00:00.000Z,62.31
2022-10-04T07:00:00.000Z,51.05
2022-10-04T08:00:00.000Z,49.39
2022-10-04T09:00:00.000Z,48.70
2022-10-04T10:00:00.000Z,49.08
2022-10-04T11:00:00.000Z,49.35
2022-10-04T12:00:00.000Z,49.83
2022-10-04T13:00:00.000Z,49.94
2022-10-04T14:00:00.000Z,49.52
2022-10-04T15:00:00.000Z,48.73
2022-10-04T16:00:00.000Z,48.01
2022-10-04T17:00:00.000Z,48.50
2022-10-04T18:00:00.000Z,48.89
2022-10-04T19:00:00.000Z,49.92
2022-10-04T20:00:00.000Z,40.65
2022-10-04T21:00:00.000Z,28.04
2022-10-04T22:00:00.000Z,17.99
2022-10-04T23:00:00.000Z,16.98
2022-10-05T00:00:00.000Z,16.54
2022-10-05T01:00:00.000Z,16.92
2022-10-05T02:00:00.000Z,18.84
2022-10-05T03:00:00.000Z,29.00
2022-10-05T04:00:00.000Z,46.70
2022-10-05T05:00:00.000Z,62.93
2022-10-05T06:00:00.000Z,71.42
2022-10-05T07:00:00.000Z,73.26
2022-10-05T08:00:00.000Z,76.91
2022-10-05T09:00:00.000Z,54.84
2022-10-05T10:00:00.000Z,38.94
2022-10-05T11:00:00.000Z,23.54
2022-10-05T12:00:00.000Z,17.17
2022-10-05T13:00:00.000Z,19.48
2022-10-05T14:00:00.000Z,30.57
2022-10-05T15:00:00.000Z,25.69
2022-10-05T16:00:00.000Z,20.19
2022-10-05T17:00:00.000Z,15.99
2022-10-05T18:00:00.000Z,10.10
2022-10-05T19:00:00.000Z,4.45
2022-10-05T20:00:00.000Z,1.25
2022-10-05T21:00:00.000Z,0.46
2022-10-05T22:00:00.000Z,0.09
2022-10-05T23:00:00.000Z,0.07
2022-10-06T00:00:00.000Z,0.03
2022-10-06T01:00:00.000Z,0.04
2022-10-06T02:00:00.000Z,0.06
2022-10-06T03:00:00.000Z,0.58
2022-10-06T04:00:00.000Z,4.27
2022-10-06T05:00:00.000Z,10.19
2022-10-06T06:00:00.000Z,13.11
2022-10-06T07:00:00.000Z,13.01
2022-10-06T08:00:00.000Z,11.12
2022-10-06T09:00:00.000Z,8.94
2022-10-06T10:00:00.000Z,5.68
2022-10-06T11:00:00.000Z,4.39
2022-10-06T12:00:00.000Z,3.95
2022-10-06T13:00:00.000Z,4.35
2022-10-06T14:00:00.000Z,4.16
2022-10-06T15:00:00.000Z,6.65
2022-10-06T16:00:00.000Z,5.48
2022-10-06T17:00:00.000Z,5.08
2022-10-06T18:00:00.000Z,3.30
2022-10-06T19:00:00.000Z,1.47
2022-10-06T20:00:00.000Z,0.09
2022-10-06T21:00:00.000Z,0.02
2022-10-06T22:00:00.000Z,0.09
2022-10-06T23:00:00.000Z,-0.96
2022-10-07T00:00:00.000Z,-0.96
2022-10-07T01:00:00.000Z,-0.96
2022-10-07T02:00:00.000Z,0.05
2022-10-07T03:00:00.000Z,0.81
2022-10-07T04:00:00.000Z,5.95
2022-10-07T05:00:00.000Z,13.34
2022-10-07T06:00:00.000Z,14.93
2022-10-07T07:00:00.000Z,14.94
2022-10-07T08:00:00.000Z,14.91
2022-10-07T09:00:00.000Z,14.52
2022-10-07T10:00:00.000Z,14.06
2022-10-07T11:00:00.000Z,13.74
2022-10-07T12:00:00.000Z,12.08
2022-10-07T13:00:00.000Z,10.52
2022-10-07T14:00:00.000Z,7.59
2022-10-07T15:00:00.000Z,10.38
2022-10-07T16:00:00.000Z,11.33
2022-10-07T17:00:00.000Z,10.64
2022-10-07T18:00:00.000Z,8.08
2022-10-07T19:00:00.000Z,5.74
2022-10-07T20:00:00.000Z,3.78
2022-10-07T21:00:00.000Z,1.30
2022-10-07T22:00:00.000Z,0.01
2022-10-07T23:00:00.000Z,0.00
2022-10-08T00:00:00.000Z,0.00
2022-10-08T01:00:00.000Z,0.00
2022-10-08T02:00:00.000Z,0.07
2022-10-08T03:00:00.000Z,2.03
2022-10-08T04:00:00.000Z,3.80
2022-10-08T05:00:00.000Z,7.48
2022-10-08T06:00:00.000Z,10.13
2022-10-08T07:00:00.000Z,12.00
2022-10-08T08:00:00.000Z,12.87
2022-10-08T09:00:00.000Z,11.57
2022-10-08T10:00:00.000Z,10.57
2022-10-08T11:00:00.000Z,9.39
2022-10-08T12:00:00.000Z,9.02
2022-10-08T13:00:00.000Z,9.67
2022-10-08T14:00:00.000Z,10.37
2022-10-08T15:00:00.000Z,10.87
2022-10-08T16:00:00.000Z,11.71
2022-10-08T17:00:00.000Z,13.08
2022-10-08T18:00:00.000Z,10.69
2022-10-08T19:00:00.000Z,9.93
2022-10-08T20:00:00.000Z,8.45
2022-10-08T21:00:00.000Z,5.29
2022-10-08T22:00:00.000Z,2.06
2022-10-08T23:00:00.000Z,1.66
2022-10-09T00:00:00.000Z,2.01
2022-10-09T01:00:00.000Z,2.22
2022-10-09T02:00:00.000Z,4.52
2022-10-09T03:00:00.000Z,7.71
2022-10-09T04:00:00.000Z,10.10
2022-10-09T05:00:00.000Z,11.37
2022-10-09T06:00:00.000Z,13.94
2022-10-09T07:00:00.000Z,14.61
2022-10-09T08:00:00.000Z,14.68
2022-10-09T09:00:00.000Z,14.81
2022-10-09T10:00:00.000Z,14.67
2022-10-09T11:00:00.000Z,14.24
2022-10-09T12:00:00.000Z,14.51
2022-10-09T13:00:00.000Z,14.42
2022-10-09T14:00:00.000Z,14.68
2022-10-09T15:00:00.000Z,15.04
2022-10-09T16:00:00.000Z,15.44
2022-10-09T17:00:00.000Z,15.07
2022-10-09T18:00:00.000Z,14.29
2022-10-09T19:00:00.000Z,14.30
2022-10-09T20:00:00.000Z,12.71
2022-10-09T21:00:00.000Z,10.73
2022-10-09T22:00:00.000Z,11.22
2022-10-09T23:00:00.000Z,10.38
2022-10-10T00:00:00.000Z,9.78
2022-10-10T01:00:00.000Z,9.03
2022-10-10T02:00:00.000Z,9.53
2022-10-10T03:00:00.000Z,11.31
2022-10-10T04:00:00.000Z,12.54
2022-10-10T05:00:00.000Z,12.16
2022-10-10T06:00:00.000Z,12.96
2022-10-10T07:00:00.000Z,13.54
2022-10-10T08:00:00.000Z,13.08
2022-10-10T09:00:00.000Z,12.74
2022-10-10T10:00:00.000Z,11.70
2022-10-10T11:00:00.000Z,12.64
2022-10-10T12:00:00.000Z,13.32
2022-10-10T13:00:00.000Z,12.98
2022-10-10T14:00:00.000Z,12.56
2022-10-10T15:00:00.000Z,12.97
2022-10-10T16:00:00.000Z,13.37
2022-10-10T17:00:00.000Z,12.90
2022-10-10T18:00:00.000Z,10.66
2022-10-10T19:00:00.000Z,9.59
2022-10-10T20:00:00.000Z,6.86
2022-10-10T21:00:00.000Z,2.02
2022-10-10T22:00:00.000Z,1.28
2022-10-10T23:00:00.000Z,1.21
2022-10-11T00:00:00.000Z,0.92
2022-10-11T01:00:00.000Z,1.05
2022-10-11T02:00:00.000Z,2.07
2022-10-11T03:00:00.000Z,7.77
2022-10-11T04:00:00.000Z,10.97
2022-10-11T05:00:00.000Z,12.62
2022-10-11T06:00:00.000Z,13.13
2022-10-11T07:00:00.000Z,12.97
2022-10-11T08:00:00.000Z,12.85
2022-10-11T09:00:00.000Z,12.64
2022-10-11T10:00:00.000Z,12.60
2022-10-11T11:00:00.000Z,12.22
2022-10-11T12:00:00.000Z,11.14
2022-10-11T13:00:00.000Z,10.96
2022-10-11T14:00:00.000Z,11.41
2022-10-11T15:00:00.000Z,12.68
2022-10-11T16:00:00.000Z,13.07
2022-10-11T17:00:00.000Z,12.78
2022-10-11T18:00:00.000Z,11.00
2022-10-11T19:00:00.000Z,10.58
2022-10-11T20:00:00.000Z,8.40
2022-10-11T21:00:00.000Z,4.92
2022-10-11T22:00:00.000Z,10.42
2022-10-11T23:00:00.000Z,10.30
2022-10-12T00:00:00.000Z,10.53
2022-10-12T01:00:00.000Z,11.24
2022-10-12T02:00:00.000Z,12.32
2022-10-12T03:00:00.000Z,14.48
2022-10-12T04:00:00.000Z,15.89
2022-10-12T05:00:00.000Z,17.55
2022-10-12T06:00:00.000Z,18.26
2022-10-12T07:00:00.000Z,18.51
2022-10-12T08:00:00.000Z,19.81
2022-10-12T09:00:00.000Z,20.98
2022-10-12T10:00:00.000Z,17.84
2022-10-12T11:00:00.000Z,17.19
2022-10-12T12:00:00.000Z,16.89
2022-10-12T13:00:00.000Z,15.98
2022-10-12T14:00:00.000Z,17.86
2022-10-12T15:00:00.000Z,15.95
2022-10-12T16:00:00.000Z,16.42
2022-10-12T17:00:00.000Z,16.42
2022-10-12T18:00:00.000Z,16.42
2022-10-12T19:00:00.000Z,15.77
2022-10-12T20:00:00.000Z,15.49
2022-10-12T21:00:00.000Z,14.98
2022-10-12T22:00:00.000Z,15.20
2022-10-12T23:00:00.000Z,14.76
2022-10-13T00:00:00.000Z,14.23
2022-10-13T01:00:00.000Z,14.09
2022-10-13T02:00:00.000Z,14.51
2022-10-13T03:00:00.000Z,15.65
2022-10-13T04:00:00.000Z,18.18
2022-10-13T05:00:00.000Z,18.46
2022-10-13T06:00:00.000Z,18.85
2022-10-13T07:00:00.000Z,19.66
2022-10-13T08:00:00.000Z,21.99
2022-10-13T09:00:00.000Z,21.14
2022-10-13T10:00:00.000Z,22.74
2022-10-13T11:00:00.000Z,27.12
2022-10-13T12:00:00.000Z,27.92
2022-10-13T13:00:00.000Z,27.98
2022-10-13T14:00:00.000Z,30.32
2022-10-13T15:00:00.000Z,30.81
2022-10-13T16:00:00.000Z,29.92
2022-10-13T17:00:00.000Z,31.07
2022-10-13T18:00:00.000Z,32.69
2022-10-13T19:00:00.000Z,31.06
2022-10-13T20:00:00.000Z,24.93
2022-10-13T21:00:00.000Z,19.95
2022-10-13T22:00:00.000Z,18.48
2022-10-13T23:00:00.000Z,17.32
2022-10-14T00:00:00.000Z,16.51
2022-10-14T01:00:00.000Z,16.05
2022-10-14T02:00:00.000Z,15.41
2022-10-14T03:00:00.000Z,15.55
2022-10-14T04:00:00.000Z,14.74
2022-10-14T05:00:00.000Z,16.30
2022-10-14T06:00:00.000Z,17.25
2022-10-14T07:00:00.000Z,16.83
2022-10-14T08:00:00.000Z,16.40
2022-10-14T09:00:00.000Z,16.23
2022-10-14T10:00:00.000Z,16.39
2022-10-14T11:00:00.000Z,16.48
2022-10-14T12:00:00.000Z,16.55
2022-10-14T13:00:00.000Z,15.99
2022-10-14T14:00:00.000Z,17.06
2022-10-14T15:00:00.000Z,17.32
2022-10-14T16:00:00.000Z,17.21
2022-10-14T17:00:00.000Z,17.56
2022-10-14T18:00:00.000Z,18.98
2022-10-14T19:00:00.000Z,20.70
2022-10-14T20:00:00.000Z,20.70
2022-10-14T21:00:00.000Z,20.70
2022-10-14T22:00:00.000Z,18.04
2022-10-14T23:00:00.000Z,17.71
2022-10-15T00:00:00.000Z,17.24
2022-10-15T01:00:00.000Z,16.39
2022-10-15T02:00:00.000Z,15.97
2022-10-15T03:00:00.000Z,15.50
2022-10-15T04:00:00.000Z,17.06
2022-10-15T05:00:00.000Z,18.39
2022-10-15T06:00:00.000Z,19.68
2022-10-15T07:00:00.000Z,20.40
2022-10-15T08:00:00.000Z,21.31
2022-10-15T09:00:00.000Z,18.75
2022-10-15T10:00:00.000Z,18.09
2022-10-15T11:00:00.000Z,17.42
2022-10-15T12:00:00.000Z,17.70
2022-10-15T13:00:00.000Z,17.56
2022-10-15T14:00:00.000Z,17.67
2022-10-15T15:00:00.000Z,18.82
2022-10-15T16:00:00.000Z,21.09
2022-10-15T17:00:00.000Z,22.28
2022-10-15T18:00:00.000Z,19.35
2022-10-15T19:00:00.000Z,18.73
2022-10-15T20:00:00.000Z,16.58
2022-10-15T21:00:00.000Z,14.49
2022-10-15T22:00:00.000Z,15.25
2022-10-15T23:00:00.000Z,15.12
2022-10-16T00:00:00.000Z,14.94
2022-10-16T01:00:00.000Z,14.92
2022-10-16T02:00:00.000Z,15.16
2022-10-16T03:00:00.000Z,15.58
2022-10-16T04:00:00.000Z,14.68
2022-10-16T05:00:00.000Z,15.41
2022-10-16T06:00:00.000Z,17.38
2022-10-16T07:00:00.000Z,20.84
2022-10-16T08:00:00.000Z,20.96
2022-10-16T09:00:00.000Z,19.94
2022-10-16T10:00:00.000Z,18.24
2022-10-16T11:00:00.000Z,13.38
2022-10-16T12:00:00.000Z,16.34
2022-10-16T13:00:00.000Z,17.19
2022-10-16T14:00:00.000Z,17.39
2022-10-16T15:00:00.000Z,18.94
2022-10-16T16:00:00.000Z,20.55
2022-10-16T17:00:00.000Z,19.54
2022-10-16T18:00:00.000Z,18.35
2022-10-16T19:00:00.000Z,18.81
2022-10-16T20:00:00.000Z,17.69
2022-10-16T21:00:00.000Z,16.77
2022-10-16T22:00:00.000Z,20.21
2022-10-16T23:00:00.000Z,19.96
2022-10-17T00:00:00.000Z,19.57
2022-10-17T01:00:00.000Z,19.19
2022-10-17T02:00:00.000Z,18.68
2022-10-17T03:00:00.000Z,18.25
2022-10-17T04:00:00.000Z,18.69
2022-10-17T05:00:00.000Z,21.30
2022-10-17T06:00:00.000Z,21.48
2022-10-17T07:00:00.000Z,21.45
2022-10-17T08:00:00.000Z,25.38
2022-10-17T09:00:00.000Z,28.08
2022-10-17T10:00:00.000Z,26.57
2022-10-17T11:00:00.000Z,26.76
2022-10-17T12:00:00.000Z,27.75
2022-10-17T13:00:00.000Z,27.37
2022-10-17T14:00:00.000Z,27.47
2022-10-17T15:00:00.000Z,27.05
2022-10-17T16:00:00.000Z,29.18
2022-10-17T17:00:00.000Z,29.51
2022-10-17T18:00:00.000Z,28.31
2022-10-17T19:00:00.000Z,26.27
2022-10-17T20:00:00.000Z,22.70
2022-10-17T21:00:00.000Z,20.36
2022-10-17T22:00:00.000Z,24.24
2022-10-17T23:00:00.000Z,23.89
2022-10-18T00:00:00.000Z,23.78
2022-10-18T01:00:00.000Z,23.93
2022-10-18T02:00:00.000Z,23.61
2022-10-18T03:00:00.000Z,24.55
2022-10-18T04:00:00.000Z,29.13
2022-10-18T05:00:00.000Z,31.94
2022-10-18T06:00:00.000Z,36.99
2022-10-18T07:00:00.000Z,36.05
2022-10-18T08:00:00.000Z,37.57
2022-10-18T09:00:00.000Z,39.15
2022-10-18T10:00:00.000Z,31.86
2022-10-18T11:00:00.000Z,27.68
2022-10-18T12:00:00.000Z,25.92
2022-10-18T13:00:00.000Z,24.76
2022-10-18T14:00:00.000Z,26.14
2022-10-18T15:00:00.000Z,24.16
2022-10-18T16:00:00.000Z,22.61
2022-10-18T17:00:00.000Z,22.23
2022-10-18T18:00:00.000Z,21.48
2022-10-18T19:00:00.000Z,20.59
2022-10-18T20:00:00.000Z,17.43
2022-10-18T21:00:00.000Z,15.99
2022-10-18T22:00:00.000Z,16.00
2022-10-18T23:00:00.000Z,15.71
2022-10-19T00:00:00.000Z,15.76
2022-10-19T01:00:00.000Z,16.04
2022-10-19T02:00:00.000Z,18.25
2022-10-19T03:00:00.000Z,19.30
2022-10-19T04:00:00.000Z,20.52
2022-10-19T05:00:00.000Z,21.48
2022-10-19T06:00:00.000Z,22.75
2022-10-19T07:00:00.000Z,22.66
2022-10-19T08:00:00.000Z,23.51
2022-10-19T09:00:00.000Z,22.78
2022-10-19T10:00:00.000Z,22.61
2022-10-19T11:00:00.000Z,20.90
2022-10-19T12:00:00.000Z,19.77
2022-10-19T13:00:00.000Z,19.86
2022-10-19T14:00:00.000Z,19.58
2022-10-19T15:00:00.000Z,19.52
2022-10-19T16:00:00.000Z,19.00
2022-10-19T17:00:00.000Z,18.99
2022-10-19T18:00:00.000Z,19.14
2022-10-19T19:00:00.000Z,19.39
2022-10-19T20:00:00.000Z,19.67
2022-10-19T21:00:00.000Z,19.72
2022-10-19T22:00:00.000Z,23.08
2022-10-19T23:00:00.000Z,22.94
2022-10-20T00:00:00.000Z,24.76
2022-10-20T01:00:00.000Z,26.27
2022-10-20T02:00:00.000Z,28.25
2022-10-20T03:00:00.000Z,32.75
2022-10-20T04:00:00.000Z,34.28
2022-10-20T05:00:00.000Z,36.46
2022-10-20T06:00:00.000Z,48.42
2022-10-20T07:00:00.000Z,51.66
2022-10-20T08:00:00.000Z,59.38
2022-10-20T09:00:00.000Z,63.94
2022-10-20T10:00:00.000Z,65.23
2022-10-20T11:00:00.000Z,68.96
2022-10-20T12:00:00.000Z,68.82
2022-10-20T13:00:00.000Z,63.92
2022-10-20T14:00:00.000Z,63.92
2022-10-20T15:00:00.000Z,63.92
2022-10-20T16:00:00.000Z,60.95
2022-10-20T17:00:00.000Z,65.44
2022-10-20T18:00:00.000Z,69.00
2022-10-20T19:00:00.000Z,77.16
2022-10-20T20:00:00.000Z,64.99
2022-10-20T21:00:00.000Z,49.91
2022-10-20T22:00:00.000Z,56.50
2022-10-20T23:00:00.000Z,53.33
2022-10-21T00:00:00.000Z,51.67
2022-10-21T01:00:00.000Z,51.72
2022-10-21T02:00:00.000Z,55.35
2022-10-21T03:00:00.000Z,56.71
2022-10-21T04:00:00.000Z,57.54
2022-10-21T05:00:00.000Z,52.96
2022-10-21T06:00:00.000Z,57.50
2022-10-21T07:00:00.000Z,48.83
2022-10-21T08:00:00.000Z,45.25
2022-10-21T09:00:00.000Z,46.42
2022-10-21T10:00:00.000Z,48.49
2022-10-21T11:00:00.000Z,51.88
2022-10-21T12:00:00.000Z,55.47
2022-10-21T13:00:00.000Z,57.55
2022-10-21T14:00:00.000Z,57.55
2022-10-21T15:00:00.000Z,57.55
2022-10-21T16:00:00.000Z,169.66
2022-10-21T17:00:00.000Z,150.31
2022-10-21T18:00:00.000Z,97.14
2022-10-21T19:00:00.000Z,68.16
2022-10-21T20:00:00.000Z,57.50
2022-10-21T21:00:00.000Z,51.31
2022-10-21T22:00:00.000Z,69.23
2022-10-21T23:00:00.000Z,64.00
2022-10-22T00:00:00.000Z,62.35
2022-10-22T01:00:00.000Z,63.04
2022-10-22T02:00:00.000Z,63.23
2022-10-22T03:00:00.000Z,62.91
2022-10-22T04:00:00.000Z,90.04
2022-10-22T05:00:00.000Z,99.21
2022-10-22T06:00:00.000Z,140.83
2022-10-22T07:00:00.000Z,142.11
2022-10-22T08:00:00.000Z,140.01
2022-10-22T09:00:00.000Z,132.35
2022-10-22T10:00:00.000Z,129.14
2022-10-22T11:00:00.000Z,121.17
2022-10-22T12:00:00.000Z,112.10
2022-10-22T13:00:00.000Z,114.00
2022-10-22T14:00:00.000Z,83.07
2022-10-22T15:00:00.000Z,79.90
2022-10-22T16:00:00.000Z,45.00
2022-10-22T17:00:00.000Z,43.86
2022-10-22T18:00:00.000Z,42.86
2022-10-22T19:00:00.000Z,42.76
2022-10-22T20:00:00.000Z,40.61
2022-10-22T21:00:00.000Z,29.00
2022-10-22T22:00:00.000Z,33.29
2022-10-22T23:00:00.000Z,30.93
2022-10-23T00:00:00.000Z,29.80
2022-10-23T01:00:00.000Z,28.67
2022-10-23T02:00:00.000Z,30.74
2022-10-23T03:00:00.000Z,37.73
2022-10-23T04:00:00.000Z,30.69
2022-10-23T05:00:00.000Z,34.46
2022-10-23T06:00:00.000Z,47.48
2022-10-23T07:00:00.000Z,59.60
2022-10-23T08:00:00.000Z,64.81
2022-10-23T09:00:00.000Z,68.46
2022-10-23T10:00:00.000Z,64.95
2022-10-23T11:00:00.000Z,64.49
2022-10-23T12:00:00.000Z,61.51
2022-10-23T13:00:00.000Z,61.63
2022-10-23T14:00:00.000Z,62.53
2022-10-23T15:00:00.000Z,60.95
2022-10-23T16:00:00.000Z,58.62
2022-10-23T17:00:00.000Z,57.93
2022-10-23T18:00:00.000Z,58.43
2022-10-23T19:00:00.000Z,51.60
2022-10-23T20:00:00.000Z,44.96
2022-10-23T21:00:00.000Z,38.32
2022-10-23T22:00:00.000Z,38.94
2022-10-23T23:00:00.000Z,38.45
2022-10-24T00:00:00.000Z,37.17
2022-10-24T01:00:00.000Z,25.08
2022-10-24T02:00:00.000Z,38.07
2022-10-24T03:00:00.000Z,51.97
2022-10-24T04:00:00.000Z,68.29
2022-10-24T05:00:00.000Z,59.32
2022-10-24T06:00:00.000Z,122.10
2022-10-24T07:00:00.000Z,93.82
2022-10-24T08:00:00.000Z,104.75
2022-10-24T09:00:00.000Z,81.49
2022-10-24T10:00:00.000Z,59.41
2022-10-24T11:00:00.000Z,54.26
2022-10-24T12:00:00.000Z,45.53
2022-10-24T13:00:00.000Z,39.60
2022-10-24T14:00:00.000Z,37.17
2022-10-24T15:00:00.000Z,30.30
2022-10-24T16:00:00.000Z,30.08
2022-10-24T17:00:00.000Z,30.21
2022-10-24T18:00:00.000Z,30.08
2022-10-24T19:00:00.000Z,29.62
2022-10-24T20:00:00.000Z,28.36
2022-10-24T21:00:00.000Z,23.74
2022-10-24T22:00:00.000Z,25.48
2022-10-24T23:00:00.000Z,25.05
2022-10-25T00:00:00.000Z,24.38
2022-10-25T01:00:00.000Z,23.91
2022-10-25T02:00:00.000Z,24.06
2022-10-25T03:00:00.000Z,27.76
2022-10-25T04:00:00.000Z,33.58
2022-10-25T05:00:00.000Z,51.13
2022-10-25T06:00:00.000Z,50.57
2022-10-25T07:00:00.000Z,55.90
2022-10-25T08:00:00.000Z,58.69
2022-10-25T09:00:00.000Z,59.01
2022-10-25T10:00:00.000Z,61.52
2022-10-25T11:00:00.000Z,64.02
2022-10-25T12:00:00.000Z,67.96
2022-10-25T13:00:00.000Z,80.16
2022-10-25T14:00:00.000Z,73.83
2022-10-25T15:00:00.000Z,89.38
2022-10-25T16:00:00.000Z,89.72
2022-10-25T17:00:00.000Z,89.59
2022-10-25T18:00:00.000Z,77.18
2022-10-25T19:00:00.000Z,64.49
2022-10-25T20:00:00.000Z,59.57
2022-10-25T21:00:00.000Z,54.27
2022-10-25T22:00:00.000Z,58.30
2022-10-25T23:00:00.000Z,55.19
2022-10-26T00:00:00.000Z,55.69
2022-10-26T01:00:00.000Z,58.08
2022-10-26T02:00:00.000Z,59.95
2022-10-26T03:00:00.000Z,69.88
2022-10-26T04:00:00.000Z,58.45
2022-10-26T05:00:00.000Z,88.63
2022-10-26T06:00:00.000Z,119.96
2022-10-26T07:00:00.000Z,80.49
2022-10-26T08:00:00.000Z,60.12
2022-10-26T09:00:00.000Z,58.97
2022-10-26T10:00:00.000Z,59.85
2022-10-26T11:00:00.000Z,59.95
2022-10-26T12:00:00.000Z,90.00
2022-10-26T13:00:00.000Z,89.36
2022-10-26T14:00:00.000Z,79.38
2022-10-26T15:00:00.000Z,70.46
2022-10-26T16:00:00.000Z,76.76
2022-10-26T17:00:00.000Z,75.26
2022-10-26T18:00:00.000Z,80.92
2022-10-26T19:00:00.000Z,55.24
2022-10-26T20:00:00.000Z,44.68
2022-10-26T21:00:00.000Z,35.07
2022-10-26T22:00:00.000Z,31.79
2022-10-26T23:00:00.000Z,28.90
2022-10-27T00:00:00.000Z,29.90
2022-10-27T01:00:00.000Z,32.50
2022-10-27T02:00:00.000Z,33.95
2022-10-27T03:00:00.000Z,39.40
2022-10-27T04:00:00.000Z,42.75
2022-10-27T05:00:00.000Z,39.85
2022-10-27T06:00:00.000Z,34.12
2022-10-27T07:00:00.000Z,31.21
2022-10-27T08:00:00.000Z,30.05
2022-10-27T09:00:00.000Z,30.75
2022-10-27T10:00:00.000Z,31.85
2022-10-27T11:00:00.000Z,33.72
2022-10-27T12:00:00.000Z,33.81
2022-10-27T13:00:00.000Z,35.32
2022-10-27T14:00:00.000Z,37.60
2022-10-27T15:00:00.000Z,38.79
2022-10-27T16:00:00.000Z,40.84
2022-10-27T17:00:00.000Z,39.52
2022-10-27T18:00:00.000Z,35.05
2022-10-27T19:00:00.000Z,33.12
2022-10-27T20:00:00.000Z,32.40
2022-10-27T21:00:00.000Z,27.18
2022-10-27T22:00:00.000Z,25.41
2022-10-27T23:00:00.000Z,19.56
2022-10-28T00:00:00.000Z,19.34
2022-10-28T01:00:00.000Z,19.84
2022-10-28T02:00:00.000Z,19.06
2022-10-28T03:00:00.000Z,22.88
2022-10-28T04:00:00.000Z,27.35
2022-10-28T05:00:00.000Z,33.62
2022-10-28T06:00:00.000Z,34.20
2022-10-28T07:00:00.000Z,33.87
2022-10-28T08:00:00.000Z,33.96
2022-10-28T09:00:00.000Z,34.02
2022-10-28T10:00:00.000Z,34.76
2022-10-28T11:00:00.000Z,34.61
2022-10-28T12:00:00.000Z,34.86
2022-10-28T13:00:00.000Z,35.81
2022-10-28T14:00:00.000Z,36.03
2022-10-28T15:00:00.000Z,34.61
2022-10-28T16:00:00.000Z,35.51
2022-10-28T17:00:00.000Z,34.94
2022-10-28T18:00:00.000Z,34.42
2022-10-28T19:00:00.000Z,34.03
2022-10-28T20:00:00.000Z,32.74
2022-10-28T21:00:00.000Z,27.77
2022-10-28T22:00:00.000Z,30.55
2022-10-28T23:00:00.000Z,22.98
2022-10-29T00:00:00.000Z,19.17
2022-10-29T01:00:00.000Z,16.47
2022-10-29T02:00:00.000Z,14.63
2022-10-29T03:00:00.000Z,13.90
2022-10-29T04:00:00.000Z,12.70
2022-10-29T05:00:00.000Z,12.72
2022-10-29T06:00:00.000Z,13.15
2022-10-29T07:00:00.000Z,15.23
2022-10-29T08:00:00.000Z,12.97
2022-10-29T09:00:00.000Z,12.23
2022-10-29T10:00:00.000Z,8.20
2022-10-29T11:00:00.000Z,4.92
2022-10-29T12:00:00.000Z,4.31
2022-10-29T13:00:00.000Z,4.91
2022-10-29T14:00:00.000Z,11.61
2022-10-29T15:00:00.000Z,16.20
2022-10-29T16:00:00.000Z,16.81
2022-10-29T17:00:00.000Z,16.65
2022-10-29T18:00:00.000Z,15.59
2022-10-29T19:00:00.000Z,16.43
2022-10-29T20:00:00.000Z,16.53
2022-10-29T21:00:00.000Z,15.56
2022-10-29T22:00:00.000Z,11.84
2022-10-29T23:00:00.000Z,12.32
2022-10-30T00:00:00.000Z,15.47
2022-10-30T01:00:00.000Z,16.28
2022-10-30T02:00:00.000Z,16.44
2022-10-30T03:00:00.000Z,18.76
2022-10-30T04:00:00.000Z,21.46
2022-10-30T05:00:00.000Z,22.83
2022-10-30T06:00:00.000Z,27.60
2022-10-30T07:00:00.000Z,34.75
2022-10-30T08:00:00.000Z,37.32
2022-10-30T09:00:00.000Z,38.86
2022-10-30T10:00:00.000Z,39.50
2022-10-30T11:00:00.000Z,40.44
2022-10-30T12:00:00.000Z,40.17
2022-10-30T13:00:00.000Z,40.57
2022-10-30T14:00:00.000Z,41.59
2022-10-30T15:00:00.000Z,46.26
2022-10-30T16:00:00.000Z,50.20
2022-10-30T17:00:00.000Z,41.81
2022-10-30T18:00:00.000Z,39.95
2022-10-30T19:00:00.000Z,38.85
2022-10-30T20:00:00.000Z,38.88
2022-10-30T21:00:00.000Z,38.91
2022-10-30T22:00:00.000Z,105.87
2022-10-30T23:00:00.000Z,39.55
2022-10-31T00:00:00.000Z,38.93
2022-10-31T01:00:00.000Z,38.84
2022-10-31T02:00:00.000Z,38.84
2022-10-31T03:00:00.000Z,38.84
2022-10-31T04:00:00.000Z,39.59
2022-10-31T05:00:00.000Z,36.55
2022-10-31T06:00:00.000Z,39.03
2022-10-31T07:00:00.000Z,39.87
2022-10-31T08:00:00.000Z,40.18
2022-10-31T09:00:00.000Z,39.83
2022-10-31T10:00:00.000Z,38.81
2022-10-31T11:00:00.000Z,38.04
2022-10-31T12:00:00.000Z,37.82
2022-10-31T13:00:00.000Z,38.11
2022-10-31T14:00:00.000Z,38.88
2022-10-31T15:00:00.000Z,39.94
2022-10-31T16:00:00.000Z,39.81
2022-10-31T17:00:00.000Z,39.81
2022-10-31T18:00:00.000Z,39.81
2022-10-31T19:00:00.000Z,39.17
2022-10-31T20:00:00.000Z,38.85
2022-10-31T21:00:00.000Z,37.33
2022-10-31T22:00:00.000Z,35.36
2022-10-31T23:00:00.000Z,33.47
2022-11-01T00:00:00.000Z,32.39
2022-11-01T01:00:00.000Z,30.60
2022-11-01T02:00:00.000Z,29.99
2022-11-01T03:00:00.000Z,31.37
2022-11-01T04:00:00.000Z,33.02
2022-11-01T05:00:00.000Z,35.13
2022-11-01T06:00:00.000Z,43.81
2022-11-01T07:00:00.000Z,44.76
2022-11-01T08:00:00.000Z,44.26
2022-11-01T09:00:00.000Z,40.09
2022-11-01T10:00:00.000Z,34.34
2022-11-01T11:00:00.000Z,33.40
2022-11-01T12:00:00.000Z,30.77
2022-11-01T13:00:00.000Z,27.34
2022-11-01T14:00:00.000Z,25.10
2022-11-01T15:00:00.000Z,25.77
2022-11-01T16:00:00.000Z,21.07
2022-11-01T17:00:00.000Z,22.04
2022-11-01T18:00:00.000Z,19.03
2022-11-01T19:00:00.000Z,16.85
2022-11-01T20:00:00.000Z,16.76
2022-11-01T21:00:00.000Z,16.65
2022-11-01T22:00:00.000Z,16.55
2022-11-01T23:00:00.000Z,15.98
2022-11-02T00:00:00.000Z,16.12
2022-11-02T01:00:00.000Z,16.80
2022-11-02T02:00:00.000Z,15.66
2022-11-02T03:00:00.000Z,20.20
2022-11-02T04:00:00.000Z,27.98
2022-11-02T05:00:00.000Z,33.84
2022-11-02T06:00:00.000Z,38.30
2022-11-02T07:00:00.000Z,41.97
2022-11-02T08:00:00.000Z,45.71
2022-11-02T09:00:00.000Z,45.95
2022-11-02T10:00:00.000Z,42.58
2022-11-02T11:00:00.000Z,39.94
2022-11-02T12:00:00.000Z,51.40
2022-11-02T13:00:00.000Z,54.38
2022-11-02T14:00:00.000Z,50.02
2022-11-02T15:00:00.000Z,52.53
2022-11-02T16:00:00.000Z,49.07
2022-11-02T17:00:00.000Z,48.92
2022-11-02T18:00:00.000Z,49.61
2022-11-02T19:00:00.000Z,48.69
2022-11-02T20:00:00.000Z,45.21
2022-11-02T21:00:00.000Z,39.71
2022-11-02T22:00:00.000Z,38.12
2022-11-02T23:00:00.000Z,32.80
2022-11-03T00:00:00.000Z,30.42
2022-11-03T01:00:00.000Z,29.24
2022-11-03T02:00:00.000Z,30.06
2022-11-03T03:00:00.000Z,22.42
2022-11-03T04:00:00.000Z,17.97
2022-11-03T05:00:00.000Z,18.10
2022-11-03T06:00:00.000Z,21.52
2022-11-03T07:00:00.000Z,28.38
2022-11-03T08:00:00.000Z,28.52
2022-11-03T09:00:00.000Z,26.14
2022-11-03T10:00:00.000Z,28.78
2022-11-03T11:00:00.000Z,23.47
2022-11-03T12:00:00.000Z,26.29
2022-11-03T13:00:00.000Z,30.33
2022-11-03T14:00:00.000Z,32.06
2022-11-03T15:00:00.000Z,34.24
2022-11-03T16:00:00.000Z,34.93
2022-11-03T17:00:00.000Z,35.39
2022-11-03T18:00:00.000Z,35.01
2022-11-03T19:00:00.000Z,33.67
2022-11-03T20:00:00.000Z,33.02
2022-11-03T21:00:00.000Z,31.30
2022-11-03T22:00:00.000Z,25.41
2022-11-03T23:00:00.000Z,17.81
2022-11-04T00:00:00.000Z,17.55
2022-11-04T01:00:00.000Z,17.37
2022-11-04T02:00:00.000Z,17.50
2022-11-04T03:00:00.000Z,17.89
2022-11-04T04:00:00.000Z,21.39
2022-11-04T05:00:00.000Z,28.32
2022-11-04T06:00:00.000Z,31.33
2022-11-04T07:00:00.000Z,32.91
2022-11-04T08:00:00.000Z,34.42
2022-11-04T09:00:00.000Z,34.30
2022-11-04T10:00:00.000Z,33.83
2022-11-04T11:00:00.000Z,31.36
2022-11-04T12:00:00.000Z,30.03
2022-11-04T13:00:00.000Z,29.25
2022-11-04T14:00:00.000Z,26.54
2022-11-04T15:00:00.000Z,28.42
2022-11-04T16:00:00.000Z,27.64
2022-11-04T17:00:00.000Z,25.40
2022-11-04T18:00:00.000Z,25.84
2022-11-04T19:00:00.000Z,26.48
2022-11-04T20:00:00.000Z,26.13
2022-11-04T21:00:00.000Z,24.94
2022-11-04T22:00:00.000Z,22.00
2022-11-04T23:00:00.000Z,23.52
2022-11-05T00:00:00.000Z,22.22
2022-11-05T01:00:00.000Z,22.07
2022-11-05T02:00:00.000Z,22.34
2022-11-05T03:00:00.000Z,23.43
2022-11-05T04:00:00.000Z,22.69
2022-11-05T05:00:00.000Z,24.48
2022-11-05T06:00:00.000Z,24.89
2022-11-05T07:00:00.000Z,26.56
2022-11-05T08:00:00.000Z,26.76
2022-11-05T09:00:00.000Z,26.42
2022-11-05T10:00:00.000Z,25.88
2022-11-05T11:00:00.000Z,26.90
2022-11-05T12:00:00.000Z,27.39
2022-11-05T13:00:00.000Z,27.71
2022-11-05T14:00:00.000Z,27.86
2022-11-05T15:00:00.000Z,29.09
2022-11-05T16:00:00.000Z,29.97
2022-11-05T17:00:00.000Z,30.91
2022-11-05T18:00:00.000Z,30.97
2022-11-05T19:00:00.000Z,30.97
2022-11-05T20:00:00.000Z,30.97
2022-11-05T21:00:00.000Z,29.92
2022-11-05T22:00:00.000Z,26.57
2022-11-05T23:00:00.000Z,26.06
2022-11-06T00:00:00.000Z,22.97
2022-11-06T01:00:00.000Z,23.40
2022-11-06T02:00:00.000Z,20.99
2022-11-06T03:00:00.000Z,24.02
2022-11-06T04:00:00.000Z,26.30
2022-11-06T05:00:00.000Z,29.93
2022-11-06T06:00:00.000Z,28.53
2022-11-06T07:00:00.000Z,30.61
2022-11-06T08:00:00.000Z,33.65
2022-11-06T09:00:00.000Z,35.20
2022-11-06T10:00:00.000Z,35.96
2022-11-06T11:00:00.000Z,37.72
2022-11-06T12:00:00.000Z,36.70
2022-11-06T13:00:00.000Z,36.44
2022-11-06T14:00:00.000Z,36.91
2022-11-06T15:00:00.000Z,39.17
2022-11-06T16:00:00.000Z,50.07
2022-11-06T17:00:00.000Z,49.86
2022-11-06T18:00:00.000Z,41.67
2022-11-06T19:00:00.000Z,35.82
2022-11-06T20:00:00.000Z,27.15
2022-11-06T21:00:00.000Z,27.59
2022-11-06T22:00:00.000Z,19.85
2022-11-06T23:00:00.000Z,15.28
2022-11-07T00:00:00.000Z,12.78
2022-11-07T01:00:00.000Z,12.55
2022-11-07T02:00:00.000Z,12.08
2022-11-07T03:00:00.000Z,12.84
2022-11-07T04:00:00.000Z,20.47
2022-11-07T05:00:00.000Z,36.40
2022-11-07T06:00:00.000Z,45.91
2022-11-07T07:00:00.000Z,49.98
2022-11-07T08:00:00.000Z,54.07
2022-11-07T09:00:00.000Z,51.37
2022-11-07T10:00:00.000Z,50.02
2022-11-07T11:00:00.000Z,49.91
2022-11-07T12:00:00.000Z,48.37
2022-11-07T13:00:00.000Z,51.95
2022-11-07T14:00:00.000Z,56.15
2022-11-07T15:00:00.000Z,60.03
2022-11-07T16:00:00.000Z,61.62
2022-11-07T17:00:00.000Z,49.98
2022-11-07T18:00:00.000Z,43.56
2022-11-07T19:00:00.000Z,38.40
2022-11-07T20:00:00.000Z,36.23
2022-11-07T21:00:00.000Z,31.99
2022-11-07T22:00:00.000Z,29.64
2022-11-07T23:00:00.000Z,30.94
2022-11-08T00:00:00.000Z,29.09
2022-11-08T01:00:00.000Z,27.70
2022-11-08T02:00:00.000Z,26.21
2022-11-08T03:00:00.000Z,30.07
2022-11-08T04:00:00.000Z,34.25
2022-11-08T05:00:00.000Z,46.56
2022-11-08T06:00:00.000Z,67.00
2022-11-08T07:00:00.000Z,76.98
2022-11-08T08:00:00.000Z,67.04
2022-11-08T09:00:00.000Z,63.93
2022-11-08T10:00:00.000Z,45.98
2022-11-08T11:00:00.000Z,39.02
2022-11-08T12:00:00.000Z,37.05
2022-11-08T13:00:00.000Z,34.25
2022-11-08T14:00:00.000Z,31.32
2022-11-08T15:00:00.000Z,30.96
2022-11-08T16:00:00.000Z,30.68
2022-11-08T17:00:00.000Z,30.40
2022-11-08T18:00:00.000Z,30.23
2022-11-08T19:00:00.000Z,30.32
2022-11-08T20:00:00.000Z,30.08
2022-11-08T21:00:00.000Z,30.02
2022-11-08T22:00:00.000Z,27.01
2022-11-08T23:00:00.000Z,19.56
2022-11-09T00:00:00.000Z,18.77
2022-11-09T01:00:00.000Z,18.22
2022-11-09T02:00:00.000Z,17.48
2022-11-09T03:00:00.000Z,18.44
2022-11-09T04:00:00.000Z,19.84
2022-11-09T05:00:00.000Z,22.89
2022-11-09T06:00:00.000Z,29.45
2022-11-09T07:00:00.000Z,33.07
2022-11-09T08:00:00.000Z,34.43
2022-11-09T09:00:00.000Z,34.28
2022-11-09T10:00:00.000Z,34.09
2022-11-09T11:00:00.000Z,33.06
2022-11-09T12:00:00.000Z,33.09
2022-11-09T13:00:00.000Z,33.04
2022-11-09T14:00:00.000Z,34.08
2022-11-09T15:00:00.000Z,35.25
2022-11-09T16:00:00.000Z,35.53
2022-11-09T17:00:00.000Z,35.92
2022-11-09T18:00:00.000Z,35.07
2022-11-09T19:00:00.000Z,33.07
2022-11-09T20:00:00.000Z,30.95
2022-11-09T21:00:00.000Z,29.55
2022-11-09T22:00:00.000Z,26.83
2022-11-09T23:00:00.000Z,27.59
2022-11-10T00:00:00.000Z,26.00
2022-11-10T01:00:00.000Z,25.76
2022-11-10T02:00:00.000Z,23.68
2022-11-10T03:00:00.000Z,22.18
2022-11-10T04:00:00.000Z,23.89
2022-11-10T05:00:00.000Z,27.61
2022-11-10T06:00:00.000Z,33.91
2022-11-10T07:00:00.000Z,44.02
2022-11-10T08:00:00.000Z,37.12
2022-11-10T09:00:00.000Z,35.32
2022-11-10T10:00:00.000Z,33.29
2022-11-10T11:00:00.000Z,30.18
2022-11-10T12:00:00.000Z,29.01
2022-11-10T13:00:00.000Z,22.22
2022-11-10T14:00:00.000Z,18.92
2022-11-10T15:00:00.000Z,18.98
2022-11-10T16:00:00.000Z,18.48
2022-11-10T17:00:00.000Z,17.95
2022-11-10T18:00:00.000Z,17.41
2022-11-10T19:00:00.000Z,16.40
2022-11-10T20:00:00.000Z,14.13
2022-11-10T21:00:00.000Z,11.68
2022-11-10T22:00:00.000Z,7.52
2022-11-10T23:00:00.000Z,0.95
2022-11-11T00:00:00.000Z,0.29
2022-11-11T01:00:00.000Z,0.00
2022-11-11T02:00:00.000Z,-0.06
2022-11-11T03:00:00.000Z,-0.07
2022-11-11T04:00:00.000Z,0.01
2022-11-11T05:00:00.000Z,0.83
2022-11-11T06:00:00.000Z,2.01
2022-11-11T07:00:00.000Z,3.05
2022-11-11T08:00:00.000Z,3.01
2022-11-11T09:00:00.000Z,3.03
2022-11-11T10:00:00.000Z,3.02
2022-11-11T11:00:00.000Z,2.50
2022-11-11T12:00:00.000Z,2.13
2022-11-11T13:00:00.000Z,2.51
2022-11-11T14:00:00.000Z,2.84
2022-11-11T15:00:00.000Z,5.04
2022-11-11T16:00:00.000Z,6.35
2022-11-11T17:00:00.000Z,4.71
2022-11-11T18:00:00.000Z,2.36
2022-11-11T19:00:00.000Z,1.02
2022-11-11T20:00:00.000Z,0.91
2022-11-11T21:00:00.000Z,0.38
2022-11-11T22:00:00.000Z,-0.01
2022-11-11T23:00:00.000Z,-1.04
2022-11-12T00:00:00.000Z,-1.98
2022-11-12T01:00:00.000Z,-2.05
2022-11-12T02:00:00.000Z,-2.08
2022-11-12T03:00:00.000Z,-2.08
2022-11-12T04:00:00.000Z,-2.08
2022-11-12T05:00:00.000Z,-1.11
2022-11-12T06:00:00.000Z,-0.38
2022-11-12T07:00:00.000Z,0.00
2022-11-12T08:00:00.000Z,0.57
2022-11-12T09:00:00.000Z,0.99
2022-11-12T10:00:00.000Z,1.65
2022-11-12T11:00:00.000Z,1.48
2022-11-12T12:00:00.000Z,1.71
2022-11-12T13:00:00.000Z,1.93
2022-11-12T14:00:00.000Z,2.05
2022-11-12T15:00:00.000Z,4.48
2022-11-12T16:00:00.000Z,7.49
2022-11-12T17:00:00.000Z,6.07
2022-11-12T18:00:00.000Z,9.50
2022-11-12T19:00:00.000Z,5.92
2022-11-12T20:00:00.000Z,5.07
2022-11-12T21:00:00.000Z,5.44
2022-11-12T22:00:00.000Z,5.08
2022-11-12T23:00:00.000Z,10.37
2022-11-13T00:00:00.000Z,11.67
2022-11-13T01:00:00.000Z,13.08
2022-11-13T02:00:00.000Z,14.62
2022-11-13T03:00:00.000Z,16.33
2022-11-13T04:00:00.000Z,17.29
2022-11-13T05:00:00.000Z,19.60
2022-11-13T06:00:00.000Z,22.35
2022-11-13T07:00:00.000Z,25.68
2022-11-13T08:00:00.000Z,30.18
2022-11-13T09:00:00.000Z,30.58
2022-11-13T10:00:00.000Z,30.58
2022-11-13T11:00:00.000Z,30.58
2022-11-13T12:00:00.000Z,31.22
2022-11-13T13:00:00.000Z,32.20
2022-11-13T14:00:00.000Z,33.03
2022-11-13T15:00:00.000Z,34.85
2022-11-13T16:00:00.000Z,35.47
2022-11-13T17:00:00.000Z,31.22
2022-11-13T18:00:00.000Z,30.19
2022-11-13T19:00:00.000Z,25.50
2022-11-13T20:00:00.000Z,29.97
2022-11-13T21:00:00.000Z,28.13
2022-11-13T22:00:00.000Z,19.95
2022-11-13T23:00:00.000Z,26.52
2022-11-14T00:00:00.000Z,25.60
2022-11-14T01:00:00.000Z,25.08
2022-11-14T02:00:00.000Z,25.06
2022-11-14T03:00:00.000Z,25.19
2022-11-14T04:00:00.000Z,25.06
2022-11-14T05:00:00.000Z,32.44
2022-11-14T06:00:00.000Z,35.96
2022-11-14T07:00:00.000Z,37.92
2022-11-14T08:00:00.000Z,37.30
2022-11-14T09:00:00.000Z,38.76
2022-11-14T10:00:00.000Z,49.09
2022-11-14T11:00:00.000Z,49.08
2022-11-14T12:00:00.000Z,76.84
2022-11-14T13:00:00.000Z,77.15
2022-11-14T14:00:00.000Z,75.23
2022-11-14T15:00:00.000Z,76.84
2022-11-14T16:00:00.000Z,59.83
2022-11-14T17:00:00.000Z,40.62
2022-11-14T18:00:00.000Z,33.05
2022-11-14T19:00:00.000Z,28.34
2022-11-14T20:00:00.000Z,25.22
2022-11-14T21:00:00.000Z,21.38
2022-11-14T22:00:00.000Z,17.30
2022-11-14T23:00:00.000Z,18.19
2022-11-15T00:00:00.000Z,17.60
2022-11-15T01:00:00.000Z,17.38
2022-11-15T02:00:00.000Z,17.27
2022-11-15T03:00:00.000Z,17.23
2022-11-15T04:00:00.000Z,17.31
2022-11-15T05:00:00.000Z,17.44
2022-11-15T06:00:00.000Z,17.98
2022-11-15T07:00:00.000Z,19.30
2022-11-15T08:00:00.000Z,18.44
2022-11-15T09:00:00.000Z,18.35
2022-11-15T10:00:00.000Z,18.29
2022-11-15T11:00:00.000Z,18.31
2022-11-15T12:00:00.000Z,18.37
2022-11-15T13:00:00.000Z,18.33
2022-11-15T14:00:00.000Z,18.41
2022-11-15T15:00:00.000Z,18.73
2022-11-15T16:00:00.000Z,18.65
2022-11-15T17:00:00.000Z,18.52
2022-11-15T18:00:00.000Z,18.46
2022-11-15T19:00:00.000Z,18.50
2022-11-15T20:00:00.000Z,18.29
2022-11-15T21:00:00.000Z,17.84
2022-11-15T22:00:00.000Z,15.61
2022-11-15T23:00:00.000Z,17.78
2022-11-16T00:00:00.000Z,17.65
2022-11-16T01:00:00.000Z,17.21
2022-11-16T02:00:00.000Z,17.10
2022-11-16T03:00:00.000Z,17.29
2022-11-16T04:00:00.000Z,17.88
2022-11-16T05:00:00.000Z,19.27
2022-11-16T06:00:00.000Z,24.15
2022-11-16T07:00:00.000Z,28.60
2022-11-16T08:00:00.000Z,28.91
2022-11-16T09:00:00.000Z,29.26
2022-11-16T10:00:00.000Z,28.49
2022-11-16T11:00:00.000Z,28.28
2022-11-16T12:00:00.000Z,28.14
2022-11-16T13:00:00.000Z,28.30
2022-11-16T14:00:00.000Z,27.96
2022-11-16T15:00:00.000Z,27.86
2022-11-16T16:00:00.000Z,28.46
2022-11-16T17:00:00.000Z,27.67
2022-11-16T18:00:00.000Z,24.96
2022-11-16T19:00:00.000Z,24.14
2022-11-16T20:00:00.000Z,19.63
2022-11-16T21:00:00.000Z,19.38
2022-11-16T22:00:00.000Z,18.84
2022-11-16T23:00:00.000Z,28.87
2022-11-17T00:00:00.000Z,23.92
2022-11-17T01:00:00.000Z,16.97
2022-11-17T02:00:00.000Z,14.66
2022-11-17T03:00:00.000Z,14.72
2022-11-17T04:00:00.000Z,17.64
2022-11-17T05:00:00.000Z,33.92
2022-11-17T06:00:00.000Z,37.75
2022-11-17T07:00:00.000Z,39.38
2022-11-17T08:00:00.000Z,38.71
2022-11-17T09:00:00.000Z,38.51
2022-11-17T10:00:00.000Z,38.45
2022-11-17T11:00:00.000Z,38.17
2022-11-17T12:00:00.000Z,38.03
2022-11-17T13:00:00.000Z,36.39
2022-11-17T14:00:00.000Z,38.16
2022-11-17T15:00:00.000Z,38.39
2022-11-17T16:00:00.000Z,38.17
2022-11-17T17:00:00.000Z,36.35
2022-11-17T18:00:00.000Z,36.00
2022-11-17T19:00:00.000Z,35.96
2022-11-17T20:00:00.000Z,35.94
2022-11-17T21:00:00.000Z,35.05
2022-11-17T22:00:00.000Z,32.04
2022-11-17T23:00:00.000Z,37.69
2022-11-18T00:00:00.000Z,36.19
2022-11-18T01:00:00.000Z,36.36
2022-11-18T02:00:00.000Z,35.11
2022-11-18T03:00:00.000Z,34.73
2022-11-18T04:00:00.000Z,35.28
2022-11-18T05:00:00.000Z,38.01
2022-11-18T06:00:00.000Z,38.01
2022-11-18T07:00:00.000Z,38.01
2022-11-18T08:00:00.000Z,40.71
2022-11-18T09:00:00.000Z,45.09
2022-11-18T10:00:00.000Z,45.47
2022-11-18T11:00:00.000Z,42.73
2022-11-18T12:00:00.000Z,42.84
2022-11-18T13:00:00.000Z,43.98
2022-11-18T14:00:00.000Z,46.67
2022-11-18T15:00:00.000Z,48.96
2022-11-18T16:00:00.000Z,49.50
2022-11-18T17:00:00.000Z,49.59
2022-11-18T18:00:00.000Z,49.56
2022-11-18T19:00:00.000Z,49.31
2022-11-18T20:00:00.000Z,48.53
2022-11-18T21:00:00.000Z,45.18
2022-11-18T22:00:00.000Z,43.98
2022-11-18T23:00:00.000Z,43.40
2022-11-19T00:00:00.000Z,45.29
2022-11-19T01:00:00.000Z,49.95
2022-11-19T02:00:00.000Z,50.07
2022-11-19T03:00:00.000Z,51.85
2022-11-19T04:00:00.000Z,53.86
2022-11-19T05:00:00.000Z,55.25
2022-11-19T06:00:00.000Z,52.96
2022-11-19T07:00:00.000Z,63.07
2022-11-19T08:00:00.000Z,99.30
2022-11-19T09:00:00.000Z,171.32
2022-11-19T10:00:00.000Z,179.89
2022-11-19T11:00:00.000Z,179.76
2022-11-19T12:00:00.000Z,88.01
2022-11-19T13:00:00.000Z,75.76
2022-11-19T14:00:00.000Z,69.91
2022-11-19T15:00:00.000Z,67.69
2022-11-19T16:00:00.000Z,62.03
2022-11-19T17:00:00.000Z,50.49
2022-11-19T18:00:00.000Z,46.85
2022-11-19T19:00:00.000Z,45.62
2022-11-19T20:00:00.000Z,39.96
2022-11-19T21:00:00.000Z,39.03
2022-11-19T22:00:00.000Z,38.36
2022-11-19T23:00:00.000Z,39.92
2022-11-20T00:00:00.000Z,38.66
2022-11-20T01:00:00.000Z,37.70
2022-11-20T02:00:00.000Z,37.54
2022-11-20T03:00:00.000Z,37.58
2022-11-20T04:00:00.000Z,37.71
2022-11-20T05:00:00.000Z,37.44
2022-11-20T06:00:00.000Z,37.82
2022-11-20T07:00:00.000Z,39.69
2022-11-20T08:00:00.000Z,42.38
2022-11-20T09:00:00.000Z,44.74
2022-11-20T10:00:00.000Z,48.69
2022-11-20T11:00:00.000Z,47.20
2022-11-20T12:00:00.000Z,48.59
2022-11-20T13:00:00.000Z,49.28
2022-11-20T14:00:00.000Z,52.21
2022-11-20T15:00:00.000Z,56.89
2022-11-20T16:00:00.000Z,54.96
2022-11-20T17:00:00.000Z,56.47
2022-11-20T18:00:00.000Z,50.77
2022-11-20T19:00:00.000Z,50.07
2022-11-20T20:00:00.000Z,49.06
2022-11-20T21:00:00.000Z,48.26
2022-11-20T22:00:00.000Z,47.32
2022-11-20T23:00:00.000Z,136.01
2022-11-21T00:00:00.000Z,58.70
2022-11-21T01:00:00.000Z,61.30
2022-11-21T02:00:00.000Z,52.96
2022-11-21T03:00:00.000Z,50.47
2022-11-21T04:00:00.000Z,52.06
2022-11-21T05:00:00.000Z,93.05
2022-11-21T06:00:00.000Z,208.97
2022-11-21T07:00:00.000Z,291.60
2022-11-21T08:00:00.000Z,298.60
2022-11-21T09:00:00.000Z,268.60
2022-11-21T10:00:00.000Z,240.45
2022-11-21T11:00:00.000Z,210.99
2022-11-21T12:00:00.000Z,210.66
2022-11-21T13:00:00.000Z,209.32
2022-11-21T14:00:00.000Z,207.33
2022-11-21T15:00:00.000Z,219.35
2022-11-21T16:00:00.000Z,249.47
2022-11-21T17:00:00.000Z,258.28
2022-11-21T18:00:00.000Z,199.48
2022-11-21T19:00:00.000Z,199.03
2022-11-21T20:00:00.000Z,175.10
2022-11-21T21:00:00.000Z,70.36
2022-11-21T22:00:00.000Z,49.88
2022-11-21T23:00:00.000Z,93.06
2022-11-22T00:00:00.000Z,70.40
2022-11-22T01:00:00.000Z,58.98
2022-11-22T02:00:00.000Z,51.57
2022-11-22T03:00:00.000Z,48.96
2022-11-22T04:00:00.000Z,50.25
2022-11-22T05:00:00.000Z,52.96
2022-11-22T06:00:00.000Z,53.98
2022-11-22T07:00:00.000Z,71.31
2022-11-22T08:00:00.000Z,65.18
2022-11-22T09:00:00.000Z,59.96
2022-11-22T10:00:00.000Z,58.84
2022-11-22T11:00:00.000Z,56.92
2022-11-22T12:00:00.000Z,53.79
2022-11-22T13:00:00.000Z,53.52
2022-11-22T14:00:00.000Z,56.68
2022-11-22T15:00:00.000Z,57.76
2022-11-22T16:00:00.000Z,52.70
2022-11-22T17:00:00.000Z,54.54
2022-11-22T18:00:00.000Z,53.59
2022-11-22T19:00:00.000Z,58.50
2022-11-22T20:00:00.000Z,54.17
2022-11-22T21:00:00.000Z,51.34
2022-11-22T22:00:00.000Z,47.68
2022-11-22T23:00:00.000Z,44.34
2022-11-23T00:00:00.000Z,42.98
2022-11-23T01:00:00.000Z,42.67
2022-11-23T02:00:00.000Z,41.45
2022-11-23T03:00:00.000Z,41.32
2022-11-23T04:00:00.000Z,42.61
2022-11-23T05:00:00.000Z,44.54
2022-11-23T06:00:00.000Z,48.41
2022-11-23T07:00:00.000Z,54.36
2022-11-23T08:00:00.000Z,58.05
2022-11-23T09:00:00.000Z,57.21
2022-11-23T10:00:00.000Z,59.47
2022-11-23T11:00:00.000Z,72.81
2022-11-23T12:00:00.000Z,55.88
2022-11-23T13:00:00.000Z,62.52
2022-11-23T14:00:00.000Z,51.27
2022-11-23T15:00:00.000Z,55.38
2022-11-23T16:00:00.000Z,51.66
2022-11-23T17:00:00.000Z,49.93
2022-11-23T18:00:00.000Z,56.14
2022-11-23T19:00:00.000Z,56.47
2022-11-23T20:00:00.000Z,52.85
2022-11-23T21:00:00.000Z,49.53
2022-11-23T22:00:00.000Z,48.21
2022-11-23T23:00:00.000Z,52.96
2022-11-24T00:00:00.000Z,51.51
2022-11-24T01:00:00.000Z,50.69
2022-11-24T02:00:00.000Z,51.03
2022-11-24T03:00:00.000Z,51.66
2022-11-24T04:00:00.000Z,54.73
2022-11-24T05:00:00.000Z,59.97
2022-11-24T06:00:00.000Z,65.52
2022-11-24T07:00:00.000Z,81.93
2022-11-24T08:00:00.000Z,81.34
2022-11-24T09:00:00.000Z,80.96
2022-11-24T10:00:00.000Z,76.22
2022-11-24T11:00:00.000Z,72.63
2022-11-24T12:00:00.000Z,71.62
2022-11-24T13:00:00.000Z,67.56
2022-11-24T14:00:00.000Z,69.82
2022-11-24T15:00:00.000Z,70.79
2022-11-24T16:00:00.000Z,71.08
2022-11-24T17:00:00.000Z,69.94
2022-11-24T18:00:00.000Z,68.36
2022-11-24T19:00:00.000Z,69.27
2022-11-24T20:00:00.000Z,68.06
2022-11-24T21:00:00.000Z,66.19
2022-11-24T22:00:00.000Z,58.62
2022-11-24T23:00:00.000Z,59.89
2022-11-25T00:00:00.000Z,59.24
2022-11-25T01:00:00.000Z,58.61
2022-11-25T02:00:00.000Z,58.32
2022-11-25T03:00:00.000Z,57.80
2022-11-25T04:00:00.000Z,58.86
2022-11-25T05:00:00.000Z,63.97
2022-11-25T06:00:00.000Z,64.66
2022-11-25T07:00:00.000Z,66.98
2022-11-25T08:00:00.000Z,68.40
2022-11-25T09:00:00.000Z,68.83
2022-11-25T10:00:00.000Z,63.72
2022-11-25T11:00:00.000Z,62.30
2022-11-25T12:00:00.000Z,60.99
2022-11-25T13:00:00.000Z,62.47
2022-11-25T14:00:00.000Z,64.26
2022-11-25T15:00:00.000Z,65.41
2022-11-25T16:00:00.000Z,66.85
2022-11-25T17:00:00.000Z,64.50
2022-11-25T18:00:00.000Z,59.96
2022-11-25T19:00:00.000Z,58.20
2022-11-25T20:00:00.000Z,57.58
2022-11-25T21:00:00.000Z,57.05
2022-11-25T22:00:00.000Z,55.87
2022-11-25T23:00:00.000Z,57.91
2022-11-26T00:00:00.000Z,56.89
2022-11-26T01:00:00.000Z,56.55
2022-11-26T02:00:00.000Z,56.68
2022-11-26T03:00:00.000Z,56.72
2022-11-26T04:00:00.000Z,56.88
2022-11-26T05:00:00.000Z,58.21
2022-11-26T06:00:00.000Z,59.70
2022-11-26T07:00:00.000Z,59.96
2022-11-26T08:00:00.000Z,62.92
2022-11-26T09:00:00.000Z,69.95
2022-11-26T10:00:00.000Z,71.21
2022-11-26T11:00:00.000Z,73.98
2022-11-26T12:00:00.000Z,74.23
2022-11-26T13:00:00.000Z,78.87
2022-11-26T14:00:00.000Z,84.12
2022-11-26T15:00:00.000Z,84.83
2022-11-26T16:00:00.000Z,80.71
2022-11-26T17:00:00.000Z,81.95
2022-11-26T18:00:00.000Z,82.44
2022-11-26T19:00:00.000Z,76.31
2022-11-26T20:00:00.000Z,72.81
2022-11-26T21:00:00.000Z,70.48
2022-11-26T22:00:00.000Z,61.38
2022-11-26T23:00:00.000Z,60.10
2022-11-27T00:00:00.000Z,58.35
2022-11-27T01:00:00.000Z,56.83
2022-11-27T02:00:00.000Z,56.14
2022-11-27T03:00:00.000Z,54.72
2022-11-27T04:00:00.000Z,53.28
2022-11-27T05:00:00.000Z,52.88
2022-11-27T06:00:00.000Z,53.43
2022-11-27T07:00:00.000Z,52.63
2022-11-27T08:00:00.000Z,54.48
2022-11-27T09:00:00.000Z,54.31
2022-11-27T10:00:00.000Z,53.01
2022-11-27T11:00:00.000Z,52.13
2022-11-27T12:00:00.000Z,52.12
2022-11-27T13:00:00.000Z,54.17
2022-11-27T14:00:00.000Z,56.26
2022-11-27T15:00:00.000Z,57.31
2022-11-27T16:00:00.000Z,58.14
2022-11-27T17:00:00.000Z,58.36
2022-11-27T18:00:00.000Z,60.59
2022-11-27T19:00:00.000Z,59.54
2022-11-27T20:00:00.000Z,59.19
2022-11-27T21:00:00.000Z,59.36
2022-11-27T22:00:00.000Z,58.49
2022-11-27T23:00:00.000Z,59.48
2022-11-28T00:00:00.000Z,60.45
2022-11-28T01:00:00.000Z,62.43
2022-11-28T02:00:00.000Z,63.57
2022-11-28T03:00:00.000Z,65.30
2022-11-28T04:00:00.000Z,68.10
2022-11-28T05:00:00.000Z,70.31
2022-11-28T06:00:00.000Z,83.02
2022-11-28T07:00:00.000Z,101.50
2022-11-28T08:00:00.000Z,99.99
2022-11-28T09:00:00.000Z,90.90
2022-11-28T10:00:00.000Z,77.93
2022-11-28T11:00:00.000Z,77.11
2022-11-28T12:00:00.000Z,76.56
2022-11-28T13:00:00.000Z,76.59
2022-11-28T14:00:00.000Z,78.26
2022-11-28T15:00:00.000Z,78.05
2022-11-28T16:00:00.000Z,74.98
2022-11-28T17:00:00.000Z,75.14
2022-11-28T18:00:00.000Z,74.86
2022-11-28T19:00:00.000Z,75.03
2022-11-28T20:00:00.000Z,72.78
2022-11-28T21:00:00.000Z,71.09
2022-11-28T22:00:00.000Z,68.77
2022-11-28T23:00:00.000Z,69.15
2022-11-29T00:00:00.000Z,68.30
2022-11-29T01:00:00.000Z,68.17
2022-11-29T02:00:00.000Z,68.94
2022-11-29T03:00:00.000Z,70.91
2022-11-29T04:00:00.000Z,81.41
2022-11-29T05:00:00.000Z,85.11
2022-11-29T06:00:00.000Z,94.57
2022-11-29T07:00:00.000Z,108.73
2022-11-29T08:00:00.000Z,149.95
2022-11-29T09:00:00.000Z,149.91
2022-11-29T10:00:00.000Z,199.91
2022-11-29T11:00:00.000Z,243.69
2022-11-29T12:00:00.000Z,300.29
2022-11-29T13:00:00.000Z,338.18
2022-11-29T14:00:00.000Z,436.28
2022-11-29T15:00:00.000Z,445.78
2022-11-29T16:00:00.000Z,485.57
2022-11-29T17:00:00.000Z,470.78
2022-11-29T18:00:00.000Z,448.98
2022-11-29T19:00:00.000Z,387.20
2022-11-29T20:00:00.000Z,324.18
2022-11-29T21:00:00.000Z,288.13
2022-11-29T22:00:00.000Z,246.71
2022-11-29T23:00:00.000Z,268.35
2022-11-30T00:00:00.000Z,259.39
2022-11-30T01:00:00.000Z,256.07
2022-11-30T02:00:00.000Z,252.71
2022-11-30T03:00:00.000Z,259.06
2022-11-30T04:00:00.000Z,262.94
2022-11-30T05:00:00.000Z,317.66
2022-11-30T06:00:00.000Z,434.43
2022-11-30T07:00:00.000Z,478.10
2022-11-30T08:00:00.000Z,478.60
2022-11-30T09:00:00.000Z,474.71
2022-11-30T10:00:00.000Z,482.52
2022-11-30T11:00:00.000Z,449.99
2022-11-30T12:00:00.000Z,450.47
2022-11-30T13:00:00.000Z,464.24
2022-11-30T14:00:00.000Z,458.76
2022-11-30T15:00:00.000Z,478.40
2022-11-30T16:00:00.000Z,503.55
2022-11-30T17:00:00.000Z,495.20
2022-11-30T18:00:00.000Z,465.14
2022-11-30T19:00:00.000Z,413.90
2022-11-30T20:00:00.000Z,344.20
2022-11-30T21:00:00.000Z,309.25
2022-11-30T22:00:00.000Z,265.57
2022-11-30T23:00:00.000Z,271.61
2022-12-01T00:00:00.000Z,267.77
2022-12-01T01:00:00.000Z,252.55
2022-12-01T02:00:00.000Z,249.78
2022-12-01T03:00:00.000Z,249.50
2022-12-01T04:00:00.000Z,273.45
2022-12-01T05:00:00.000Z,281.78
2022-12-01T06:00:00.000Z,363.34
2022-12-01T07:00:00.000Z,401.94
2022-12-01T08:00:00.000Z,418.18
2022-12-01T09:00:00.000Z,368.81
2022-12-01T10:00:00.000Z,352.22
2022-12-01T11:00:00.000Z,351.92
2022-12-01T12:00:00.000Z,358.15
2022-12-01T13:00:00.000Z,369.19
2022-12-01T14:00:00.000Z,398.82
2022-12-01T15:00:00.000Z,400.56
2022-12-01T16:00:00.000Z,468.58
2022-12-01T17:00:00.000Z,372.36
2022-12-01T18:00:00.000Z,363.99
2022-12-01T19:00:00.000Z,367.15
2022-12-01T20:00:00.000Z,331.81
2022-12-01T21:00:00.000Z,249.16
2022-12-01T22:00:00.000Z,213.48
2022-12-01T23:00:00.000Z,200.07
2022-12-02T00:00:00.000Z,171.81
2022-12-02T01:00:00.000Z,146.45
2022-12-02T02:00:00.000Z,140.60
2022-12-02T03:00:00.000Z,140.32
2022-12-02T04:00:00.000Z,153.96
2022-12-02T05:00:00.000Z,180.22
2022-12-02T06:00:00.000Z,297.39
2022-12-02T07:00:00.000Z,420.80
2022-12-02T08:00:00.000Z,391.07
2022-12-02T09:00:00.000Z,366.47
2022-12-02T10:00:00.000Z,349.98
2022-12-02T11:00:00.000Z,349.95
2022-12-02T12:00:00.000Z,363.51
2022-12-02T13:00:00.000Z,306.92
2022-12-02T14:00:00.000Z,279.65
2022-12-02T15:00:00.000Z,281.82
2022-12-02T16:00:00.000Z,350.55
2022-12-02T17:00:00.000Z,315.00
2022-12-02T18:00:00.000Z,297.39
2022-12-02T19:00:00.000Z,252.46
2022-12-02T20:00:00.000Z,277.83
2022-12-02T21:00:00.000Z,269.98
2022-12-02T22:00:00.000Z,248.30
2022-12-02T23:00:00.000Z,232.43
2022-12-03T00:00:00.000Z,229.95
2022-12-03T01:00:00.000Z,226.05
2022-12-03T02:00:00.000Z,220.07
2022-12-03T03:00:00.000Z,225.10
2022-12-03T04:00:00.000Z,237.41
2022-12-03T05:00:00.000Z,244.24
2022-12-03T06:00:00.000Z,245.21
2022-12-03T07:00:00.000Z,248.97
2022-12-03T08:00:00.000Z,267.91
2022-12-03T09:00:00.000Z,288.95
2022-12-03T10:00:00.000Z,293.38
2022-12-03T11:00:00.000Z,280.80
2022-12-03T12:00:00.000Z,278.19
2022-12-03T13:00:00.000Z,279.77
2022-12-03T14:00:00.000Z,292.15
2022-12-03T15:00:00.000Z,299.97
2022-12-03T16:00:00.000Z,302.86
2022-12-03T17:00:00.000Z,294.03
2022-12-03T18:00:00.000Z,275.05
2022-12-03T19:00:00.000Z,264.57
2022-12-03T20:00:00.000Z,263.18
2022-12-03T21:00:00.000Z,257.07
2022-12-03T22:00:00.000Z,241.27
2022-12-03T23:00:00.000Z,230.70
2022-12-04T00:00:00.000Z,219.92
2022-12-04T01:00:00.000Z,231.19
2022-12-04T02:00:00.000Z,210.69
2022-12-04T03:00:00.000Z,209.41
2022-12-04T04:00:00.000Z,213.65
2022-12-04T05:00:00.000Z,211.90
2022-12-04T06:00:00.000Z,223.71
2022-12-04T07:00:00.000Z,255.30
2022-12-04T08:00:00.000Z,281.89
2022-12-04T09:00:00.000Z,293.52
2022-12-04T10:00:00.000Z,299.21
2022-12-04T11:00:00.000Z,297.53
2022-12-04T12:00:00.000Z,294.29
2022-12-04T13:00:00.000Z,296.58
2022-12-04T14:00:00.000Z,298.38
2022-12-04T15:00:00.000Z,314.83
2022-12-04T16:00:00.000Z,336.65
2022-12-04T17:00:00.000Z,295.41
2022-12-04T18:00:00.000Z,292.64
2022-12-04T19:00:00.000Z,261.07
2022-12-04T20:00:00.000Z,269.96
2022-12-04T21:00:00.000Z,257.65
2022-12-04T22:00:00.000Z,240.15
2022-12-04T23:00:00.000Z,205.16
2022-12-05T00:00:00.000Z,191.19
2022-12-05T01:00:00.000Z,179.99
2022-12-05T02:00:00.000Z,177.32
2022-12-05T03:00:00.000Z,161.23
2022-12-05T04:00:00.000Z,155.31
2022-12-05T05:00:00.000Z,160.94
2022-12-05T06:00:00.000Z,194.26
2022-12-05T07:00:00.000Z,237.84
2022-12-05T08:00:00.000Z,261.96
2022-12-05T09:00:00.000Z,295.48
2022-12-05T10:00:00.000Z,299.29
2022-12-05T11:00:00.000Z,293.35
2022-12-05T12:00:00.000Z,298.74
2022-12-05T13:00:00.000Z,265.53
2022-12-05T14:00:00.000Z,215.63
2022-12-05T15:00:00.000Z,199.50
2022-12-05T16:00:00.000Z,165.49
2022-12-05T17:00:00.000Z,149.10
2022-12-05T18:00:00.000Z,157.21
2022-12-05T19:00:00.000Z,162.31
2022-12-05T20:00:00.000Z,152.83
2022-12-05T21:00:00.000Z,140.42
2022-12-05T22:00:00.000Z,120.51
2022-12-05T23:00:00.000Z,98.02
2022-12-06T00:00:00.000Z,91.14
2022-12-06T01:00:00.000Z,88.99
2022-12-06T02:00:00.000Z,90.93
2022-12-06T03:00:00.000Z,93.38
2022-12-06T04:00:00.000Z,99.97
2022-12-06T05:00:00.000Z,98.69
2022-12-06T06:00:00.000Z,142.06
2022-12-06T07:00:00.000Z,162.75
2022-12-06T08:00:00.000Z,172.70
2022-12-06T09:00:00.000Z,174.95
2022-12-06T10:00:00.000Z,177.70
2022-12-06T11:00:00.000Z,196.50
2022-12-06T12:00:00.000Z,203.87
2022-12-06T13:00:00.000Z,219.98
2022-12-06T14:00:00.000Z,227.85
2022-12-06T15:00:00.000Z,246.75
2022-12-06T16:00:00.000Z,255.06
2022-12-06T17:00:00.000Z,261.28
2022-12-06T18:00:00.000Z,262.88
2022-12-06T19:00:00.000Z,267.95
2022-12-06T20:00:00.000Z,275.74
2022-12-06T21:00:00.000Z,277.31
2022-12-06T22:00:00.000Z,267.14
2022-12-06T23:00:00.000Z,264.59
2022-12-07T00:00:00.000Z,235.72
2022-12-07T01:00:00.000Z,203.91
2022-12-07T02:00:00.000Z,199.96
2022-12-07T03:00:00.000Z,230.18
2022-12-07T04:00:00.000Z,228.89
2022-12-07T05:00:00.000Z,203.50
2022-12-07T06:00:00.000Z,194.50
2022-12-07T07:00:00.000Z,191.92
2022-12-07T08:00:00.000Z,176.01
2022-12-07T09:00:00.000Z,161.76
2022-12-07T10:00:00.000Z,143.73
2022-12-07T11:00:00.000Z,138.99
2022-12-07T12:00:00.000Z,132.22
2022-12-07T13:00:00.000Z,134.16
2022-12-07T14:00:00.000Z,141.55
2022-12-07T15:00:00.000Z,174.04
2022-12-07T16:00:00.000Z,185.30
2022-12-07T17:00:00.000Z,192.61
2022-12-07T18:00:00.000Z,200.88
2022-12-07T19:00:00.000Z,215.53
2022-12-07T20:00:00.000Z,262.86
2022-12-07T21:00:00.000Z,241.94
2022-12-07T22:00:00.000Z,226.56
2022-12-07T23:00:00.000Z,295.72
2022-12-08T00:00:00.000Z,280.78
2022-12-08T01:00:00.000Z,269.67
2022-12-08T02:00:00.000Z,269.91
2022-12-08T03:00:00.000Z,275.49
2022-12-08T04:00:00.000Z,298.21
2022-12-08T05:00:00.000Z,309.44
2022-12-08T06:00:00.000Z,369.03
2022-12-08T07:00:00.000Z,346.63
2022-12-08T08:00:00.000Z,269.87
2022-12-08T09:00:00.000Z,240.16
2022-12-08T10:00:00.000Z,237.49
2022-12-08T11:00:00.000Z,212.84
2022-12-08T12:00:00.000Z,198.04
2022-12-08T13:00:00.000Z,222.13
2022-12-08T14:00:00.000Z,227.71
2022-12-08T15:00:00.000Z,236.57
2022-12-08T16:00:00.000Z,240.35
2022-12-08T17:00:00.000Z,272.48
2022-12-08T18:00:00.000Z,280.26
2022-12-08T19:00:00.000Z,277.18
2022-12-08T20:00:00.000Z,273.21
2022-12-08T21:00:00.000Z,288.41
2022-12-08T22:00:00.000Z,241.67
2022-12-08T23:00:00.000Z,258.02
2022-12-09T00:00:00.000Z,238.71
2022-12-09T01:00:00.000Z,237.84
2022-12-09T02:00:00.000Z,235.39
2022-12-09T03:00:00.000Z,237.09
2022-12-09T04:00:00.000Z,237.51
2022-12-09T05:00:00.000Z,236.65
2022-12-09T06:00:00.000Z,266.25
2022-12-09T07:00:00.000Z,312.25
2022-12-09T08:00:00.000Z,319.95
2022-12-09T09:00:00.000Z,320.12
2022-12-09T10:00:00.000Z,320.83
2022-12-09T11:00:00.000Z,332.32
2022-12-09T12:00:00.000Z,321.17
2022-12-09T13:00:00.000Z,308.05
2022-12-09T14:00:00.000Z,298.64
2022-12-09T15:00:00.000Z,290.05
2022-12-09T16:00:00.000Z,292.73
2022-12-09T17:00:00.000Z,316.35
2022-12-09T18:00:00.000Z,319.93
2022-12-09T19:00:00.000Z,314.62
2022-12-09T20:00:00.000Z,261.49
2022-12-09T21:00:00.000Z,275.55
2022-12-09T22:00:00.000Z,267.89
2022-12-09T23:00:00.000Z,255.26
2022-12-10T00:00:00.000Z,249.96
2022-12-10T01:00:00.000Z,249.28
2022-12-10T02:00:00.000Z,237.49
2022-12-10T03:00:00.000Z,242.88
2022-12-10T04:00:00.000Z,244.77
2022-12-10T05:00:00.000Z,230.08
2022-12-10T06:00:00.000Z,209.93
2022-12-10T07:00:00.000Z,219.88
2022-12-10T08:00:00.000Z,225.16
2022-12-10T09:00:00.000Z,225.20
2022-12-10T10:00:00.000Z,225.37
2022-12-10T11:00:00.000Z,225.59
2022-12-10T12:00:00.000Z,223.27
2022-12-10T13:00:00.000Z,223.02
2022-12-10T14:00:00.000Z,228.91
2022-12-10T15:00:00.000Z,234.64
2022-12-10T16:00:00.000Z,237.04
2022-12-10T17:00:00.000Z,231.17
2022-12-10T18:00:00.000Z,240.08
2022-12-10T19:00:00.000Z,246.77
2022-12-10T20:00:00.000Z,240.07
2022-12-10T21:00:00.000Z,263.56
2022-12-10T22:00:00.000Z,251.90
2022-12-10T23:00:00.000Z,291.62
2022-12-11T00:00:00.000Z,253.22
2022-12-11T01:00:00.000Z,240.76
2022-12-11T02:00:00.000Z,229.44
2022-12-11T03:00:00.000Z,225.55
2022-12-11T04:00:00.000Z,232.59
2022-12-11T05:00:00.000Z,226.71
2022-12-11T06:00:00.000Z,204.88
2022-12-11T07:00:00.000Z,205.97
2022-12-11T08:00:00.000Z,224.62
2022-12-11T09:00:00.000Z,237.58
2022-12-11T10:00:00.000Z,242.56
2022-12-11T11:00:00.000Z,250.09
2022-12-11T12:00:00.000Z,251.69
2022-12-11T13:00:00.000Z,253.33
2022-12-11T14:00:00.000Z,246.32
2022-12-11T15:00:00.000Z,251.75
2022-12-11T16:00:00.000Z,251.03
2022-12-11T17:00:00.000Z,251.68
2022-12-11T18:00:00.000Z,240.39
2022-12-11T19:00:00.000Z,236.92
2022-12-11T20:00:00.000Z,234.11
2022-12-11T21:00:00.000Z,249.90
2022-12-11T22:00:00.000Z,239.83
2022-12-11T23:00:00.000Z,239.58
2022-12-12T00:00:00.000Z,240.96
2022-12-12T01:00:00.000Z,240.00
2022-12-12T02:00:00.000Z,240.00
2022-12-12T03:00:00.000Z,240.00
2022-12-12T04:00:00.000Z,240.00
2022-12-12T05:00:00.000Z,258.13
2022-12-12T06:00:00.000Z,331.45
2022-12-12T07:00:00.000Z,393.75
2022-12-12T08:00:00.000Z,356.22
2022-12-12T09:00:00.000Z,350.08
2022-12-12T10:00:00.000Z,316.31
2022-12-12T11:00:00.000Z,315.79
2022-12-12T12:00:00.000Z,317.05
2022-12-12T13:00:00.000Z,315.47
2022-12-12T14:00:00.000Z,315.19
2022-12-12T15:00:00.000Z,294.79
2022-12-12T16:00:00.000Z,296.94
2022-12-12T17:00:00.000Z,292.00
2022-12-12T18:00:00.000Z,290.31
2022-12-12T19:00:00.000Z,310.38
2022-12-12T20:00:00.000Z,240.66
2022-12-12T21:00:00.000Z,252.63
2022-12-12T22:00:00.000Z,199.99
2022-12-12T23:00:00.000Z,275.01
2022-12-13T00:00:00.000Z,260.53
2022-12-13T01:00:00.000Z,244.59
2022-12-13T02:00:00.000Z,243.09
2022-12-13T03:00:00.000Z,272.15
2022-12-13T04:00:00.000Z,306.91
2022-12-13T05:00:00.000Z,300.00
2022-12-13T06:00:00.000Z,415.60
2022-12-13T07:00:00.000Z,443.74
2022-12-13T08:00:00.000Z,446.83
2022-12-13T09:00:00.000Z,449.68
2022-12-13T10:00:00.000Z,461.24
2022-12-13T11:00:00.000Z,468.78
2022-12-13T12:00:00.000Z,499.98
2022-12-13T13:00:00.000Z,499.99
2022-12-13T14:00:00.000Z,504.80
2022-12-13T15:00:00.000Z,460.49
2022-12-13T16:00:00.000Z,430.99
2022-12-13T17:00:00.000Z,429.29
2022-12-13T18:00:00.000Z,422.53
2022-12-13T19:00:00.000Z,420.45
2022-12-13T20:00:00.000Z,353.79
2022-12-13T21:00:00.000Z,321.03
2022-12-13T22:00:00.000Z,283.08
2022-12-13T23:00:00.000Z,271.89
2022-12-14T00:00:00.000Z,270.47
2022-12-14T01:00:00.000Z,268.69
2022-12-14T02:00:00.000Z,278.00
2022-12-14T03:00:00.000Z,279.69
2022-12-14T04:00:00.000Z,311.11
2022-12-14T05:00:00.000Z,368.82
2022-12-14T06:00:00.000Z,494.97
2022-12-14T07:00:00.000Z,539.99
2022-12-14T08:00:00.000Z,569.72
2022-12-14T09:00:00.000Z,565.18
2022-12-14T10:00:00.000Z,568.01
2022-12-14T11:00:00.000Z,526.10
2022-12-14T12:00:00.000Z,515.73
2022-12-14T13:00:00.000Z,514.95
2022-12-14T14:00:00.000Z,528.53
2022-12-14T15:00:00.000Z,545.00
2022-12-14T16:00:00.000Z,590.00
2022-12-14T17:00:00.000Z,557.00
2022-12-14T18:00:00.000Z,520.57
2022-12-14T19:00:00.000Z,487.90
2022-12-14T20:00:00.000Z,396.67
2022-12-14T21:00:00.000Z,351.72
2022-12-14T22:00:00.000Z,328.94
2022-12-14T23:00:00.000Z,300.00
2022-12-15T00:00:00.000Z,290.74
2022-12-15T01:00:00.000Z,279.46
2022-12-15T02:00:00.000Z,270.19
2022-12-15T03:00:00.000Z,271.95
2022-12-15T04:00:00.000Z,276.27
2022-12-15T05:00:00.000Z,210.54
2022-12-15T06:00:00.000Z,249.91
2022-12-15T07:00:00.000Z,266.69
2022-12-15T08:00:00.000Z,262.85
2022-12-15T09:00:00.000Z,261.50
2022-12-15T10:00:00.000Z,260.35
2022-12-15T11:00:00.000Z,233.03
2022-12-15T12:00:00.000Z,239.31
2022-12-15T13:00:00.000Z,228.12
2022-12-15T14:00:00.000Z,213.72
2022-12-15T15:00:00.000Z,200.53
2022-12-15T16:00:00.000Z,176.35
2022-12-15T17:00:00.000Z,179.97
2022-12-15T18:00:00.000Z,179.90
2022-12-15T19:00:00.000Z,167.38
2022-12-15T20:00:00.000Z,165.97
2022-12-15T21:00:00.000Z,173.74
2022-12-15T22:00:00.000Z,155.10
2022-12-15T23:00:00.000Z,128.84
2022-12-16T00:00:00.000Z,114.47
2022-12-16T01:00:00.000Z,123.03
2022-12-16T02:00:00.000Z,143.85
2022-12-16T03:00:00.000Z,149.89
2022-12-16T04:00:00.000Z,149.91
2022-12-16T05:00:00.000Z,106.27
2022-12-16T06:00:00.000Z,151.04
2022-12-16T07:00:00.000Z,155.59
2022-12-16T08:00:00.000Z,155.56
2022-12-16T09:00:00.000Z,150.16
2022-12-16T10:00:00.000Z,148.72
2022-12-16T11:00:00.000Z,142.97
2022-12-16T12:00:00.000Z,137.54
2022-12-16T13:00:00.000Z,134.95
2022-12-16T14:00:00.000Z,129.30
2022-12-16T15:00:00.000Z,124.89
2022-12-16T16:00:00.000Z,109.33
2022-12-16T17:00:00.000Z,109.59
2022-12-16T18:00:00.000Z,103.69
2022-12-16T19:00:00.000Z,99.20
2022-12-16T20:00:00.000Z,101.66
2022-12-16T21:00:00.000Z,104.71
2022-12-16T22:00:00.000Z,104.83
2022-12-16T23:00:00.000Z,111.92
2022-12-17T00:00:00.000Z,112.55
2022-12-17T01:00:00.000Z,110.66
2022-12-17T02:00:00.000Z,116.00
2022-12-17T03:00:00.000Z,119.94
2022-12-17T04:00:00.000Z,117.19
2022-12-17T05:00:00.000Z,99.56
2022-12-17T06:00:00.000Z,107.91
2022-12-17T07:00:00.000Z,110.62
2022-12-17T08:00:00.000Z,126.56
2022-12-17T09:00:00.000Z,129.70
2022-12-17T10:00:00.000Z,125.89
2022-12-17T11:00:00.000Z,115.37
2022-12-17T12:00:00.000Z,116.16
2022-12-17T13:00:00.000Z,129.80
2022-12-17T14:00:00.000Z,127.29
2022-12-17T15:00:00.000Z,128.44
2022-12-17T16:00:00.000Z,129.69
2022-12-17T17:00:00.000Z,114.31
2022-12-17T18:00:00.000Z,119.86
2022-12-17T19:00:00.000Z,119.43
2022-12-17T20:00:00.000Z,124.01
2022-12-17T21:00:00.000Z,119.94
2022-12-17T22:00:00.000Z,107.34
2022-12-17T23:00:00.000Z,99.37
2022-12-18T00:00:00.000Z,98.45
2022-12-18T01:00:00.000Z,90.73
2022-12-18T02:00:00.000Z,84.36
2022-12-18T03:00:00.000Z,77.95
2022-12-18T04:00:00.000Z,70.04
2022-12-18T05:00:00.000Z,80.36
2022-12-18T06:00:00.000Z,78.76
2022-12-18T07:00:00.000Z,78.47
2022-12-18T08:00:00.000Z,80.44
2022-12-18T09:00:00.000Z,84.79
2022-12-18T10:00:00.000Z,90.38
2022-12-18T11:00:00.000Z,92.14
2022-12-18T12:00:00.000Z,91.79
2022-12-18T13:00:00.000Z,86.72
2022-12-18T14:00:00.000Z,77.94
2022-12-18T15:00:00.000Z,72.74
2022-12-18T16:00:00.000Z,65.99
2022-12-18T17:00:00.000Z,65.16
2022-12-18T18:00:00.000Z,61.19
2022-12-18T19:00:00.000Z,60.01
2022-12-18T20:00:00.000Z,56.92
2022-12-18T21:00:00.000Z,53.93
2022-12-18T22:00:00.000Z,51.01
2022-12-18T23:00:00.000Z,55.64
2022-12-19T00:00:00.000Z,60.20
2022-12-19T01:00:00.000Z,59.92
2022-12-19T02:00:00.000Z,66.17
2022-12-19T03:00:00.000Z,76.24
2022-12-19T04:00:00.000Z,80.28
2022-12-19T05:00:00.000Z,75.73
2022-12-19T06:00:00.000Z,79.42
2022-12-19T07:00:00.000Z,88.61
2022-12-19T08:00:00.000Z,94.49
2022-12-19T09:00:00.000Z,98.30
2022-12-19T10:00:00.000Z,100.92
2022-12-19T11:00:00.000Z,100.95
2022-12-19T12:00:00.000Z,110.78
2022-12-19T13:00:00.000Z,114.34
2022-12-19T14:00:00.000Z,112.88
2022-12-19T15:00:00.000Z,110.76
2022-12-19T16:00:00.000Z,101.37
2022-12-19T17:00:00.000Z,99.64
2022-12-19T18:00:00.000Z,98.66
2022-12-19T19:00:00.000Z,95.82
2022-12-19T20:00:00.000Z,94.35
2022-12-19T21:00:00.000Z,98.14
2022-12-19T22:00:00.000Z,95.23
2022-12-19T23:00:00.000Z,108.19
2022-12-20T00:00:00.000Z,92.41
2022-12-20T01:00:00.000Z,92.45
2022-12-20T02:00:00.000Z,76.35
2022-12-20T03:00:00.000Z,81.94
2022-12-20T04:00:00.000Z,99.21
2022-12-20T05:00:00.000Z,89.32
2022-12-20T06:00:00.000Z,97.13
2022-12-20T07:00:00.000Z,100.37
2022-12-20T08:00:00.000Z,98.88
2022-12-20T09:00:00.000Z,96.95
2022-12-20T10:00:00.000Z,90.01
2022-12-20T11:00:00.000Z,89.86
2022-12-20T12:00:00.000Z,95.04
2022-12-20T13:00:00.000Z,97.64
2022-12-20T14:00:00.000Z,102.46
2022-12-20T15:00:00.000Z,115.72
2022-12-20T16:00:00.000Z,128.50
2022-12-20T17:00:00.000Z,130.85
2022-12-20T18:00:00.000Z,152.84
2022-12-20T19:00:00.000Z,131.24
2022-12-20T20:00:00.000Z,123.40
2022-12-20T21:00:00.000Z,186.64
2022-12-20T22:00:00.000Z,170.37
2022-12-20T23:00:00.000Z,177.74
2022-12-21T00:00:00.000Z,174.76
2022-12-21T01:00:00.000Z,174.64
2022-12-21T02:00:00.000Z,167.93
2022-12-21T03:00:00.000Z,168.96
2022-12-21T04:00:00.000Z,179.98
2022-12-21T05:00:00.000Z,120.52
2022-12-21T06:00:00.000Z,155.40
2022-12-21T07:00:00.000Z,180.03
2022-12-21T08:00:00.000Z,187.00
2022-12-21T09:00:00.000Z,180.50
2022-12-21T10:00:00.000Z,156.94
2022-12-21T11:00:00.000Z,149.06
2022-12-21T12:00:00.000Z,137.73
2022-12-21T13:00:00.000Z,131.84
2022-12-21T14:00:00.000Z,129.74
2022-12-21T15:00:00.000Z,129.60
2022-12-21T16:00:00.000Z,122.43
2022-12-21T17:00:00.000Z,120.10
2022-12-21T18:00:00.000Z,118.74
2022-12-21T19:00:00.000Z,120.07
2022-12-21T20:00:00.000Z,120.12
2022-12-21T21:00:00.000Z,170.58
2022-12-21T22:00:00.000Z,140.09
2022-12-21T23:00:00.000Z,155.09
2022-12-22T00:00:00.000Z,145.60
2022-12-22T01:00:00.000Z,140.19
2022-12-22T02:00:00.000Z,132.41
2022-12-22T03:00:00.000Z,128.22
2022-12-22T04:00:00.000Z,155.92
2022-12-22T05:00:00.000Z,183.86
2022-12-22T06:00:00.000Z,219.33
2022-12-22T07:00:00.000Z,220.14
2022-12-22T08:00:00.000Z,198.37
2022-12-22T09:00:00.000Z,184.88
2022-12-22T10:00:00.000Z,176.50
2022-12-22T11:00:00.000Z,171.95
2022-12-22T12:00:00.000Z,163.25
2022-12-22T13:00:00.000Z,159.47
2022-12-22T14:00:00.000Z,157.63
2022-12-22T15:00:00.000Z,150.16
2022-12-22T16:00:00.000Z,143.57
2022-12-22T17:00:00.000Z,141.93
2022-12-22T18:00:00.000Z,139.65
2022-12-22T19:00:00.000Z,155.13
2022-12-22T20:00:00.000Z,150.72
2022-12-22T21:00:00.000Z,139.02
2022-12-22T22:00:00.000Z,106.49
2022-12-22T23:00:00.000Z,80.64
2022-12-23T00:00:00.000Z,75.91
2022-12-23T01:00:00.000Z,73.26
2022-12-23T02:00:00.000Z,73.25
2022-12-23T03:00:00.000Z,77.06
2022-12-23T04:00:00.000Z,84.49
2022-12-23T05:00:00.000Z,84.00
2022-12-23T06:00:00.000Z,88.33
2022-12-23T07:00:00.000Z,87.11
2022-12-23T08:00:00.000Z,87.85
2022-12-23T09:00:00.000Z,85.14
2022-12-23T10:00:00.000Z,83.76
2022-12-23T11:00:00.000Z,83.46
2022-12-23T12:00:00.000Z,82.20
2022-12-23T13:00:00.000Z,81.23
2022-12-23T14:00:00.000Z,80.86
2022-12-23T15:00:00.000Z,79.83
2022-12-23T16:00:00.000Z,74.78
2022-12-23T17:00:00.000Z,72.74
2022-12-23T18:00:00.000Z,70.05
2022-12-23T19:00:00.000Z,70.38
2022-12-23T20:00:00.000Z,76.29
2022-12-23T21:00:00.000Z,79.24
2022-12-23T22:00:00.000Z,77.04
2022-12-23T23:00:00.000Z,68.15
2022-12-24T00:00:00.000Z,50.40
2022-12-24T01:00:00.000Z,50.00
2022-12-24T02:00:00.000Z,33.32
2022-12-24T03:00:00.000Z,36.89
2022-12-24T04:00:00.000Z,48.48
2022-12-24T05:00:00.000Z,57.53
2022-12-24T06:00:00.000Z,65.22
2022-12-24T07:00:00.000Z,67.85
2022-12-24T08:00:00.000Z,70.08
2022-12-24T09:00:00.000Z,71.34
2022-12-24T10:00:00.000Z,72.00
2022-12-24T11:00:00.000Z,72.04
2022-12-24T12:00:00.000Z,72.26
2022-12-24T13:00:00.000Z,73.88
2022-12-24T14:00:00.000Z,74.11
2022-12-24T15:00:00.000Z,74.35
2022-12-24T16:00:00.000Z,71.95
2022-12-24T17:00:00.000Z,70.00
2022-12-24T18:00:00.000Z,72.23
2022-12-24T19:00:00.000Z,72.29
2022-12-24T20:00:00.000Z,75.81
2022-12-24T21:00:00.000Z,76.67
2022-12-24T22:00:00.000Z,77.07
2022-12-24T23:00:00.000Z,75.84
2022-12-25T00:00:00.000Z,76.56
2022-12-25T01:00:00.000Z,77.85
2022-12-25T02:00:00.000Z,78.83
2022-12-25T03:00:00.000Z,78.81
2022-12-25T04:00:00.000Z,80.20
2022-12-25T05:00:00.000Z,76.57
2022-12-25T06:00:00.000Z,76.73
2022-12-25T07:00:00.000Z,75.76
2022-12-25T08:00:00.000Z,74.96
2022-12-25T09:00:00.000Z,73.83
2022-12-25T10:00:00.000Z,74.10
2022-12-25T11:00:00.000Z,74.06
2022-12-25T12:00:00.000Z,73.52
2022-12-25T13:00:00.000Z,72.57
2022-12-25T14:00:00.000Z,72.41
2022-12-25T15:00:00.000Z,71.71
2022-12-25T16:00:00.000Z,70.96
2022-12-25T17:00:00.000Z,70.38
2022-12-25T18:00:00.000Z,68.76
2022-12-25T19:00:00.000Z,62.66
2022-12-25T20:00:00.000Z,61.47
2022-12-25T21:00:00.000Z,50.90
2022-12-25T22:00:00.000Z,32.11
2022-12-25T23:00:00.000Z,28.48
2022-12-26T00:00:00.000Z,29.59
2022-12-26T01:00:00.000Z,26.37
2022-12-26T02:00:00.000Z,23.70
2022-12-26T03:00:00.000Z,24.20
2022-12-26T04:00:00.000Z,24.67
2022-12-26T05:00:00.000Z,24.90
2022-12-26T06:00:00.000Z,25.18
2022-12-26T07:00:00.000Z,37.75
2022-12-26T08:00:00.000Z,47.74
2022-12-26T09:00:00.000Z,53.18
2022-12-26T10:00:00.000Z,47.67
2022-12-26T11:00:00.000Z,46.68
2022-12-26T12:00:00.000Z,29.99
2022-12-26T13:00:00.000Z,32.64
2022-12-26T14:00:00.000Z,33.99
2022-12-26T15:00:00.000Z,47.63
2022-12-26T16:00:00.000Z,49.49
2022-12-26T17:00:00.000Z,50.95
2022-12-26T18:00:00.000Z,47.66
2022-12-26T19:00:00.000Z,47.62
2022-12-26T20:00:00.000Z,44.04
2022-12-26T21:00:00.000Z,29.68
2022-12-26T22:00:00.000Z,24.42
2022-12-26T23:00:00.000Z,25.66
2022-12-27T00:00:00.000Z,24.70
2022-12-27T01:00:00.000Z,24.10
2022-12-27T02:00:00.000Z,23.01
2022-12-27T03:00:00.000Z,19.79
2022-12-27T04:00:00.000Z,22.17
2022-12-27T05:00:00.000Z,30.42
2022-12-27T06:00:00.000Z,67.03
2022-12-27T07:00:00.000Z,67.28
2022-12-27T08:00:00.000Z,68.12
2022-12-27T09:00:00.000Z,68.01
2022-12-27T10:00:00.000Z,67.79
2022-12-27T11:00:00.000Z,68.25
2022-12-27T12:00:00.000Z,69.01
2022-12-27T13:00:00.000Z,73.21
2022-12-27T14:00:00.000Z,78.89
2022-12-27T15:00:00.000Z,80.42
2022-12-27T16:00:00.000Z,78.85
2022-12-27T17:00:00.000Z,75.57
2022-12-27T18:00:00.000Z,72.63
2022-12-27T19:00:00.000Z,70.63
2022-12-27T20:00:00.000Z,68.58
2022-12-27T21:00:00.000Z,66.61
2022-12-27T22:00:00.000Z,63.33
2022-12-27T23:00:00.000Z,50.01
2022-12-28T00:00:00.000Z,36.49
2022-12-28T01:00:00.000Z,50.29
2022-12-28T02:00:00.000Z,65.14
2022-12-28T03:00:00.000Z,75.07
2022-12-28T04:00:00.000Z,78.12
2022-12-28T05:00:00.000Z,79.17
2022-12-28T06:00:00.000Z,77.38
2022-12-28T07:00:00.000Z,73.76
2022-12-28T08:00:00.000Z,69.62
2022-12-28T09:00:00.000Z,70.06
2022-12-28T10:00:00.000Z,70.28
2022-12-28T11:00:00.000Z,72.30
2022-12-28T12:00:00.000Z,75.97
2022-12-28T13:00:00.000Z,78.48
2022-12-28T14:00:00.000Z,99.06
2022-12-28T15:00:00.000Z,114.26
2022-12-28T16:00:00.000Z,120.46
2022-12-28T17:00:00.000Z,119.90
2022-12-28T18:00:00.000Z,95.14
2022-12-28T19:00:00.000Z,81.55
2022-12-28T20:00:00.000Z,69.00
2022-12-28T21:00:00.000Z,60.45
2022-12-28T22:00:00.000Z,43.87
2022-12-28T23:00:00.000Z,26.39
2022-12-29T00:00:00.000Z,24.80
2022-12-29T01:00:00.000Z,23.14
2022-12-29T02:00:00.000Z,21.45
2022-12-29T03:00:00.000Z,21.22
2022-12-29T04:00:00.000Z,22.65
2022-12-29T05:00:00.000Z,26.30
2022-12-29T06:00:00.000Z,31.30
2022-12-29T07:00:00.000Z,31.97
2022-12-29T08:00:00.000Z,31.69
2022-12-29T09:00:00.000Z,30.72
2022-12-29T10:00:00.000Z,30.05
2022-12-29T11:00:00.000Z,30.05
2022-12-29T12:00:00.000Z,30.05
2022-12-29T13:00:00.000Z,30.34
2022-12-29T14:00:00.000Z,30.48
2022-12-29T15:00:00.000Z,30.82
2022-12-29T16:00:00.000Z,33.30
2022-12-29T17:00:00.000Z,30.50
2022-12-29T18:00:00.000Z,30.74
2022-12-29T19:00:00.000Z,30.89
2022-12-29T20:00:00.000Z,30.68
2022-12-29T21:00:00.000Z,30.54
2022-12-29T22:00:00.000Z,30.50
2022-12-29T23:00:00.000Z,22.06
2022-12-30T00:00:00.000Z,20.43
2022-12-30T01:00:00.000Z,17.74
2022-12-30T02:00:00.000Z,17.18
2022-12-30T03:00:00.000Z,17.75
2022-12-30T04:00:00.000Z,21.17
2022-12-30T05:00:00.000Z,27.66
2022-12-30T06:00:00.000Z,29.37
2022-12-30T07:00:00.000Z,33.73
2022-12-30T08:00:00.000Z,33.01
2022-12-30T09:00:00.000Z,34.12
2022-12-30T10:00:00.000Z,37.80
2022-12-30T11:00:00.000Z,47.72
2022-12-30T12:00:00.000Z,52.92
2022-12-30T13:00:00.000Z,50.87
2022-12-30T14:00:00.000Z,50.09
2022-12-30T15:00:00.000Z,33.78
2022-12-30T16:00:00.000Z,30.78
2022-12-30T17:00:00.000Z,27.92
2022-12-30T18:00:00.000Z,24.97
2022-12-30T19:00:00.000Z,24.01
2022-12-30T20:00:00.000Z,23.49
2022-12-30T21:00:00.000Z,23.39
2022-12-30T22:00:00.000Z,23.21
2022-12-30T23:00:00.000Z,19.94
2022-12-31T00:00:00.000Z,18.26
2022-12-31T01:00:00.000Z,18.85
2022-12-31T02:00:00.000Z,20.09
2022-12-31T03:00:00.000Z,22.10
2022-12-31T04:00:00.000Z,23.38
2022-12-31T05:00:00.000Z,23.60
2022-12-31T06:00:00.000Z,24.07
2022-12-31T07:00:00.000Z,23.97
2022-12-31T08:00:00.000Z,24.49
2022-12-31T09:00:00.000Z,24.48
2022-12-31T10:00:00.000Z,23.94
2022-12-31T11:00:00.000Z,23.91
2022-12-31T12:00:00.000Z,23.84
2022-12-31T13:00:00.000Z,23.99
2022-12-31T14:00:00.000Z,26.23
2022-12-31T15:00:00.000Z,26.65
2022-12-31T16:00:00.000Z,25.58
2022-12-31T17:00:00.000Z,26.17
2022-12-31T18:00:00.000Z,23.87
2022-12-31T19:00:00.000Z,23.82
2022-12-31T20:00:00.000Z,23.93
2022-12-31T21:00:00.000Z,23.75
2022-12-31T22:00:00.000Z,23.56
2022-12-31T23:00:00.000Z,23.35