timestamp,NO3(EUR/MWh)
2026-01-01T00:00:00.000Z,70.51
2026-01-01T00:15:00.000Z,69.04
2026-01-01T00:30:00.000Z,67.98
2026-01-01T00:45:00.000Z,55.25
2026-01-01T01:00:00.000Z,64.31
2026-01-01T01:15:00.000Z,52.02
2026-01-01T01:30:00.000Z,47.59
2026-01-01T01:45:00.000Z,43.35
2026-01-01T02:00:00.000Z,44.17
2026-01-01T02:15:00.000Z,43.16
2026-01-01T02:30:00.000Z,39.90
2026-01-01T02:45:00.000Z,39.48
2026-01-01T03:00:00.000Z,39.48
2026-01-01T03:15:00.000Z,39.48
2026-01-01T03:30:00.000Z,38.72
2026-01-01T03:45:00.000Z,38.14
2026-01-01T04:00:00.000Z,38.26
2026-01-01T04:15:00.000Z,37.29
2026-01-01T04:30:00.000Z,37.93
2026-01-01T04:45:00.000Z,36.33
2026-01-01T05:00:00.000Z,36.20
2026-01-01T05:15:00.000Z,36.87
2026-01-01T05:30:00.000Z,38.22
2026-01-01T05:45:00.000Z,39.81
2026-01-01T06:00:00.000Z,37.86
2026-01-01T06:15:00.000Z,39.71
2026-01-01T06:30:00.000Z,40.74
2026-01-01T06:45:00.000Z,40.54
2026-01-01T07:00:00.000Z,42.59
2026-01-01T07:15:00.000Z,42.27
2026-01-01T07:30:00.000Z,40.49
2026-01-01T07:45:00.000Z,38.27
2026-01-01T08:00:00.000Z,39.66
2026-01-01T08:15:00.000Z,39.34
2026-01-01T08:30:00.000Z,38.73
2026-01-01T08:45:00.000Z,36.80
2026-01-01T09:00:00.000Z,40.18
2026-01-01T09:15:00.000Z,39.43
2026-01-01T09:30:00.000Z,38.42
2026-01-01T09:45:00.000Z,38.67
2026-01-01T10:00:00.000Z,39.65
2026-01-01T10:15:00.000Z,39.15
2026-01-01T10:30:00.000Z,39.21
2026-01-01T10:45:00.000Z,39.09
2026-01-01T11:00:00.000Z,39.90
2026-01-01T11:15:00.000Z,39.96
2026-01-01T11:30:00.000Z,40.23
2026-01-01T11:45:00.000Z,40.97
2026-01-01T12:00:00.000Z,41.15
2026-01-01T12:15:00.000Z,42.23
2026-01-01T12:30:00.000Z,42.26
2026-01-01T12:45:00.000Z,42.46
2026-01-01T13:00:00.000Z,43.27
2026-01-01T13:15:00.000Z,44.41
2026-01-01T13:30:00.000Z,44.99
2026-01-01T13:45:00.000Z,46.26
2026-01-01T14:00:00.000Z,45.53
2026-01-01T14:15:00.000Z,49.11
2026-01-01T14:30:00.000Z,51.94
2026-01-01T14:45:00.000Z,54.13
2026-01-01T15:00:00.000Z,53.55
2026-01-01T15:15:00.000Z,55.58
2026-01-01T15:30:00.000Z,57.82
2026-01-01T15:45:00.000Z,62.92
2026-01-01T16:00:00.000Z,60.89
2026-01-01T16:15:00.000Z,63.45
2026-01-01T16:30:00.000Z,66.08
2026-01-01T16:45:00.000Z,65.74
2026-01-01T17:00:00.000Z,60.51
2026-01-01T17:15:00.000Z,60.33
2026-01-01T17:30:00.000Z,57.36
2026-01-01T17:45:00.000Z,53.82
2026-01-01T18:00:00.000Z,60.00
2026-01-01T18:15:00.000Z,54.11
2026-01-01T18:30:00.000Z,55.00
2026-01-01T18:45:00.000Z,54.59
2026-01-01T19:00:00.000Z,55.61
2026-01-01T19:15:00.000Z,55.06
2026-01-01T19:30:00.000Z,53.13
2026-01-01T19:45:00.000Z,51.83
2026-01-01T20:00:00.000Z,53.14
2026-01-01T20:15:00.000Z,51.78
2026-01-01T20:30:00.000Z,49.83
2026-01-01T20:45:00.000Z,47.76
2026-01-01T21:00:00.000Z,48.24
2026-01-01T21:15:00.000Z,47.38
2026-01-01T21:30:00.000Z,44.36
2026-01-01T21:45:00.000Z,41.62
2026-01-01T22:00:00.000Z,39.90
2026-01-01T22:15:00.000Z,39.44
2026-01-01T22:30:00.000Z,39.52
2026-01-01T22:45:00.000Z,39.80
2026-01-01T23:00:00.000Z,48.66
2026-01-01T23:15:00.000Z,48.34
2026-01-01T23:30:00.000Z,48.01
2026-01-01T23:45:00.000Z,44.81
2026-01-02T00:00:00.000Z,45.63
2026-01-02T00:15:00.000Z,44.68
2026-01-02T00:30:00.000Z,43.71
2026-01-02T00:45:00.000Z,43.19
2026-01-02T01:00:00.000Z,43.62
2026-01-02T01:15:00.000Z,43.14
2026-01-02T01:30:00.000Z,41.43
2026-01-02T01:45:00.000Z,40.89
2026-01-02T02:00:00.000Z,39.63
2026-01-02T02:15:00.000Z,39.38
2026-01-02T02:30:00.000Z,39.16
2026-01-02T02:45:00.000Z,38.99
2026-01-02T03:00:00.000Z,39.23
2026-01-02T03:15:00.000Z,39.20
2026-01-02T03:30:00.000Z,39.60
2026-01-02T03:45:00.000Z,40.93
2026-01-02T04:00:00.000Z,39.97
2026-01-02T04:15:00.000Z,42.70
2026-01-02T04:30:00.000Z,43.61
2026-01-02T04:45:00.000Z,49.53
2026-01-02T05:00:00.000Z,44.61
2026-01-02T05:15:00.000Z,50.85
2026-01-02T05:30:00.000Z,55.04
2026-01-02T05:45:00.000Z,61.08
2026-01-02T06:00:00.000Z,58.15
2026-01-02T06:15:00.000Z,59.69
2026-01-02T06:30:00.000Z,61.18
2026-01-02T06:45:00.000Z,62.03
2026-01-02T07:00:00.000Z,61.63
2026-01-02T07:15:00.000Z,61.80
2026-01-02T07:30:00.000Z,60.29
2026-01-02T07:45:00.000Z,59.90
2026-01-02T08:00:00.000Z,59.68
2026-01-02T08:15:00.000Z,59.99
2026-01-02T08:30:00.000Z,58.29
2026-01-02T08:45:00.000Z,58.49
2026-01-02T09:00:00.000Z,58.59
2026-01-02T09:15:00.000Z,58.35
2026-01-02T09:30:00.000Z,57.51
2026-01-02T09:45:00.000Z,56.50
2026-01-02T10:00:00.000Z,56.37
2026-01-02T10:15:00.000Z,56.86
2026-01-02T10:30:00.000Z,56.92
2026-01-02T10:45:00.000Z,58.02
2026-01-02T11:00:00.000Z,65.93
2026-01-02T11:15:00.000Z,65.58
2026-01-02T11:30:00.000Z,65.76
2026-01-02T11:45:00.000Z,66.27
2026-01-02T12:00:00.000Z,59.09
2026-01-02T12:15:00.000Z,60.52
2026-01-02T12:30:00.000Z,60.58
2026-01-02T12:45:00.000Z,60.84
2026-01-02T13:00:00.000Z,63.55
2026-01-02T13:15:00.000Z,60.92
2026-01-02T13:30:00.000Z,61.92
2026-01-02T13:45:00.000Z,60.27
2026-01-02T14:00:00.000Z,65.38
2026-01-02T14:15:00.000Z,62.87
2026-01-02T14:30:00.000Z,62.18
2026-01-02T14:45:00.000Z,60.52
2026-01-02T15:00:00.000Z,64.32
2026-01-02T15:15:00.000Z,61.76
2026-01-02T15:30:00.000Z,60.32
2026-01-02T15:45:00.000Z,62.99
2026-01-02T16:00:00.000Z,64.73
2026-01-02T16:15:00.000Z,64.87
2026-01-02T16:30:00.000Z,64.93
2026-01-02T16:45:00.000Z,66.39
2026-01-02T17:00:00.000Z,62.69
2026-01-02T17:15:00.000Z,63.67
2026-01-02T17:30:00.000Z,64.20
2026-01-02T17:45:00.000Z,64.52
2026-01-02T18:00:00.000Z,63.92
2026-01-02T18:15:00.000Z,64.15
2026-01-02T18:30:00.000Z,62.45
2026-01-02T18:45:00.000Z,61.53
2026-01-02T19:00:00.000Z,62.44
2026-01-02T19:15:00.000Z,64.43
2026-01-02T19:30:00.000Z,63.30
2026-01-02T19:45:00.000Z,62.37
2026-01-02T20:00:00.000Z,62.73
2026-01-02T20:15:00.000Z,62.26
2026-01-02T20:30:00.000Z,63.33
2026-01-02T20:45:00.000Z,67.57
2026-01-02T21:00:00.000Z,72.53
2026-01-02T21:15:00.000Z,77.05
2026-01-02T21:30:00.000Z,76.08
2026-01-02T21:45:00.000Z,75.84
2026-01-02T22:00:00.000Z,86.53
2026-01-02T22:15:00.000Z,86.06
2026-01-02T22:30:00.000Z,86.26
2026-01-02T22:45:00.000Z,75.01
2026-01-02T23:00:00.000Z,86.86
2026-01-02T23:15:00.000Z,85.53
2026-01-02T23:30:00.000Z,83.81
2026-01-02T23:45:00.000Z,82.90
2026-01-03T00:00:00.000Z,84.19
2026-01-03T00:15:00.000Z,83.18
2026-01-03T00:30:00.000Z,83.09
2026-01-03T00:45:00.000Z,82.98
2026-01-03T01:00:00.000Z,83.31
2026-01-03T01:15:00.000Z,82.75
2026-01-03T01:30:00.000Z,82.12
2026-01-03T01:45:00.000Z,81.93
2026-01-03T02:00:00.000Z,78.16
2026-01-03T02:15:00.000Z,79.28
2026-01-03T02:30:00.000Z,81.42
2026-01-03T02:45:00.000Z,80.81
2026-01-03T03:00:00.000Z,70.83
2026-01-03T03:15:00.000Z,73.58
2026-01-03T03:30:00.000Z,73.83
2026-01-03T03:45:00.000Z,73.26
2026-01-03T04:00:00.000Z,72.90
2026-01-03T04:15:00.000Z,73.63
2026-01-03T04:30:00.000Z,75.30
2026-01-03T04:45:00.000Z,75.73
2026-01-03T05:00:00.000Z,78.73
2026-01-03T05:15:00.000Z,80.09
2026-01-03T05:30:00.000Z,81.57
2026-01-03T05:45:00.000Z,83.16
2026-01-03T06:00:00.000Z,83.50
2026-01-03T06:15:00.000Z,81.70
2026-01-03T06:30:00.000Z,83.52
2026-01-03T06:45:00.000Z,85.43
2026-01-03T07:00:00.000Z,90.81
2026-01-03T07:15:00.000Z,91.38
2026-01-03T07:30:00.000Z,91.83
2026-01-03T07:45:00.000Z,92.07
2026-01-03T08:00:00.000Z,95.05
2026-01-03T08:15:00.000Z,87.06
2026-01-03T08:30:00.000Z,82.90
2026-01-03T08:45:00.000Z,86.62
2026-01-03T09:00:00.000Z,83.22
2026-01-03T09:15:00.000Z,81.25
2026-01-03T09:30:00.000Z,79.59
2026-01-03T09:45:00.000Z,81.54
2026-01-03T10:00:00.000Z,83.75
2026-01-03T10:15:00.000Z,81.24
2026-01-03T10:30:00.000Z,78.91
2026-01-03T10:45:00.000Z,83.36
2026-01-03T11:00:00.000Z,77.85
2026-01-03T11:15:00.000Z,78.57
2026-01-03T11:30:00.000Z,83.60
2026-01-03T11:45:00.000Z,84.86
2026-01-03T12:00:00.000Z,76.42
2026-01-03T12:15:00.000Z,78.00
2026-01-03T12:30:00.000Z,81.86
2026-01-03T12:45:00.000Z,86.23
2026-01-03T13:00:00.000Z,79.93
2026-01-03T13:15:00.000Z,79.05
2026-01-03T13:30:00.000Z,83.78
2026-01-03T13:45:00.000Z,91.83
2026-01-03T14:00:00.000Z,79.19
2026-01-03T14:15:00.000Z,81.61
2026-01-03T14:30:00.000Z,88.38
2026-01-03T14:45:00.000Z,92.98
2026-01-03T15:00:00.000Z,82.20
2026-01-03T15:15:00.000Z,85.89
2026-01-03T15:30:00.000Z,88.95
2026-01-03T15:45:00.000Z,98.55
2026-01-03T16:00:00.000Z,89.61
2026-01-03T16:15:00.000Z,92.71
2026-01-03T16:30:00.000Z,95.65
2026-01-03T16:45:00.000Z,102.22
2026-01-03T17:00:00.000Z,94.08
2026-01-03T17:15:00.000Z,94.43
2026-01-03T17:30:00.000Z,96.09
2026-01-03T17:45:00.000Z,100.21
2026-01-03T18:00:00.000Z,97.40
2026-01-03T18:15:00.000Z,99.53
2026-01-03T18:30:00.000Z,91.90
2026-01-03T18:45:00.000Z,86.93
2026-01-03T19:00:00.000Z,89.96
2026-01-03T19:15:00.000Z,87.58
2026-01-03T19:30:00.000Z,86.04
2026-01-03T19:45:00.000Z,83.07
2026-01-03T20:00:00.000Z,83.91
2026-01-03T20:15:00.000Z,84.28
2026-01-03T20:30:00.000Z,83.90
2026-01-03T20:45:00.000Z,83.08
2026-01-03T21:00:00.000Z,90.95
2026-01-03T21:15:00.000Z,84.86
2026-01-03T21:30:00.000Z,81.69
2026-01-03T21:45:00.000Z,76.56
2026-01-03T22:00:00.000Z,88.30
2026-01-03T22:15:00.000Z,83.95
2026-01-03T22:30:00.000Z,81.96
2026-01-03T22:45:00.000Z,81.29
2026-01-03T23:00:00.000Z,83.00
2026-01-03T23:15:00.000Z,86.15
2026-01-03T23:30:00.000Z,85.06
2026-01-03T23:45:00.000Z,81.74
2026-01-04T00:00:00.000Z,84.74
2026-01-04T00:15:00.000Z,82.78
2026-01-04T00:30:00.000Z,81.63
2026-01-04T00:45:00.000Z,81.49
2026-01-04T01:00:00.000Z,84.26
2026-01-04T01:15:00.000Z,82.22
2026-01-04T01:30:00.000Z,81.58
2026-01-04T01:45:00.000Z,81.40
2026-01-04T02:00:00.000Z,81.98
2026-01-04T02:15:00.000Z,81.27
2026-01-04T02:30:00.000Z,80.84
2026-01-04T02:45:00.000Z,80.48
2026-01-04T03:00:00.000Z,80.04
2026-01-04T03:15:00.000Z,79.97
2026-01-04T03:30:00.000Z,80.02
2026-01-04T03:45:00.000Z,80.46
2026-01-04T04:00:00.000Z,80.06
2026-01-04T04:15:00.000Z,80.64
2026-01-04T04:30:00.000Z,81.37
2026-01-04T04:45:00.000Z,81.33
2026-01-04T05:00:00.000Z,80.31
2026-01-04T05:15:00.000Z,81.22
2026-01-04T05:30:00.000Z,81.10
2026-01-04T05:45:00.000Z,82.16
2026-01-04T06:00:00.000Z,81.85
2026-01-04T06:15:00.000Z,82.03
2026-01-04T06:30:00.000Z,84.38
2026-01-04T06:45:00.000Z,87.31
2026-01-04T07:00:00.000Z,84.18
2026-01-04T07:15:00.000Z,85.00
2026-01-04T07:30:00.000Z,86.28
2026-01-04T07:45:00.000Z,86.99
2026-01-04T08:00:00.000Z,91.11
2026-01-04T08:15:00.000Z,93.02
2026-01-04T08:30:00.000Z,93.59
2026-01-04T08:45:00.000Z,88.54
2026-01-04T09:00:00.000Z,101.70
2026-01-04T09:15:00.000Z,97.19
2026-01-04T09:30:00.000Z,90.92
2026-01-04T09:45:00.000Z,86.97
2026-01-04T10:00:00.000Z,93.85
2026-01-04T10:15:00.000Z,89.99
2026-01-04T10:30:00.000Z,89.96
2026-01-04T10:45:00.000Z,89.71
2026-01-04T11:00:00.000Z,91.30
2026-01-04T11:15:00.000Z,89.70
2026-01-04T11:30:00.000Z,89.94
2026-01-04T11:45:00.000Z,87.23
2026-01-04T12:00:00.000Z,86.20
2026-01-04T12:15:00.000Z,85.27
2026-01-04T12:30:00.000Z,86.19
2026-01-04T12:45:00.000Z,89.45
2026-01-04T13:00:00.000Z,83.50
2026-01-04T13:15:00.000Z,89.51
2026-01-04T13:30:00.000Z,95.82
2026-01-04T13:45:00.000Z,101.56
2026-01-04T14:00:00.000Z,84.05
2026-01-04T14:15:00.000Z,90.64
2026-01-04T14:30:00.000Z,95.92
2026-01-04T14:45:00.000Z,101.81
2026-01-04T15:00:00.000Z,88.29
2026-01-04T15:15:00.000Z,99.11
2026-01-04T15:30:00.000Z,103.43
2026-01-04T15:45:00.000Z,112.07
2026-01-04T16:00:00.000Z,113.77
2026-01-04T16:15:00.000Z,118.80
2026-01-04T16:30:00.000Z,117.29
2026-01-04T16:45:00.000Z,122.95
2026-01-04T17:00:00.000Z,121.01
2026-01-04T17:15:00.000Z,120.93
2026-01-04T17:30:00.000Z,118.89
2026-01-04T17:45:00.000Z,122.30
2026-01-04T18:00:00.000Z,123.50
2026-01-04T18:15:00.000Z,120.92
2026-01-04T18:30:00.000Z,119.38
2026-01-04T18:45:00.000Z,115.06
2026-01-04T19:00:00.000Z,121.30
2026-01-04T19:15:00.000Z,115.33
2026-01-04T19:30:00.000Z,110.00
2026-01-04T19:45:00.000Z,103.17
2026-01-04T20:00:00.000Z,106.18
2026-01-04T20:15:00.000Z,100.84
2026-01-04T20:30:00.000Z,97.46
2026-01-04T20:45:00.000Z,92.53
2026-01-04T21:00:00.000Z,97.19
2026-01-04T21:15:00.000Z,94.45
2026-01-04T21:30:00.000Z,95.33
2026-01-04T21:45:00.000Z,88.38
2026-01-04T22:00:00.000Z,95.10
2026-01-04T22:15:00.000Z,87.38
2026-01-04T22:30:00.000Z,84.91
2026-01-04T22:45:00.000Z,83.03
2026-01-04T23:00:00.000Z,97.92
2026-01-04T23:15:00.000Z,89.20
2026-01-04T23:30:00.000Z,85.52
2026-01-04T23:45:00.000Z,81.24
2026-01-05T00:00:00.000Z,90.59
2026-01-05T00:15:00.000Z,87.67
2026-01-05T00:30:00.000Z,84.53
2026-01-05T00:45:00.000Z,83.55
2026-01-05T01:00:00.000Z,84.78
2026-01-05T01:15:00.000Z,84.23
2026-01-05T01:30:00.000Z,84.59
2026-01-05T01:45:00.000Z,82.99
2026-01-05T02:00:00.000Z,83.88
2026-01-05T02:15:00.000Z,83.82
2026-01-05T02:30:00.000Z,83.60
2026-01-05T02:45:00.000Z,84.94
2026-01-05T03:00:00.000Z,83.11
2026-01-05T03:15:00.000Z,83.66
2026-01-05T03:30:00.000Z,83.86
2026-01-05T03:45:00.000Z,85.09
2026-01-05T04:00:00.000Z,84.16
2026-01-05T04:15:00.000Z,83.97
2026-01-05T04:30:00.000Z,84.36
2026-01-05T04:45:00.000Z,92.63
2026-01-05T05:00:00.000Z,86.07
2026-01-05T05:15:00.000Z,103.60
2026-01-05T05:30:00.000Z,113.12
2026-01-05T05:45:00.000Z,121.46
2026-01-05T06:00:00.000Z,114.23
2026-01-05T06:15:00.000Z,120.65
2026-01-05T06:30:00.000Z,132.66
2026-01-05T06:45:00.000Z,148.35
2026-01-05T07:00:00.000Z,145.35
2026-01-05T07:15:00.000Z,156.17
2026-01-05T07:30:00.000Z,148.65
2026-01-05T07:45:00.000Z,153.56
2026-01-05T08:00:00.000Z,162.71
2026-01-05T08:15:00.000Z,161.16
2026-01-05T08:30:00.000Z,146.93
2026-01-05T08:45:00.000Z,136.63
2026-01-05T09:00:00.000Z,162.13
2026-01-05T09:15:00.000Z,146.20
2026-01-05T09:30:00.000Z,139.98
2026-01-05T09:45:00.000Z,134.38
2026-01-05T10:00:00.000Z,142.90
2026-01-05T10:15:00.000Z,139.25
2026-01-05T10:30:00.000Z,138.90
2026-01-05T10:45:00.000Z,136.86
2026-01-05T11:00:00.000Z,137.35
2026-01-05T11:15:00.000Z,135.81
2026-01-05T11:30:00.000Z,136.71
2026-01-05T11:45:00.000Z,138.97
2026-01-05T12:00:00.000Z,134.38
2026-01-05T12:15:00.000Z,135.93
2026-01-05T12:30:00.000Z,148.39
2026-01-05T12:45:00.000Z,149.04
2026-01-05T13:00:00.000Z,140.00
2026-01-05T13:15:00.000Z,148.57
2026-01-05T13:30:00.000Z,156.43
2026-01-05T13:45:00.000Z,185.25
2026-01-05T14:00:00.000Z,161.10
2026-01-05T14:15:00.000Z,190.10
2026-01-05T14:30:00.000Z,204.17
2026-01-05T14:45:00.000Z,231.42
2026-01-05T15:00:00.000Z,192.82
2026-01-05T15:15:00.000Z,209.15
2026-01-05T15:30:00.000Z,238.74
2026-01-05T15:45:00.000Z,239.53
2026-01-05T16:00:00.000Z,200.00
2026-01-05T16:15:00.000Z,213.27
2026-01-05T16:30:00.000Z,250.58
2026-01-05T16:45:00.000Z,249.35
2026-01-05T17:00:00.000Z,225.01
2026-01-05T17:15:00.000Z,222.01
2026-01-05T17:30:00.000Z,222.72
2026-01-05T17:45:00.000Z,205.94
2026-01-05T18:00:00.000Z,220.04
2026-01-05T18:15:00.000Z,206.98
2026-01-05T18:30:00.000Z,160.48
2026-01-05T18:45:00.000Z,137.83
2026-01-05T19:00:00.000Z,170.95
2026-01-05T19:15:00.000Z,146.44
2026-01-05T19:30:00.000Z,137.81
2026-01-05T19:45:00.000Z,131.78
2026-01-05T20:00:00.000Z,137.52
2026-01-05T20:15:00.000Z,134.76
2026-01-05T20:30:00.000Z,125.50
2026-01-05T20:45:00.000Z,117.56
2026-01-05T21:00:00.000Z,128.42
2026-01-05T21:15:00.000Z,122.22
2026-01-05T21:30:00.000Z,123.91
2026-01-05T21:45:00.000Z,119.77
2026-01-05T22:00:00.000Z,119.28
2026-01-05T22:15:00.000Z,112.18
2026-01-05T22:30:00.000Z,107.04
2026-01-05T22:45:00.000Z,105.02
2026-01-05T23:00:00.000Z,104.84
2026-01-05T23:15:00.000Z,104.42
2026-01-05T23:30:00.000Z,99.14
2026-01-05T23:45:00.000Z,94.09
2026-01-06T00:00:00.000Z,107.21
2026-01-06T00:15:00.000Z,104.80
2026-01-06T00:30:00.000Z,100.60
2026-01-06T00:45:00.000Z,97.98
2026-01-06T01:00:00.000Z,103.33
2026-01-06T01:15:00.000Z,99.77
2026-01-06T01:30:00.000Z,99.85
2026-01-06T01:45:00.000Z,99.11
2026-01-06T02:00:00.000Z,98.89
2026-01-06T02:15:00.000Z,97.77
2026-01-06T02:30:00.000Z,97.44
2026-01-06T02:45:00.000Z,96.33
2026-01-06T03:00:00.000Z,96.87
2026-01-06T03:15:00.000Z,97.48
2026-01-06T03:30:00.000Z,101.32
2026-01-06T03:45:00.000Z,102.81
2026-01-06T04:00:00.000Z,99.38
2026-01-06T04:15:00.000Z,101.30
2026-01-06T04:30:00.000Z,109.67
2026-01-06T04:45:00.000Z,113.43
2026-01-06T05:00:00.000Z,108.91
2026-01-06T05:15:00.000Z,116.52
2026-01-06T05:30:00.000Z,120.20
2026-01-06T05:45:00.000Z,132.56
2026-01-06T06:00:00.000Z,120.45
2026-01-06T06:15:00.000Z,136.52
2026-01-06T06:30:00.000Z,145.95
2026-01-06T06:45:00.000Z,146.68
2026-01-06T07:00:00.000Z,151.99
2026-01-06T07:15:00.000Z,167.05
2026-01-06T07:30:00.000Z,169.29
2026-01-06T07:45:00.000Z,163.96
2026-01-06T08:00:00.000Z,187.69
2026-01-06T08:15:00.000Z,168.27
2026-01-06T08:30:00.000Z,164.68
2026-01-06T08:45:00.000Z,149.27
2026-01-06T09:00:00.000Z,175.37
2026-01-06T09:15:00.000Z,148.72
2026-01-06T09:30:00.000Z,149.72
2026-01-06T09:45:00.000Z,142.10
2026-01-06T10:00:00.000Z,161.33
2026-01-06T10:15:00.000Z,148.17
2026-01-06T10:30:00.000Z,142.68
2026-01-06T10:45:00.000Z,135.76
2026-01-06T11:00:00.000Z,143.55
2026-01-06T11:15:00.000Z,137.47
2026-01-06T11:30:00.000Z,131.44
2026-01-06T11:45:00.000Z,129.64
2026-01-06T12:00:00.000Z,133.42
2026-01-06T12:15:00.000Z,131.04
2026-01-06T12:30:00.000Z,127.47
2026-01-06T12:45:00.000Z,127.87
2026-01-06T13:00:00.000Z,125.89
2026-01-06T13:15:00.000Z,129.74
2026-01-06T13:30:00.000Z,128.80
2026-01-06T13:45:00.000Z,134.47
2026-01-06T14:00:00.000Z,126.53
2026-01-06T14:15:00.000Z,133.76
2026-01-06T14:30:00.000Z,138.00
2026-01-06T14:45:00.000Z,148.23
2026-01-06T15:00:00.000Z,129.87
2026-01-06T15:15:00.000Z,143.77
2026-01-06T15:30:00.000Z,149.06
2026-01-06T15:45:00.000Z,156.81
2026-01-06T16:00:00.000Z,121.69
2026-01-06T16:15:00.000Z,120.88
2026-01-06T16:30:00.000Z,127.35
2026-01-06T16:45:00.000Z,120.69
2026-01-06T17:00:00.000Z,119.94
2026-01-06T17:15:00.000Z,98.76
2026-01-06T17:30:00.000Z,95.12
2026-01-06T17:45:00.000Z,83.66
2026-01-06T18:00:00.000Z,104.58
2026-01-06T18:15:00.000Z,96.18
2026-01-06T18:30:00.000Z,86.53
2026-01-06T18:45:00.000Z,82.59
2026-01-06T19:00:00.000Z,100.59
2026-01-06T19:15:00.000Z,85.17
2026-01-06T19:30:00.000Z,80.39
2026-01-06T19:45:00.000Z,72.12
2026-01-06T20:00:00.000Z,80.40
2026-01-06T20:15:00.000Z,71.60
2026-01-06T20:30:00.000Z,68.29
2026-01-06T20:45:00.000Z,66.08
2026-01-06T21:00:00.000Z,65.49
2026-01-06T21:15:00.000Z,64.61
2026-01-06T21:30:00.000Z,60.80
2026-01-06T21:45:00.000Z,58.96
2026-01-06T22:00:00.000Z,59.17
2026-01-06T22:15:00.000Z,56.88
2026-01-06T22:30:00.000Z,56.15
2026-01-06T22:45:00.000Z,55.69
2026-01-06T23:00:00.000Z,58.34
2026-01-06T23:15:00.000Z,57.66
2026-01-06T23:30:00.000Z,53.44
2026-01-06T23:45:00.000Z,51.67
2026-01-07T00:00:00.000Z,54.10
2026-01-07T00:15:00.000Z,53.35
2026-01-07T00:30:00.000Z,52.23
2026-01-07T00:45:00.000Z,52.07
2026-01-07T01:00:00.000Z,52.97
2026-01-07T01:15:00.000Z,53.64
2026-01-07T01:30:00.000Z,53.97
2026-01-07T01:45:00.000Z,53.79
2026-01-07T02:00:00.000Z,50.13
2026-01-07T02:15:00.000Z,49.69
2026-01-07T02:30:00.000Z,49.54
2026-01-07T02:45:00.000Z,49.45
2026-01-07T03:00:00.000Z,49.51
2026-01-07T03:15:00.000Z,49.59
2026-01-07T03:30:00.000Z,49.51
2026-01-07T03:45:00.000Z,49.34
2026-01-07T04:00:00.000Z,48.08
2026-01-07T04:15:00.000Z,48.81
2026-01-07T04:30:00.000Z,49.55
2026-01-07T04:45:00.000Z,50.12
2026-01-07T05:00:00.000Z,51.28
2026-01-07T05:15:00.000Z,53.39
2026-01-07T05:30:00.000Z,57.48
2026-01-07T05:45:00.000Z,58.42
2026-01-07T06:00:00.000Z,54.60
2026-01-07T06:15:00.000Z,59.90
2026-01-07T06:30:00.000Z,61.17
2026-01-07T06:45:00.000Z,62.02
2026-01-07T07:00:00.000Z,64.14
2026-01-07T07:15:00.000Z,64.85
2026-01-07T07:30:00.000Z,67.75
2026-01-07T07:45:00.000Z,65.98
2026-01-07T08:00:00.000Z,66.90
2026-01-07T08:15:00.000Z,67.54
2026-01-07T08:30:00.000Z,68.79
2026-01-07T08:45:00.000Z,65.21
2026-01-07T09:00:00.000Z,70.72
2026-01-07T09:15:00.000Z,68.45
2026-01-07T09:30:00.000Z,68.15
2026-01-07T09:45:00.000Z,66.75
2026-01-07T10:00:00.000Z,72.92
2026-01-07T10:15:00.000Z,70.76
2026-01-07T10:30:00.000Z,69.87
2026-01-07T10:45:00.000Z,71.42
2026-01-07T11:00:00.000Z,70.98
2026-01-07T11:15:00.000Z,70.09
2026-01-07T11:30:00.000Z,70.47
2026-01-07T11:45:00.000Z,67.92
2026-01-07T12:00:00.000Z,73.41
2026-01-07T12:15:00.000Z,73.10
2026-01-07T12:30:00.000Z,70.83
2026-01-07T12:45:00.000Z,71.88
2026-01-07T13:00:00.000Z,67.35
2026-01-07T13:15:00.000Z,69.55
2026-01-07T13:30:00.000Z,70.25
2026-01-07T13:45:00.000Z,75.37
2026-01-07T14:00:00.000Z,67.02
2026-01-07T14:15:00.000Z,67.35
2026-01-07T14:30:00.000Z,68.17
2026-01-07T14:45:00.000Z,68.96
2026-01-07T15:00:00.000Z,68.96
2026-01-07T15:15:00.000Z,68.96
2026-01-07T15:30:00.000Z,66.39
2026-01-07T15:45:00.000Z,67.57
2026-01-07T16:00:00.000Z,73.74
2026-01-07T16:15:00.000Z,74.67
2026-01-07T16:30:00.000Z,78.02
2026-01-07T16:45:00.000Z,78.57
2026-01-07T17:00:00.000Z,76.85
2026-01-07T17:15:00.000Z,76.36
2026-01-07T17:30:00.000Z,75.73
2026-01-07T17:45:00.000Z,74.33
2026-01-07T18:00:00.000Z,73.17
2026-01-07T18:15:00.000Z,74.46
2026-01-07T18:30:00.000Z,71.49
2026-01-07T18:45:00.000Z,69.37
2026-01-07T19:00:00.000Z,67.39
2026-01-07T19:15:00.000Z,67.98
2026-01-07T19:30:00.000Z,60.22
2026-01-07T19:45:00.000Z,59.39
2026-01-07T20:00:00.000Z,63.71
2026-01-07T20:15:00.000Z,62.72
2026-01-07T20:30:00.000Z,58.96
2026-01-07T20:45:00.000Z,55.88
2026-01-07T21:00:00.000Z,59.54
2026-01-07T21:15:00.000Z,58.36
2026-01-07T21:30:00.000Z,55.66
2026-01-07T21:45:00.000Z,52.48
2026-01-07T22:00:00.000Z,58.98
2026-01-07T22:15:00.000Z,58.05
2026-01-07T22:30:00.000Z,53.44
2026-01-07T22:45:00.000Z,52.44
2026-01-07T23:00:00.000Z,59.13
2026-01-07T23:15:00.000Z,56.61
2026-01-07T23:30:00.000Z,52.77
2026-01-07T23:45:00.000Z,51.50
2026-01-08T00:00:00.000Z,53.57
2026-01-08T00:15:00.000Z,51.27
2026-01-08T00:30:00.000Z,50.26
2026-01-08T00:45:00.000Z,49.56
2026-01-08T01:00:00.000Z,49.87
2026-01-08T01:15:00.000Z,48.84
2026-01-08T01:30:00.000Z,48.73
2026-01-08T01:45:00.000Z,48.34
2026-01-08T02:00:00.000Z,53.89
2026-01-08T02:15:00.000Z,52.14
2026-01-08T02:30:00.000Z,50.81
2026-01-08T02:45:00.000Z,50.37
2026-01-08T03:00:00.000Z,53.27
2026-01-08T03:15:00.000Z,49.64
2026-01-08T03:30:00.000Z,45.90
2026-01-08T03:45:00.000Z,46.12
2026-01-08T04:00:00.000Z,43.89
2026-01-08T04:15:00.000Z,44.67
2026-01-08T04:30:00.000Z,45.84
2026-01-08T04:45:00.000Z,46.71
2026-01-08T05:00:00.000Z,44.76
2026-01-08T05:15:00.000Z,47.16
2026-01-08T05:30:00.000Z,53.11
2026-01-08T05:45:00.000Z,57.64
2026-01-08T06:00:00.000Z,52.91
2026-01-08T06:15:00.000Z,55.87
2026-01-08T06:30:00.000Z,64.93
2026-01-08T06:45:00.000Z,82.17
2026-01-08T07:00:00.000Z,81.01
2026-01-08T07:15:00.000Z,80.50
2026-01-08T07:30:00.000Z,80.43
2026-01-08T07:45:00.000Z,81.86
2026-01-08T08:00:00.000Z,91.77
2026-01-08T08:15:00.000Z,95.83
2026-01-08T08:30:00.000Z,106.59
2026-01-08T08:45:00.000Z,95.05
2026-01-08T09:00:00.000Z,108.48
2026-01-08T09:15:00.000Z,116.38
2026-01-08T09:30:00.000Z,106.97
2026-01-08T09:45:00.000Z,107.65
2026-01-08T10:00:00.000Z,119.15
2026-01-08T10:15:00.000Z,109.91
2026-01-08T10:30:00.000Z,114.83
2026-01-08T10:45:00.000Z,114.06
2026-01-08T11:00:00.000Z,114.38
2026-01-08T11:15:00.000Z,114.45
2026-01-08T11:30:00.000Z,114.99
2026-01-08T11:45:00.000Z,122.63
2026-01-08T12:00:00.000Z,112.90
2026-01-08T12:15:00.000Z,122.24
2026-01-08T12:30:00.000Z,125.04
2026-01-08T12:45:00.000Z,128.72
2026-01-08T13:00:00.000Z,116.18
2026-01-08T13:15:00.000Z,134.03
2026-01-08T13:30:00.000Z,162.83
2026-01-08T13:45:00.000Z,165.20
2026-01-08T14:00:00.000Z,150.12
2026-01-08T14:15:00.000Z,160.34
2026-01-08T14:30:00.000Z,155.11
2026-01-08T14:45:00.000Z,157.85
2026-01-08T15:00:00.000Z,121.59
2026-01-08T15:15:00.000Z,140.53
2026-01-08T15:30:00.000Z,150.33
2026-01-08T15:45:00.000Z,167.28
2026-01-08T16:00:00.000Z,144.44
2026-01-08T16:15:00.000Z,137.99
2026-01-08T16:30:00.000Z,119.79
2026-01-08T16:45:00.000Z,109.96
2026-01-08T17:00:00.000Z,147.41
2026-01-08T17:15:00.000Z,109.56
2026-01-08T17:30:00.000Z,99.92
2026-01-08T17:45:00.000Z,81.44
2026-01-08T18:00:00.000Z,99.70
2026-01-08T18:15:00.000Z,94.78
2026-01-08T18:30:00.000Z,64.05
2026-01-08T18:45:00.000Z,55.36
2026-01-08T19:00:00.000Z,71.83
2026-01-08T19:15:00.000Z,59.33
2026-01-08T19:30:00.000Z,54.26
2026-01-08T19:45:00.000Z,54.12
2026-01-08T20:00:00.000Z,57.60
2026-01-08T20:15:00.000Z,56.22
2026-01-08T20:30:00.000Z,54.23
2026-01-08T20:45:00.000Z,53.81
2026-01-08T21:00:00.000Z,57.32
2026-01-08T21:15:00.000Z,53.26
2026-01-08T21:30:00.000Z,50.85
2026-01-08T21:45:00.000Z,50.46
2026-01-08T22:00:00.000Z,50.77
2026-01-08T22:15:00.000Z,49.65
2026-01-08T22:30:00.000Z,50.69
2026-01-08T22:45:00.000Z,52.21
2026-01-08T23:00:00.000Z,70.11
2026-01-08T23:15:00.000Z,74.09
2026-01-08T23:30:00.000Z,82.97
2026-01-08T23:45:00.000Z,81.46
2026-01-09T00:00:00.000Z,80.27
2026-01-09T00:15:00.000Z,82.44
2026-01-09T00:30:00.000Z,80.96
2026-01-09T00:45:00.000Z,76.92
2026-01-09T01:00:00.000Z,77.63
2026-01-09T01:15:00.000Z,74.22
2026-01-09T01:30:00.000Z,72.25
2026-01-09T01:45:00.000Z,70.67
2026-01-09T02:00:00.000Z,69.05
2026-01-09T02:15:00.000Z,67.23
2026-01-09T02:30:00.000Z,66.75
2026-01-09T02:45:00.000Z,65.09
2026-01-09T03:00:00.000Z,64.22
2026-01-09T03:15:00.000Z,64.24
2026-01-09T03:30:00.000Z,65.30
2026-01-09T03:45:00.000Z,66.74
2026-01-09T04:00:00.000Z,70.01
2026-01-09T04:15:00.000Z,72.01
2026-01-09T04:30:00.000Z,75.30
2026-01-09T04:45:00.000Z,77.91
2026-01-09T05:00:00.000Z,79.89
2026-01-09T05:15:00.000Z,83.85
2026-01-09T05:30:00.000Z,84.62
2026-01-09T05:45:00.000Z,84.71
2026-01-09T06:00:00.000Z,87.44
2026-01-09T06:15:00.000Z,86.24
2026-01-09T06:30:00.000Z,87.88
2026-01-09T06:45:00.000Z,95.90
2026-01-09T07:00:00.000Z,96.15
2026-01-09T07:15:00.000Z,100.48
2026-01-09T07:30:00.000Z,99.34
2026-01-09T07:45:00.000Z,96.12
2026-01-09T08:00:00.000Z,91.44
2026-01-09T08:15:00.000Z,89.49
2026-01-09T08:30:00.000Z,87.06
2026-01-09T08:45:00.000Z,90.00
2026-01-09T09:00:00.000Z,93.61
2026-01-09T09:15:00.000Z,89.69
2026-01-09T09:30:00.000Z,99.05
2026-01-09T09:45:00.000Z,93.87
2026-01-09T10:00:00.000Z,89.13
2026-01-09T10:15:00.000Z,87.38
2026-01-09T10:30:00.000Z,88.38
2026-01-09T10:45:00.000Z,85.70
2026-01-09T11:00:00.000Z,90.01
2026-01-09T11:15:00.000Z,85.87
2026-01-09T11:30:00.000Z,86.23
2026-01-09T11:45:00.000Z,86.39
2026-01-09T12:00:00.000Z,85.14
2026-01-09T12:15:00.000Z,85.00
2026-01-09T12:30:00.000Z,85.33
2026-01-09T12:45:00.000Z,85.27
2026-01-09T13:00:00.000Z,84.41
2026-01-09T13:15:00.000Z,84.57
2026-01-09T13:30:00.000Z,84.52
2026-01-09T13:45:00.000Z,84.97
2026-01-09T14:00:00.000Z,84.42
2026-01-09T14:15:00.000Z,85.08
2026-01-09T14:30:00.000Z,84.77
2026-01-09T14:45:00.000Z,89.47
2026-01-09T15:00:00.000Z,84.60
2026-01-09T15:15:00.000Z,85.86
2026-01-09T15:30:00.000Z,91.22
2026-01-09T15:45:00.000Z,90.15
2026-01-09T16:00:00.000Z,92.91
2026-01-09T16:15:00.000Z,92.92
2026-01-09T16:30:00.000Z,91.17
2026-01-09T16:45:00.000Z,93.55
2026-01-09T17:00:00.000Z,89.45
2026-01-09T17:15:00.000Z,91.47
2026-01-09T17:30:00.000Z,91.72
2026-01-09T17:45:00.000Z,87.11
2026-01-09T18:00:00.000Z,87.72
2026-01-09T18:15:00.000Z,84.95
2026-01-09T18:30:00.000Z,84.67
2026-01-09T18:45:00.000Z,84.56
2026-01-09T19:00:00.000Z,84.18
2026-01-09T19:15:00.000Z,82.87
2026-01-09T19:30:00.000Z,82.22
2026-01-09T19:45:00.000Z,82.73
2026-01-09T20:00:00.000Z,84.30
2026-01-09T20:15:00.000Z,84.34
2026-01-09T20:30:00.000Z,86.12
2026-01-09T20:45:00.000Z,86.49
2026-01-09T21:00:00.000Z,84.20
2026-01-09T21:15:00.000Z,81.01
2026-01-09T21:30:00.000Z,80.98
2026-01-09T21:45:00.000Z,79.59
2026-01-09T22:00:00.000Z,79.05
2026-01-09T22:15:00.000Z,78.37
2026-01-09T22:30:00.000Z,77.63
2026-01-09T22:45:00.000Z,76.46
2026-01-09T23:00:00.000Z,77.76
2026-01-09T23:15:00.000Z,77.38
2026-01-09T23:30:00.000Z,75.84
2026-01-09T23:45:00.000Z,75.25
2026-01-10T00:00:00.000Z,75.31
2026-01-10T00:15:00.000Z,74.87
2026-01-10T00:30:00.000Z,74.56
2026-01-10T00:45:00.000Z,74.47
2026-01-10T01:00:00.000Z,73.57
2026-01-10T01:15:00.000Z,73.24
2026-01-10T01:30:00.000Z,73.14
2026-01-10T01:45:00.000Z,73.29
2026-01-10T02:00:00.000Z,72.27
2026-01-10T02:15:00.000Z,72.40
2026-01-10T02:30:00.000Z,72.49
2026-01-10T02:45:00.000Z,72.43
2026-01-10T03:00:00.000Z,73.09
2026-01-10T03:15:00.000Z,72.90
2026-01-10T03:30:00.000Z,73.11
2026-01-10T03:45:00.000Z,73.36
2026-01-10T04:00:00.000Z,74.22
2026-01-10T04:15:00.000Z,73.63
2026-01-10T04:30:00.000Z,73.79
2026-01-10T04:45:00.000Z,74.65
2026-01-10T05:00:00.000Z,73.55
2026-01-10T05:15:00.000Z,74.50
2026-01-10T05:30:00.000Z,75.36
2026-01-10T05:45:00.000Z,76.26
2026-01-10T06:00:00.000Z,77.75
2026-01-10T06:15:00.000Z,77.91
2026-01-10T06:30:00.000Z,79.05
2026-01-10T06:45:00.000Z,81.83
2026-01-10T07:00:00.000Z,79.97
2026-01-10T07:15:00.000Z,81.43
2026-01-10T07:30:00.000Z,85.49
2026-01-10T07:45:00.000Z,88.79
2026-01-10T08:00:00.000Z,87.94
2026-01-10T08:15:00.000Z,90.78
2026-01-10T08:30:00.000Z,91.08
2026-01-10T08:45:00.000Z,89.96
2026-01-10T09:00:00.000Z,89.01
2026-01-10T09:15:00.000Z,91.79
2026-01-10T09:30:00.000Z,97.66
2026-01-10T09:45:00.000Z,99.84
2026-01-10T10:00:00.000Z,91.89
2026-01-10T10:15:00.000Z,98.64
2026-01-10T10:30:00.000Z,100.39
2026-01-10T10:45:00.000Z,102.75
2026-01-10T11:00:00.000Z,97.37
2026-01-10T11:15:00.000Z,100.23
2026-01-10T11:30:00.000Z,97.10
2026-01-10T11:45:00.000Z,99.01
2026-01-10T12:00:00.000Z,98.29
2026-01-10T12:15:00.000Z,99.88
2026-01-10T12:30:00.000Z,101.17
2026-01-10T12:45:00.000Z,107.66
2026-01-10T13:00:00.000Z,101.84
2026-01-10T13:15:00.000Z,104.31
2026-01-10T13:30:00.000Z,109.08
2026-01-10T13:45:00.000Z,111.98
2026-01-10T14:00:00.000Z,104.14
2026-01-10T14:15:00.000Z,111.64
2026-01-10T14:30:00.000Z,113.26
2026-01-10T14:45:00.000Z,124.89
2026-01-10T15:00:00.000Z,117.00
2026-01-10T15:15:00.000Z,121.08
2026-01-10T15:30:00.000Z,119.76
2026-01-10T15:45:00.000Z,138.32
2026-01-10T16:00:00.000Z,129.84
2026-01-10T16:15:00.000Z,134.76
2026-01-10T16:30:00.000Z,137.67
2026-01-10T16:45:00.000Z,138.53
2026-01-10T17:00:00.000Z,139.12
2026-01-10T17:15:00.000Z,133.71
2026-01-10T17:30:00.000Z,132.33
2026-01-10T17:45:00.000Z,125.50
2026-01-10T18:00:00.000Z,130.69
2026-01-10T18:15:00.000Z,125.50
2026-01-10T18:30:00.000Z,121.47
2026-01-10T18:45:00.000Z,119.89
2026-01-10T19:00:00.000Z,124.80
2026-01-10T19:15:00.000Z,116.17
2026-01-10T19:30:00.000Z,113.72
2026-01-10T19:45:00.000Z,108.70
2026-01-10T20:00:00.000Z,112.36
2026-01-10T20:15:00.000Z,108.69
2026-01-10T20:30:00.000Z,108.40
2026-01-10T20:45:00.000Z,101.13
2026-01-10T21:00:00.000Z,108.59
2026-01-10T21:15:00.000Z,98.22
2026-01-10T21:30:00.000Z,95.36
2026-01-10T21:45:00.000Z,89.84
2026-01-10T22:00:00.000Z,91.03
2026-01-10T22:15:00.000Z,87.94
2026-01-10T22:30:00.000Z,87.15
2026-01-10T22:45:00.000Z,85.84
2026-01-10T23:00:00.000Z,83.69
2026-01-10T23:15:00.000Z,85.83
2026-01-10T23:30:00.000Z,83.86
2026-01-10T23:45:00.000Z,82.62
2026-01-11T00:00:00.000Z,86.54
2026-01-11T00:15:00.000Z,85.01
2026-01-11T00:30:00.000Z,85.00
2026-01-11T00:45:00.000Z,81.28
2026-01-11T01:00:00.000Z,78.40
2026-01-11T01:15:00.000Z,78.54
2026-01-11T01:30:00.000Z,77.92
2026-01-11T01:45:00.000Z,79.54
2026-01-11T02:00:00.000Z,78.67
2026-01-11T02:15:00.000Z,78.55
2026-01-11T02:30:00.000Z,78.78
2026-01-11T02:45:00.000Z,79.41
2026-01-11T03:00:00.000Z,78.61
2026-01-11T03:15:00.000Z,78.70
2026-01-11T03:30:00.000Z,78.58
2026-01-11T03:45:00.000Z,78.63
2026-01-11T04:00:00.000Z,78.81
2026-01-11T04:15:00.000Z,79.03
2026-01-11T04:30:00.000Z,79.65
2026-01-11T04:45:00.000Z,80.70
2026-01-11T05:00:00.000Z,76.99
2026-01-11T05:15:00.000Z,78.87
2026-01-11T05:30:00.000Z,79.05
2026-01-11T05:45:00.000Z,79.58
2026-01-11T06:00:00.000Z,76.84
2026-01-11T06:15:00.000Z,79.20
2026-01-11T06:30:00.000Z,82.18
2026-01-11T06:45:00.000Z,83.78
2026-01-11T07:00:00.000Z,80.49
2026-01-11T07:15:00.000Z,80.73
2026-01-11T07:30:00.000Z,87.86
2026-01-11T07:45:00.000Z,94.41
2026-01-11T08:00:00.000Z,95.22
2026-01-11T08:15:00.000Z,99.07
2026-01-11T08:30:00.000Z,100.00
2026-01-11T08:45:00.000Z,98.76
2026-01-11T09:00:00.000Z,100.71
2026-01-11T09:15:00.000Z,98.53
2026-01-11T09:30:00.000Z,97.36
2026-01-11T09:45:00.000Z,93.65
2026-01-11T10:00:00.000Z,99.90
2026-01-11T10:15:00.000Z,97.73
2026-01-11T10:30:00.000Z,97.07
2026-01-11T10:45:00.000Z,93.58
2026-01-11T11:00:00.000Z,97.09
2026-01-11T11:15:00.000Z,95.39
2026-01-11T11:30:00.000Z,95.74
2026-01-11T11:45:00.000Z,89.91
2026-01-11T12:00:00.000Z,96.06
2026-01-11T12:15:00.000Z,91.26
2026-01-11T12:30:00.000Z,93.83
2026-01-11T12:45:00.000Z,94.76
2026-01-11T13:00:00.000Z,93.77
2026-01-11T13:15:00.000Z,95.72
2026-01-11T13:30:00.000Z,98.24
2026-01-11T13:45:00.000Z,97.37
2026-01-11T14:00:00.000Z,87.83
2026-01-11T14:15:00.000Z,96.47
2026-01-11T14:30:00.000Z,104.49
2026-01-11T14:45:00.000Z,107.57
2026-01-11T15:00:00.000Z,101.68
2026-01-11T15:15:00.000Z,109.44
2026-01-11T15:30:00.000Z,112.64
2026-01-11T15:45:00.000Z,121.46
2026-01-11T16:00:00.000Z,115.05
2026-01-11T16:15:00.000Z,118.69
2026-01-11T16:30:00.000Z,121.56
2026-01-11T16:45:00.000Z,118.79
2026-01-11T17:00:00.000Z,119.23
2026-01-11T17:15:00.000Z,118.70
2026-01-11T17:30:00.000Z,111.65
2026-01-11T17:45:00.000Z,115.92
2026-01-11T18:00:00.000Z,124.05
2026-01-11T18:15:00.000Z,123.36
2026-01-11T18:30:00.000Z,120.85
2026-01-11T18:45:00.000Z,115.78
2026-01-11T19:00:00.000Z,114.15
2026-01-11T19:15:00.000Z,107.56
2026-01-11T19:30:00.000Z,102.38
2026-01-11T19:45:00.000Z,97.10
2026-01-11T20:00:00.000Z,112.71
2026-01-11T20:15:00.000Z,105.05
2026-01-11T20:30:00.000Z,104.59
2026-01-11T20:45:00.000Z,99.46
2026-01-11T21:00:00.000Z,94.06
2026-01-11T21:15:00.000Z,90.51
2026-01-11T21:30:00.000Z,89.70
2026-01-11T21:45:00.000Z,86.73
2026-01-11T22:00:00.000Z,86.69
2026-01-11T22:15:00.000Z,83.52
2026-01-11T22:30:00.000Z,81.45
2026-01-11T22:45:00.000Z,79.20
2026-01-11T23:00:00.000Z,84.60
2026-01-11T23:15:00.000Z,82.60
2026-01-11T23:30:00.000Z,80.38
2026-01-11T23:45:00.000Z,78.82
2026-01-12T00:00:00.000Z,84.19
2026-01-12T00:15:00.000Z,80.10
2026-01-12T00:30:00.000Z,77.42
2026-01-12T00:45:00.000Z,79.21
2026-01-12T01:00:00.000Z,78.22
2026-01-12T01:15:00.000Z,77.72
2026-01-12T01:30:00.000Z,78.15
2026-01-12T01:45:00.000Z,77.27
2026-01-12T02:00:00.000Z,77.61
2026-01-12T02:15:00.000Z,77.24
2026-01-12T02:30:00.000Z,77.11
2026-01-12T02:45:00.000Z,78.40
2026-01-12T03:00:00.000Z,76.34
2026-01-12T03:15:00.000Z,76.09
2026-01-12T03:30:00.000Z,76.84
2026-01-12T03:45:00.000Z,77.14
2026-01-12T04:00:00.000Z,75.46
2026-01-12T04:15:00.000Z,76.60
2026-01-12T04:30:00.000Z,79.80
2026-01-12T04:45:00.000Z,84.47
2026-01-12T05:00:00.000Z,81.04
2026-01-12T05:15:00.000Z,76.06
2026-01-12T05:30:00.000Z,66.54
2026-01-12T05:45:00.000Z,69.20
2026-01-12T06:00:00.000Z,71.28
2026-01-12T06:15:00.000Z,85.00
2026-01-12T06:30:00.000Z,85.00
2026-01-12T06:45:00.000Z,85.00
2026-01-12T07:00:00.000Z,99.13
2026-01-12T07:15:00.000Z,143.65
2026-01-12T07:30:00.000Z,149.98
2026-01-12T07:45:00.000Z,177.87
2026-01-12T08:00:00.000Z,147.36
2026-01-12T08:15:00.000Z,149.92
2026-01-12T08:30:00.000Z,144.50
2026-01-12T08:45:00.000Z,149.91
2026-01-12T09:00:00.000Z,209.90
2026-01-12T09:15:00.000Z,205.44
2026-01-12T09:30:00.000Z,207.83
2026-01-12T09:45:00.000Z,193.20
2026-01-12T10:00:00.000Z,207.70
2026-01-12T10:15:00.000Z,209.97
2026-01-12T10:30:00.000Z,209.91
2026-01-12T10:45:00.000Z,209.96
2026-01-12T11:00:00.000Z,219.47
2026-01-12T11:15:00.000Z,206.96
2026-01-12T11:30:00.000Z,192.32
2026-01-12T11:45:00.000Z,178.62
2026-01-12T12:00:00.000Z,209.96
2026-01-12T12:15:00.000Z,178.38
2026-01-12T12:30:00.000Z,166.20
2026-01-12T12:45:00.000Z,155.72
2026-01-12T13:00:00.000Z,154.32
2026-01-12T13:15:00.000Z,157.50
2026-01-12T13:30:00.000Z,149.98
2026-01-12T13:45:00.000Z,147.95
2026-01-12T14:00:00.000Z,140.80
2026-01-12T14:15:00.000Z,129.10
2026-01-12T14:30:00.000Z,139.86
2026-01-12T14:45:00.000Z,139.84
2026-01-12T15:00:00.000Z,149.91
2026-01-12T15:15:00.000Z,137.22
2026-01-12T15:30:00.000Z,130.36
2026-01-12T15:45:00.000Z,130.08
2026-01-12T16:00:00.000Z,133.84
2026-01-12T16:15:00.000Z,131.09
2026-01-12T16:30:00.000Z,114.59
2026-01-12T16:45:00.000Z,110.47
2026-01-12T17:00:00.000Z,98.58
2026-01-12T17:15:00.000Z,97.75
2026-01-12T17:30:00.000Z,89.83
2026-01-12T17:45:00.000Z,98.39
2026-01-12T18:00:00.000Z,106.35
2026-01-12T18:15:00.000Z,104.66
2026-01-12T18:30:00.000Z,104.73
2026-01-12T18:45:00.000Z,98.57
2026-01-12T19:00:00.000Z,95.01
2026-01-12T19:15:00.000Z,90.90
2026-01-12T19:30:00.000Z,86.43
2026-01-12T19:45:00.000Z,88.23
2026-01-12T20:00:00.000Z,82.68
2026-01-12T20:15:00.000Z,83.61
2026-01-12T20:30:00.000Z,81.49
2026-01-12T20:45:00.000Z,77.28
2026-01-12T21:00:00.000Z,95.93
2026-01-12T21:15:00.000Z,94.81
2026-01-12T21:30:00.000Z,91.27
2026-01-12T21:45:00.000Z,91.99
2026-01-12T22:00:00.000Z,93.66
2026-01-12T22:15:00.000Z,90.94
2026-01-12T22:30:00.000Z,89.80
2026-01-12T22:45:00.000Z,87.12
2026-01-12T23:00:00.000Z,74.88
2026-01-12T23:15:00.000Z,76.55
2026-01-12T23:30:00.000Z,76.37
2026-01-12T23:45:00.000Z,73.87
2026-01-13T00:00:00.000Z,78.11
2026-01-13T00:15:00.000Z,75.68
2026-01-13T00:30:00.000Z,74.82
2026-01-13T00:45:00.000Z,77.54
2026-01-13T01:00:00.000Z,74.56
2026-01-13T01:15:00.000Z,75.75
2026-01-13T01:30:00.000Z,75.66
2026-01-13T01:45:00.000Z,75.22
2026-01-13T02:00:00.000Z,75.59
2026-01-13T02:15:00.000Z,75.95
2026-01-13T02:30:00.000Z,76.59
2026-01-13T02:45:00.000Z,77.99
2026-01-13T03:00:00.000Z,76.58
2026-01-13T03:15:00.000Z,78.38
2026-01-13T03:30:00.000Z,80.06
2026-01-13T03:45:00.000Z,78.75
2026-01-13T04:00:00.000Z,82.70
2026-01-13T04:15:00.000Z,80.60
2026-01-13T04:30:00.000Z,82.71
2026-01-13T04:45:00.000Z,83.34
2026-01-13T05:00:00.000Z,91.64
2026-01-13T05:15:00.000Z,97.47
2026-01-13T05:30:00.000Z,91.66
2026-01-13T05:45:00.000Z,99.27
2026-01-13T06:00:00.000Z,86.52
2026-01-13T06:15:00.000Z,108.38
2026-01-13T06:30:00.000Z,111.65
2026-01-13T06:45:00.000Z,121.14
2026-01-13T07:00:00.000Z,120.88
2026-01-13T07:15:00.000Z,117.20
2026-01-13T07:30:00.000Z,125.19
2026-01-13T07:45:00.000Z,122.02
2026-01-13T08:00:00.000Z,138.77
2026-01-13T08:15:00.000Z,134.53
2026-01-13T08:30:00.000Z,127.41
2026-01-13T08:45:00.000Z,115.11
2026-01-13T09:00:00.000Z,142.59
2026-01-13T09:15:00.000Z,136.76
2026-01-13T09:30:00.000Z,128.01
2026-01-13T09:45:00.000Z,122.53
2026-01-13T10:00:00.000Z,131.61
2026-01-13T10:15:00.000Z,129.69
2026-01-13T10:30:00.000Z,128.57
2026-01-13T10:45:00.000Z,121.49
2026-01-13T11:00:00.000Z,133.05
2026-01-13T11:15:00.000Z,125.14
2026-01-13T11:30:00.000Z,123.51
2026-01-13T11:45:00.000Z,124.45
2026-01-13T12:00:00.000Z,122.96
2026-01-13T12:15:00.000Z,122.57
2026-01-13T12:30:00.000Z,124.36
2026-01-13T12:45:00.000Z,122.84
2026-01-13T13:00:00.000Z,126.61
2026-01-13T13:15:00.000Z,123.36
2026-01-13T13:30:00.000Z,123.29
2026-01-13T13:45:00.000Z,124.96
2026-01-13T14:00:00.000Z,125.87
2026-01-13T14:15:00.000Z,132.33
2026-01-13T14:30:00.000Z,123.90
2026-01-13T14:45:00.000Z,117.93
2026-01-13T15:00:00.000Z,111.58
2026-01-13T15:15:00.000Z,111.79
2026-01-13T15:30:00.000Z,110.06
2026-01-13T15:45:00.000Z,106.56
2026-01-13T16:00:00.000Z,102.01
2026-01-13T16:15:00.000Z,85.77
2026-01-13T16:30:00.000Z,89.97
2026-01-13T16:45:00.000Z,84.80
2026-01-13T17:00:00.000Z,106.54
2026-01-13T17:15:00.000Z,96.19
2026-01-13T17:30:00.000Z,85.01
2026-01-13T17:45:00.000Z,78.79
2026-01-13T18:00:00.000Z,89.85
2026-01-13T18:15:00.000Z,82.87
2026-01-13T18:30:00.000Z,82.77
2026-01-13T18:45:00.000Z,79.54
2026-01-13T19:00:00.000Z,88.59
2026-01-13T19:15:00.000Z,81.48
2026-01-13T19:30:00.000Z,79.88
2026-01-13T19:45:00.000Z,86.49
2026-01-13T20:00:00.000Z,74.13
2026-01-13T20:15:00.000Z,84.01
2026-01-13T20:30:00.000Z,79.72
2026-01-13T20:45:00.000Z,85.83
2026-01-13T21:00:00.000Z,77.39
2026-01-13T21:15:00.000Z,72.60
2026-01-13T21:30:00.000Z,67.83
2026-01-13T21:45:00.000Z,65.70
2026-01-13T22:00:00.000Z,68.58
2026-01-13T22:15:00.000Z,66.17
2026-01-13T22:30:00.000Z,64.10
2026-01-13T22:45:00.000Z,68.23
2026-01-13T23:00:00.000Z,86.39
2026-01-13T23:15:00.000Z,88.43
2026-01-13T23:30:00.000Z,89.46
2026-01-13T23:45:00.000Z,88.67
2026-01-14T00:00:00.000Z,90.41
2026-01-14T00:15:00.000Z,89.90
2026-01-14T00:30:00.000Z,90.21
2026-01-14T00:45:00.000Z,89.87
2026-01-14T01:00:00.000Z,92.18
2026-01-14T01:15:00.000Z,91.87
2026-01-14T01:30:00.000Z,84.57
2026-01-14T01:45:00.000Z,77.39
2026-01-14T02:00:00.000Z,90.66
2026-01-14T02:15:00.000Z,82.81
2026-01-14T02:30:00.000Z,79.96
2026-01-14T02:45:00.000Z,77.51
2026-01-14T03:00:00.000Z,77.49
2026-01-14T03:15:00.000Z,76.70
2026-01-14T03:30:00.000Z,76.73
2026-01-14T03:45:00.000Z,79.77
2026-01-14T04:00:00.000Z,73.41
2026-01-14T04:15:00.000Z,74.96
2026-01-14T04:30:00.000Z,80.05
2026-01-14T04:45:00.000Z,91.11
2026-01-14T05:00:00.000Z,91.31
2026-01-14T05:15:00.000Z,95.57
2026-01-14T05:30:00.000Z,95.70
2026-01-14T05:45:00.000Z,94.86
2026-01-14T06:00:00.000Z,97.92
2026-01-14T06:15:00.000Z,85.99
2026-01-14T06:30:00.000Z,82.00
2026-01-14T06:45:00.000Z,82.64
2026-01-14T07:00:00.000Z,83.83
2026-01-14T07:15:00.000Z,87.99
2026-01-14T07:30:00.000Z,87.37
2026-01-14T07:45:00.000Z,89.17
2026-01-14T08:00:00.000Z,95.79
2026-01-14T08:15:00.000Z,93.36
2026-01-14T08:30:00.000Z,85.41
2026-01-14T08:45:00.000Z,77.99
2026-01-14T09:00:00.000Z,85.17
2026-01-14T09:15:00.000Z,82.17
2026-01-14T09:30:00.000Z,80.20
2026-01-14T09:45:00.000Z,79.44
2026-01-14T10:00:00.000Z,81.14
2026-01-14T10:15:00.000Z,79.78
2026-01-14T10:30:00.000Z,77.78
2026-01-14T10:45:00.000Z,77.72
2026-01-14T11:00:00.000Z,77.64
2026-01-14T11:15:00.000Z,77.42
2026-01-14T11:30:00.000Z,78.26
2026-01-14T11:45:00.000Z,79.43
2026-01-14T12:00:00.000Z,76.31
2026-01-14T12:15:00.000Z,77.00
2026-01-14T12:30:00.000Z,77.79
2026-01-14T12:45:00.000Z,79.55
2026-01-14T13:00:00.000Z,76.43
2026-01-14T13:15:00.000Z,81.77
2026-01-14T13:30:00.000Z,82.71
2026-01-14T13:45:00.000Z,93.60
2026-01-14T14:00:00.000Z,71.57
2026-01-14T14:15:00.000Z,75.07
2026-01-14T14:30:00.000Z,88.57
2026-01-14T14:45:00.000Z,95.79
2026-01-14T15:00:00.000Z,63.77
2026-01-14T15:15:00.000Z,71.20
2026-01-14T15:30:00.000Z,79.88
2026-01-14T15:45:00.000Z,96.07
2026-01-14T16:00:00.000Z,76.51
2026-01-14T16:15:00.000Z,86.04
2026-01-14T16:30:00.000Z,87.48
2026-01-14T16:45:00.000Z,85.41
2026-01-14T17:00:00.000Z,88.21
2026-01-14T17:15:00.000Z,91.78
2026-01-14T17:30:00.000Z,97.86
2026-01-14T17:45:00.000Z,100.02
2026-01-14T18:00:00.000Z,97.64
2026-01-14T18:15:00.000Z,87.27
2026-01-14T18:30:00.000Z,79.44
2026-01-14T18:45:00.000Z,74.61
2026-01-14T19:00:00.000Z,81.44
2026-01-14T19:15:00.000Z,74.72
2026-01-14T19:30:00.000Z,71.23
2026-01-14T19:45:00.000Z,66.32
2026-01-14T20:00:00.000Z,70.12
2026-01-14T20:15:00.000Z,67.51
2026-01-14T20:30:00.000Z,66.07
2026-01-14T20:45:00.000Z,64.04
2026-01-14T21:00:00.000Z,65.00
2026-01-14T21:15:00.000Z,63.60
2026-01-14T21:30:00.000Z,62.63
2026-01-14T21:45:00.000Z,63.97
2026-01-14T22:00:00.000Z,60.39
2026-01-14T22:15:00.000Z,63.30
2026-01-14T22:30:00.000Z,64.14
2026-01-14T22:45:00.000Z,64.82
2026-01-14T23:00:00.000Z,104.99
2026-01-14T23:15:00.000Z,91.13
2026-01-14T23:30:00.000Z,81.99
2026-01-14T23:45:00.000Z,84.58
2026-01-15T00:00:00.000Z,83.52
2026-01-15T00:15:00.000Z,86.05
2026-01-15T00:30:00.000Z,85.17
2026-01-15T00:45:00.000Z,86.98
2026-01-15T01:00:00.000Z,82.00
2026-01-15T01:15:00.000Z,81.74
2026-01-15T01:30:00.000Z,81.51
2026-01-15T01:45:00.000Z,81.83
2026-01-15T02:00:00.000Z,80.27
2026-01-15T02:15:00.000Z,80.30
2026-01-15T02:30:00.000Z,80.08
2026-01-15T02:45:00.000Z,82.16
2026-01-15T03:00:00.000Z,80.38
2026-01-15T03:15:00.000Z,83.18
2026-01-15T03:30:00.000Z,84.18
2026-01-15T03:45:00.000Z,84.29
2026-01-15T04:00:00.000Z,76.34
2026-01-15T04:15:00.000Z,80.15
2026-01-15T04:30:00.000Z,83.17
2026-01-15T04:45:00.000Z,86.61
2026-01-15T05:00:00.000Z,75.11
2026-01-15T05:15:00.000Z,81.77
2026-01-15T05:30:00.000Z,89.71
2026-01-15T05:45:00.000Z,95.55
2026-01-15T06:00:00.000Z,82.01
2026-01-15T06:15:00.000Z,90.32
2026-01-15T06:30:00.000Z,96.53
2026-01-15T06:45:00.000Z,103.04
2026-01-15T07:00:00.000Z,94.94
2026-01-15T07:15:00.000Z,96.89
2026-01-15T07:30:00.000Z,97.06
2026-01-15T07:45:00.000Z,98.91
2026-01-15T08:00:00.000Z,112.08
2026-01-15T08:15:00.000Z,107.73
2026-01-15T08:30:00.000Z,103.87
2026-01-15T08:45:00.000Z,103.05
2026-01-15T09:00:00.000Z,115.04
2026-01-15T09:15:00.000Z,110.34
2026-01-15T09:30:00.000Z,105.24
2026-01-15T09:45:00.000Z,103.53
2026-01-15T10:00:00.000Z,99.94
2026-01-15T10:15:00.000Z,98.06
2026-01-15T10:30:00.000Z,98.36
2026-01-15T10:45:00.000Z,98.73
2026-01-15T11:00:00.000Z,105.61
2026-01-15T11:15:00.000Z,103.48
2026-01-15T11:30:00.000Z,103.63
2026-01-15T11:45:00.000Z,105.58
2026-01-15T12:00:00.000Z,106.60
2026-01-15T12:15:00.000Z,107.53
2026-01-15T12:30:00.000Z,109.35
2026-01-15T12:45:00.000Z,108.20
2026-01-15T13:00:00.000Z,106.22
2026-01-15T13:15:00.000Z,110.16
2026-01-15T13:30:00.000Z,109.37
2026-01-15T13:45:00.000Z,119.69
2026-01-15T14:00:00.000Z,107.79
2026-01-15T14:15:00.000Z,128.44
2026-01-15T14:30:00.000Z,136.19
2026-01-15T14:45:00.000Z,152.88
2026-01-15T15:00:00.000Z,132.92
2026-01-15T15:15:00.000Z,144.74
2026-01-15T15:30:00.000Z,148.96
2026-01-15T15:45:00.000Z,157.60
2026-01-15T16:00:00.000Z,165.81
2026-01-15T16:15:00.000Z,170.47
2026-01-15T16:30:00.000Z,158.20
2026-01-15T16:45:00.000Z,138.43
2026-01-15T17:00:00.000Z,143.33
2026-01-15T17:15:00.000Z,124.70
2026-01-15T17:30:00.000Z,123.62
2026-01-15T17:45:00.000Z,112.05
2026-01-15T18:00:00.000Z,117.28
2026-01-15T18:15:00.000Z,111.21
2026-01-15T18:30:00.000Z,110.96
2026-01-15T18:45:00.000Z,111.09
2026-01-15T19:00:00.000Z,109.21
2026-01-15T19:15:00.000Z,108.41
2026-01-15T19:30:00.000Z,105.98
2026-01-15T19:45:00.000Z,101.76
2026-01-15T20:00:00.000Z,100.42
2026-01-15T20:15:00.000Z,97.82
2026-01-15T20:30:00.000Z,97.50
2026-01-15T20:45:00.000Z,98.04
2026-01-15T21:00:00.000Z,100.73
2026-01-15T21:15:00.000Z,95.90
2026-01-15T21:30:00.000Z,94.44
2026-01-15T21:45:00.000Z,89.42
2026-01-15T22:00:00.000Z,93.67
2026-01-15T22:15:00.000Z,89.62
2026-01-15T22:30:00.000Z,86.44
2026-01-15T22:45:00.000Z,85.50
2026-01-15T23:00:00.000Z,90.01
2026-01-15T23:15:00.000Z,87.90
2026-01-15T23:30:00.000Z,84.69
2026-01-15T23:45:00.000Z,84.02
2026-01-16T00:00:00.000Z,84.35
2026-01-16T00:15:00.000Z,83.16
2026-01-16T00:30:00.000Z,82.95
2026-01-16T00:45:00.000Z,81.25
2026-01-16T01:00:00.000Z,81.18
2026-01-16T01:15:00.000Z,81.17
2026-01-16T01:30:00.000Z,78.39
2026-01-16T01:45:00.000Z,77.54
2026-01-16T02:00:00.000Z,75.81
2026-01-16T02:15:00.000Z,75.62
2026-01-16T02:30:00.000Z,76.08
2026-01-16T02:45:00.000Z,76.93
2026-01-16T03:00:00.000Z,80.85
2026-01-16T03:15:00.000Z,81.35
2026-01-16T03:30:00.000Z,83.77
2026-01-16T03:45:00.000Z,84.38
2026-01-16T04:00:00.000Z,86.31
2026-01-16T04:15:00.000Z,87.46
2026-01-16T04:30:00.000Z,88.40
2026-01-16T04:45:00.000Z,88.78
2026-01-16T05:00:00.000Z,89.11
2026-01-16T05:15:00.000Z,90.42
2026-01-16T05:30:00.000Z,90.34
2026-01-16T05:45:00.000Z,91.24
2026-01-16T06:00:00.000Z,92.89
2026-01-16T06:15:00.000Z,93.59
2026-01-16T06:30:00.000Z,94.68
2026-01-16T06:45:00.000Z,96.13
2026-01-16T07:00:00.000Z,94.67
2026-01-16T07:15:00.000Z,95.13
2026-01-16T07:30:00.000Z,95.13
2026-01-16T07:45:00.000Z,95.13
2026-01-16T08:00:00.000Z,95.13
2026-01-16T08:15:00.000Z,95.13
2026-01-16T08:30:00.000Z,94.05
2026-01-16T08:45:00.000Z,94.23
2026-01-16T09:00:00.000Z,92.10
2026-01-16T09:15:00.000Z,92.19
2026-01-16T09:30:00.000Z,92.49
2026-01-16T09:45:00.000Z,92.41
2026-01-16T10:00:00.000Z,91.68
2026-01-16T10:15:00.000Z,91.80
2026-01-16T10:30:00.000Z,91.97
2026-01-16T10:45:00.000Z,92.26
2026-01-16T11:00:00.000Z,94.18
2026-01-16T11:15:00.000Z,95.51
2026-01-16T11:30:00.000Z,96.19
2026-01-16T11:45:00.000Z,96.76
2026-01-16T12:00:00.000Z,96.22
2026-01-16T12:15:00.000Z,97.26
2026-01-16T12:30:00.000Z,99.61
2026-01-16T12:45:00.000Z,102.14
2026-01-16T13:00:00.000Z,81.99
2026-01-16T13:15:00.000Z,78.17
2026-01-16T13:30:00.000Z,76.97
2026-01-16T13:45:00.000Z,76.98
2026-01-16T14:00:00.000Z,84.55
2026-01-16T14:15:00.000Z,80.93
2026-01-16T14:30:00.000Z,76.94
2026-01-16T14:45:00.000Z,74.99
2026-01-16T15:00:00.000Z,72.57
2026-01-16T15:15:00.000Z,72.42
2026-01-16T15:30:00.000Z,71.45
2026-01-16T15:45:00.000Z,68.06
2026-01-16T16:00:00.000Z,85.88
2026-01-16T16:15:00.000Z,75.19
2026-01-16T16:30:00.000Z,74.37
2026-01-16T16:45:00.000Z,74.02
2026-01-16T17:00:00.000Z,72.56
2026-01-16T17:15:00.000Z,73.03
2026-01-16T17:30:00.000Z,73.22
2026-01-16T17:45:00.000Z,71.36
2026-01-16T18:00:00.000Z,73.90
2026-01-16T18:15:00.000Z,71.35
2026-01-16T18:30:00.000Z,70.55
2026-01-16T18:45:00.000Z,70.63
2026-01-16T19:00:00.000Z,72.54
2026-01-16T19:15:00.000Z,71.21
2026-01-16T19:30:00.000Z,69.81
2026-01-16T19:45:00.000Z,68.82
2026-01-16T20:00:00.000Z,70.44
2026-01-16T20:15:00.000Z,73.73
2026-01-16T20:30:00.000Z,72.52
2026-01-16T20:45:00.000Z,71.85
2026-01-16T21:00:00.000Z,71.70
2026-01-16T21:15:00.000Z,68.65
2026-01-16T21:30:00.000Z,67.68
2026-01-16T21:45:00.000Z,67.21
2026-01-16T22:00:00.000Z,73.00
2026-01-16T22:15:00.000Z,70.74
2026-01-16T22:30:00.000Z,70.65
2026-01-16T22:45:00.000Z,68.02
2026-01-16T23:00:00.000Z,56.09
2026-01-16T23:15:00.000Z,57.37
2026-01-16T23:30:00.000Z,66.58
2026-01-16T23:45:00.000Z,66.41
2026-01-17T00:00:00.000Z,67.21
2026-01-17T00:15:00.000Z,66.63
2026-01-17T00:30:00.000Z,66.32
2026-01-17T00:45:00.000Z,66.08
2026-01-17T01:00:00.000Z,64.80
2026-01-17T01:15:00.000Z,65.01
2026-01-17T01:30:00.000Z,65.20
2026-01-17T01:45:00.000Z,65.71
2026-01-17T02:00:00.000Z,60.53
2026-01-17T02:15:00.000Z,59.66
2026-01-17T02:30:00.000Z,60.88
2026-01-17T02:45:00.000Z,60.26
2026-01-17T03:00:00.000Z,59.53
2026-01-17T03:15:00.000Z,61.53
2026-01-17T03:30:00.000Z,61.19
2026-01-17T03:45:00.000Z,60.44
2026-01-17T04:00:00.000Z,60.53
2026-01-17T04:15:00.000Z,64.79
2026-01-17T04:30:00.000Z,60.53
2026-01-17T04:45:00.000Z,61.20
2026-01-17T05:00:00.000Z,67.83
2026-01-17T05:15:00.000Z,68.32
2026-01-17T05:30:00.000Z,68.27
2026-01-17T05:45:00.000Z,68.54
2026-01-17T06:00:00.000Z,72.34
2026-01-17T06:15:00.000Z,71.23
2026-01-17T06:30:00.000Z,74.38
2026-01-17T06:45:00.000Z,75.42
2026-01-17T07:00:00.000Z,72.68
2026-01-17T07:15:00.000Z,71.24
2026-01-17T07:30:00.000Z,72.08
2026-01-17T07:45:00.000Z,72.09
2026-01-17T08:00:00.000Z,65.07
2026-01-17T08:15:00.000Z,66.71
2026-01-17T08:30:00.000Z,68.10
2026-01-17T08:45:00.000Z,70.21
2026-01-17T09:00:00.000Z,67.20
2026-01-17T09:15:00.000Z,68.28
2026-01-17T09:30:00.000Z,69.58
2026-01-17T09:45:00.000Z,70.35
2026-01-17T10:00:00.000Z,67.01
2026-01-17T10:15:00.000Z,67.88
2026-01-17T10:30:00.000Z,68.20
2026-01-17T10:45:00.000Z,69.45
2026-01-17T11:00:00.000Z,67.55
2026-01-17T11:15:00.000Z,68.43
2026-01-17T11:30:00.000Z,66.16
2026-01-17T11:45:00.000Z,69.15
2026-01-17T12:00:00.000Z,68.63
2026-01-17T12:15:00.000Z,71.18
2026-01-17T12:30:00.000Z,71.98
2026-01-17T12:45:00.000Z,71.52
2026-01-17T13:00:00.000Z,69.63
2026-01-17T13:15:00.000Z,70.14
2026-01-17T13:30:00.000Z,71.30
2026-01-17T13:45:00.000Z,74.38
2026-01-17T14:00:00.000Z,69.31
2026-01-17T14:15:00.000Z,73.41
2026-01-17T14:30:00.000Z,77.95
2026-01-17T14:45:00.000Z,81.31
2026-01-17T15:00:00.000Z,76.84
2026-01-17T15:15:00.000Z,82.81
2026-01-17T15:30:00.000Z,85.96
2026-01-17T15:45:00.000Z,89.44
2026-01-17T16:00:00.000Z,99.91
2026-01-17T16:15:00.000Z,96.79
2026-01-17T16:30:00.000Z,97.40
2026-01-17T16:45:00.000Z,99.59
2026-01-17T17:00:00.000Z,85.09
2026-01-17T17:15:00.000Z,83.57
2026-01-17T17:30:00.000Z,84.39
2026-01-17T17:45:00.000Z,83.62
2026-01-17T18:00:00.000Z,83.59
2026-01-17T18:15:00.000Z,82.35
2026-01-17T18:30:00.000Z,81.75
2026-01-17T18:45:00.000Z,77.53
2026-01-17T19:00:00.000Z,87.98
2026-01-17T19:15:00.000Z,80.09
2026-01-17T19:30:00.000Z,78.82
2026-01-17T19:45:00.000Z,76.96
2026-01-17T20:00:00.000Z,78.21
2026-01-17T20:15:00.000Z,77.53
2026-01-17T20:30:00.000Z,80.67
2026-01-17T20:45:00.000Z,84.33
2026-01-17T21:00:00.000Z,77.86
2026-01-17T21:15:00.000Z,80.97
2026-01-17T21:30:00.000Z,76.99
2026-01-17T21:45:00.000Z,75.83
2026-01-17T22:00:00.000Z,77.01
2026-01-17T22:15:00.000Z,77.09
2026-01-17T22:30:00.000Z,79.34
2026-01-17T22:45:00.000Z,79.57
2026-01-17T23:00:00.000Z,81.99
2026-01-17T23:15:00.000Z,84.37
2026-01-17T23:30:00.000Z,82.93
2026-01-17T23:45:00.000Z,83.12
2026-01-18T00:00:00.000Z,84.99
2026-01-18T00:15:00.000Z,85.99
2026-01-18T00:30:00.000Z,85.93
2026-01-18T00:45:00.000Z,85.54
2026-01-18T01:00:00.000Z,88.89
2026-01-18T01:15:00.000Z,85.97
2026-01-18T01:30:00.000Z,85.90
2026-01-18T01:45:00.000Z,88.52
2026-01-18T02:00:00.000Z,81.11
2026-01-18T02:15:00.000Z,82.67
2026-01-18T02:30:00.000Z,84.60
2026-01-18T02:45:00.000Z,87.33
2026-01-18T03:00:00.000Z,87.07
2026-01-18T03:15:00.000Z,87.38
2026-01-18T03:30:00.000Z,97.88
2026-01-18T03:45:00.000Z,96.02
2026-01-18T04:00:00.000Z,100.66
2026-01-18T04:15:00.000Z,102.23
2026-01-18T04:30:00.000Z,102.96
2026-01-18T04:45:00.000Z,103.19
2026-01-18T05:00:00.000Z,101.74
2026-01-18T05:15:00.000Z,100.92
2026-01-18T05:30:00.000Z,102.01
2026-01-18T05:45:00.000Z,102.57
2026-01-18T06:00:00.000Z,90.18
2026-01-18T06:15:00.000Z,99.42
2026-01-18T06:30:00.000Z,103.43
2026-01-18T06:45:00.000Z,104.63
2026-01-18T07:00:00.000Z,88.23
2026-01-18T07:15:00.000Z,89.21
2026-01-18T07:30:00.000Z,93.72
2026-01-18T07:45:00.000Z,97.12
2026-01-18T08:00:00.000Z,96.33
2026-01-18T08:15:00.000Z,92.59
2026-01-18T08:30:00.000Z,97.82
2026-01-18T08:45:00.000Z,99.45
2026-01-18T09:00:00.000Z,97.98
2026-01-18T09:15:00.000Z,99.61
2026-01-18T09:30:00.000Z,98.52
2026-01-18T09:45:00.000Z,95.65
2026-01-18T10:00:00.000Z,95.30
2026-01-18T10:15:00.000Z,96.63
2026-01-18T10:30:00.000Z,95.45
2026-01-18T10:45:00.000Z,94.93
2026-01-18T11:00:00.000Z,95.82
2026-01-18T11:15:00.000Z,94.00
2026-01-18T11:30:00.000Z,93.73
2026-01-18T11:45:00.000Z,93.40
2026-01-18T12:00:00.000Z,93.45
2026-01-18T12:15:00.000Z,93.94
2026-01-18T12:30:00.000Z,94.38
2026-01-18T12:45:00.000Z,94.94
2026-01-18T13:00:00.000Z,95.55
2026-01-18T13:15:00.000Z,97.48
2026-01-18T13:30:00.000Z,99.01
2026-01-18T13:45:00.000Z,99.65
2026-01-18T14:00:00.000Z,98.92
2026-01-18T14:15:00.000Z,100.00
2026-01-18T14:30:00.000Z,102.45
2026-01-18T14:45:00.000Z,108.75
2026-01-18T15:00:00.000Z,102.81
2026-01-18T15:15:00.000Z,113.27
2026-01-18T15:30:00.000Z,113.84
2026-01-18T15:45:00.000Z,116.00
2026-01-18T16:00:00.000Z,114.02
2026-01-18T16:15:00.000Z,123.25
2026-01-18T16:30:00.000Z,130.31
2026-01-18T16:45:00.000Z,136.28
2026-01-18T17:00:00.000Z,134.78
2026-01-18T17:15:00.000Z,139.43
2026-01-18T17:30:00.000Z,144.86
2026-01-18T17:45:00.000Z,136.62
2026-01-18T18:00:00.000Z,134.86
2026-01-18T18:15:00.000Z,123.22
2026-01-18T18:30:00.000Z,115.00
2026-01-18T18:45:00.000Z,106.22
2026-01-18T19:00:00.000Z,121.15
2026-01-18T19:15:00.000Z,117.06
2026-01-18T19:30:00.000Z,109.62
2026-01-18T19:45:00.000Z,101.33
2026-01-18T20:00:00.000Z,110.93
2026-01-18T20:15:00.000Z,104.74
2026-01-18T20:30:00.000Z,99.93
2026-01-18T20:45:00.000Z,99.00
2026-01-18T21:00:00.000Z,101.65
2026-01-18T21:15:00.000Z,99.77
2026-01-18T21:30:00.000Z,99.16
2026-01-18T21:45:00.000Z,97.93
2026-01-18T22:00:00.000Z,99.59
2026-01-18T22:15:00.000Z,99.41
2026-01-18T22:30:00.000Z,97.24
2026-01-18T22:45:00.000Z,96.82
2026-01-18T23:00:00.000Z,108.53
2026-01-18T23:15:00.000Z,106.97
2026-01-18T23:30:00.000Z,104.42
2026-01-18T23:45:00.000Z,103.46
2026-01-19T00:00:00.000Z,106.43
2026-01-19T00:15:00.000Z,107.61
2026-01-19T00:30:00.000Z,107.50
2026-01-19T00:45:00.000Z,106.19
2026-01-19T01:00:00.000Z,109.20
2026-01-19T01:15:00.000Z,107.96
2026-01-19T01:30:00.000Z,106.90
2026-01-19T01:45:00.000Z,106.56
2026-01-19T02:00:00.000Z,107.73
2026-01-19T02:15:00.000Z,107.64
2026-01-19T02:30:00.000Z,106.82
2026-01-19T02:45:00.000Z,106.58
2026-01-19T03:00:00.000Z,105.89
2026-01-19T03:15:00.000Z,106.09
2026-01-19T03:30:00.000Z,106.33
2026-01-19T03:45:00.000Z,106.22
2026-01-19T04:00:00.000Z,103.34
2026-01-19T04:15:00.000Z,105.08
2026-01-19T04:30:00.000Z,107.81
2026-01-19T04:45:00.000Z,110.36
2026-01-19T05:00:00.000Z,104.31
2026-01-19T05:15:00.000Z,112.34
2026-01-19T05:30:00.000Z,120.06
2026-01-19T05:45:00.000Z,139.62
2026-01-19T06:00:00.000Z,122.28
2026-01-19T06:15:00.000Z,133.28
2026-01-19T06:30:00.000Z,155.00
2026-01-19T06:45:00.000Z,167.27
2026-01-19T07:00:00.000Z,171.25
2026-01-19T07:15:00.000Z,178.62
2026-01-19T07:30:00.000Z,171.48
2026-01-19T07:45:00.000Z,159.66
2026-01-19T08:00:00.000Z,184.94
2026-01-19T08:15:00.000Z,166.12
2026-01-19T08:30:00.000Z,147.65
2026-01-19T08:45:00.000Z,131.99
2026-01-19T09:00:00.000Z,152.55
2026-01-19T09:15:00.000Z,135.50
2026-01-19T09:30:00.000Z,125.59
2026-01-19T09:45:00.000Z,116.92
2026-01-19T10:00:00.000Z,124.55
2026-01-19T10:15:00.000Z,117.89
2026-01-19T10:30:00.000Z,117.14
2026-01-19T10:45:00.000Z,115.22
2026-01-19T11:00:00.000Z,116.23
2026-01-19T11:15:00.000Z,112.78
2026-01-19T11:30:00.000Z,115.58
2026-01-19T11:45:00.000Z,118.28
2026-01-19T12:00:00.000Z,117.19
2026-01-19T12:15:00.000Z,119.49
2026-01-19T12:30:00.000Z,123.99
2026-01-19T12:45:00.000Z,131.72
2026-01-19T13:00:00.000Z,118.84
2026-01-19T13:15:00.000Z,135.75
2026-01-19T13:30:00.000Z,143.74
2026-01-19T13:45:00.000Z,165.35
2026-01-19T14:00:00.000Z,133.66
2026-01-19T14:15:00.000Z,155.59
2026-01-19T14:30:00.000Z,171.64
2026-01-19T14:45:00.000Z,203.65
2026-01-19T15:00:00.000Z,166.62
2026-01-19T15:15:00.000Z,190.84
2026-01-19T15:30:00.000Z,204.31
2026-01-19T15:45:00.000Z,205.67
2026-01-19T16:00:00.000Z,185.11
2026-01-19T16:15:00.000Z,209.40
2026-01-19T16:30:00.000Z,209.87
2026-01-19T16:45:00.000Z,199.96
2026-01-19T17:00:00.000Z,204.46
2026-01-19T17:15:00.000Z,186.75
2026-01-19T17:30:00.000Z,193.46
2026-01-19T17:45:00.000Z,194.09
2026-01-19T18:00:00.000Z,187.50
2026-01-19T18:15:00.000Z,177.80
2026-01-19T18:30:00.000Z,172.63
2026-01-19T18:45:00.000Z,165.46
2026-01-19T19:00:00.000Z,161.71
2026-01-19T19:15:00.000Z,155.08
2026-01-19T19:30:00.000Z,152.58
2026-01-19T19:45:00.000Z,140.54
2026-01-19T20:00:00.000Z,135.09
2026-01-19T20:15:00.000Z,127.85
2026-01-19T20:30:00.000Z,125.13
2026-01-19T20:45:00.000Z,118.69
2026-01-19T21:00:00.000Z,124.90
2026-01-19T21:15:00.000Z,118.78
2026-01-19T21:30:00.000Z,116.10
2026-01-19T21:45:00.000Z,112.60
2026-01-19T22:00:00.000Z,113.77
2026-01-19T22:15:00.000Z,107.83
2026-01-19T22:30:00.000Z,103.95
2026-01-19T22:45:00.000Z,101.06
2026-01-19T23:00:00.000Z,103.15
2026-01-19T23:15:00.000Z,104.19
2026-01-19T23:30:00.000Z,103.16
2026-01-19T23:45:00.000Z,102.43
2026-01-20T00:00:00.000Z,103.11
2026-01-20T00:15:00.000Z,102.86
2026-01-20T00:30:00.000Z,102.74
2026-01-20T00:45:00.000Z,101.65
2026-01-20T01:00:00.000Z,100.16
2026-01-20T01:15:00.000Z,100.00
2026-01-20T01:30:00.000Z,100.45
2026-01-20T01:45:00.000Z,100.52
2026-01-20T02:00:00.000Z,99.62
2026-01-20T02:15:00.000Z,99.74
2026-01-20T02:30:00.000Z,100.00
2026-01-20T02:45:00.000Z,100.64
2026-01-20T03:00:00.000Z,99.44
2026-01-20T03:15:00.000Z,100.15
2026-01-20T03:30:00.000Z,102.62
2026-01-20T03:45:00.000Z,103.86
2026-01-20T04:00:00.000Z,105.29
2026-01-20T04:15:00.000Z,100.53
2026-01-20T04:30:00.000Z,108.26
2026-01-20T04:45:00.000Z,113.52
2026-01-20T05:00:00.000Z,107.14
2026-01-20T05:15:00.000Z,122.27
2026-01-20T05:30:00.000Z,137.31
2026-01-20T05:45:00.000Z,181.53
2026-01-20T06:00:00.000Z,132.79
2026-01-20T06:15:00.000Z,160.87
2026-01-20T06:30:00.000Z,198.96
2026-01-20T06:45:00.000Z,247.96
2026-01-20T07:00:00.000Z,233.63
2026-01-20T07:15:00.000Z,254.87
2026-01-20T07:30:00.000Z,215.79
2026-01-20T07:45:00.000Z,187.58
2026-01-20T08:00:00.000Z,237.90
2026-01-20T08:15:00.000Z,210.24
2026-01-20T08:30:00.000Z,186.29
2026-01-20T08:45:00.000Z,168.94
2026-01-20T09:00:00.000Z,189.10
2026-01-20T09:15:00.000Z,168.95
2026-01-20T09:30:00.000Z,143.30
2026-01-20T09:45:00.000Z,137.76
2026-01-20T10:00:00.000Z,136.49
2026-01-20T10:15:00.000Z,124.03
2026-01-20T10:30:00.000Z,122.23
2026-01-20T10:45:00.000Z,119.76
2026-01-20T11:00:00.000Z,118.38
2026-01-20T11:15:00.000Z,111.59
2026-01-20T11:30:00.000Z,108.75
2026-01-20T11:45:00.000Z,109.32
2026-01-20T12:00:00.000Z,119.10
2026-01-20T12:15:00.000Z,118.16
2026-01-20T12:30:00.000Z,116.63
2026-01-20T12:45:00.000Z,116.05
2026-01-20T13:00:00.000Z,125.55
2026-01-20T13:15:00.000Z,128.18
2026-01-20T13:30:00.000Z,128.11
2026-01-20T13:45:00.000Z,146.14
2026-01-20T14:00:00.000Z,136.53
2026-01-20T14:15:00.000Z,146.25
2026-01-20T14:30:00.000Z,175.37
2026-01-20T14:45:00.000Z,214.75
2026-01-20T15:00:00.000Z,155.13
2026-01-20T15:15:00.000Z,197.65
2026-01-20T15:30:00.000Z,242.85
2026-01-20T15:45:00.000Z,303.81
2026-01-20T16:00:00.000Z,243.97
2026-01-20T16:15:00.000Z,254.32
2026-01-20T16:30:00.000Z,249.33
2026-01-20T16:45:00.000Z,220.07
2026-01-20T17:00:00.000Z,220.78
2026-01-20T17:15:00.000Z,194.80
2026-01-20T17:30:00.000Z,181.35
2026-01-20T17:45:00.000Z,169.01
2026-01-20T18:00:00.000Z,198.37
2026-01-20T18:15:00.000Z,161.63
2026-01-20T18:30:00.000Z,145.92
2026-01-20T18:45:00.000Z,133.14
2026-01-20T19:00:00.000Z,175.11
2026-01-20T19:15:00.000Z,143.19
2026-01-20T19:30:00.000Z,129.89
2026-01-20T19:45:00.000Z,121.29
2026-01-20T20:00:00.000Z,152.11
2026-01-20T20:15:00.000Z,137.25
2026-01-20T20:30:00.000Z,120.56
2026-01-20T20:45:00.000Z,109.14
2026-01-20T21:00:00.000Z,130.66
2026-01-20T21:15:00.000Z,120.42
2026-01-20T21:30:00.000Z,108.98
2026-01-20T21:45:00.000Z,102.45
2026-01-20T22:00:00.000Z,104.84
2026-01-20T22:15:00.000Z,101.43
2026-01-20T22:30:00.000Z,99.82
2026-01-20T22:45:00.000Z,95.29
2026-01-20T23:00:00.000Z,95.55
2026-01-20T23:15:00.000Z,97.71
2026-01-20T23:30:00.000Z,100.42
2026-01-20T23:45:00.000Z,105.04
2026-01-21T00:00:00.000Z,101.98
2026-01-21T00:15:00.000Z,102.49
2026-01-21T00:30:00.000Z,103.01
2026-01-21T00:45:00.000Z,101.59
2026-01-21T01:00:00.000Z,95.61
2026-01-21T01:15:00.000Z,97.98
2026-01-21T01:30:00.000Z,100.94
2026-01-21T01:45:00.000Z,101.13
2026-01-21T02:00:00.000Z,101.85
2026-01-21T02:15:00.000Z,100.53
2026-01-21T02:30:00.000Z,100.90
2026-01-21T02:45:00.000Z,99.59
2026-01-21T03:00:00.000Z,98.02
2026-01-21T03:15:00.000Z,98.61
2026-01-21T03:30:00.000Z,99.00
2026-01-21T03:45:00.000Z,99.40
2026-01-21T04:00:00.000Z,98.71
2026-01-21T04:15:00.000Z,99.03
2026-01-21T04:30:00.000Z,99.76
2026-01-21T04:45:00.000Z,96.29
2026-01-21T05:00:00.000Z,104.07
2026-01-21T05:15:00.000Z,105.95
2026-01-21T05:30:00.000Z,103.64
2026-01-21T05:45:00.000Z,101.95
2026-01-21T06:00:00.000Z,104.32
2026-01-21T06:15:00.000Z,111.10
2026-01-21T06:30:00.000Z,124.97
2026-01-21T06:45:00.000Z,142.16
2026-01-21T07:00:00.000Z,146.63
2026-01-21T07:15:00.000Z,149.95
2026-01-21T07:30:00.000Z,151.88
2026-01-21T07:45:00.000Z,139.29
2026-01-21T08:00:00.000Z,154.98
2026-01-21T08:15:00.000Z,143.97
2026-01-21T08:30:00.000Z,133.38
2026-01-21T08:45:00.000Z,118.71
2026-01-21T09:00:00.000Z,145.18
2026-01-21T09:15:00.000Z,119.25
2026-01-21T09:30:00.000Z,105.21
2026-01-21T09:45:00.000Z,101.74
2026-01-21T10:00:00.000Z,104.44
2026-01-21T10:15:00.000Z,103.00
2026-01-21T10:30:00.000Z,101.48
2026-01-21T10:45:00.000Z,101.19
2026-01-21T11:00:00.000Z,99.34
2026-01-21T11:15:00.000Z,99.38
2026-01-21T11:30:00.000Z,98.15
2026-01-21T11:45:00.000Z,100.26
2026-01-21T12:00:00.000Z,101.27
2026-01-21T12:15:00.000Z,101.77
2026-01-21T12:30:00.000Z,101.66
2026-01-21T12:45:00.000Z,106.25
2026-01-21T13:00:00.000Z,104.07
2026-01-21T13:15:00.000Z,104.39
2026-01-21T13:30:00.000Z,106.73
2026-01-21T13:45:00.000Z,118.06
2026-01-21T14:00:00.000Z,103.76
2026-01-21T14:15:00.000Z,117.53
2026-01-21T14:30:00.000Z,126.50
2026-01-21T14:45:00.000Z,139.15
2026-01-21T15:00:00.000Z,122.54
2026-01-21T15:15:00.000Z,131.82
2026-01-21T15:30:00.000Z,134.62
2026-01-21T15:45:00.000Z,141.03
2026-01-21T16:00:00.000Z,125.32
2026-01-21T16:15:00.000Z,133.74
2026-01-21T16:30:00.000Z,128.95
2026-01-21T16:45:00.000Z,125.17
2026-01-21T17:00:00.000Z,136.52
2026-01-21T17:15:00.000Z,117.89
2026-01-21T17:30:00.000Z,111.62
2026-01-21T17:45:00.000Z,106.79
2026-01-21T18:00:00.000Z,110.90
2026-01-21T18:15:00.000Z,107.10
2026-01-21T18:30:00.000Z,102.08
2026-01-21T18:45:00.000Z,99.96
2026-01-21T19:00:00.000Z,103.38
2026-01-21T19:15:00.000Z,99.96
2026-01-21T19:30:00.000Z,97.00
2026-01-21T19:45:00.000Z,96.69
2026-01-21T20:00:00.000Z,96.99
2026-01-21T20:15:00.000Z,98.16
2026-01-21T20:30:00.000Z,101.87
2026-01-21T20:45:00.000Z,102.43
2026-01-21T21:00:00.000Z,96.35
2026-01-21T21:15:00.000Z,96.03
2026-01-21T21:30:00.000Z,93.99
2026-01-21T21:45:00.000Z,94.04
2026-01-21T22:00:00.000Z,94.59
2026-01-21T22:15:00.000Z,96.40
2026-01-21T22:30:00.000Z,96.27
2026-01-21T22:45:00.000Z,100.39
2026-01-21T23:00:00.000Z,87.59
2026-01-21T23:15:00.000Z,86.17
2026-01-21T23:30:00.000Z,85.57
2026-01-21T23:45:00.000Z,86.13
2026-01-22T00:00:00.000Z,88.07
2026-01-22T00:15:00.000Z,87.69
2026-01-22T00:30:00.000Z,90.19
2026-01-22T00:45:00.000Z,89.64
2026-01-22T01:00:00.000Z,87.90
2026-01-22T01:15:00.000Z,87.77
2026-01-22T01:30:00.000Z,87.83
2026-01-22T01:45:00.000Z,88.08
2026-01-22T02:00:00.000Z,84.08
2026-01-22T02:15:00.000Z,84.54
2026-01-22T02:30:00.000Z,86.31
2026-01-22T02:45:00.000Z,85.41
2026-01-22T03:00:00.000Z,81.78
2026-01-22T03:15:00.000Z,82.40
2026-01-22T03:30:00.000Z,82.91
2026-01-22T03:45:00.000Z,83.22
2026-01-22T04:00:00.000Z,85.61
2026-01-22T04:15:00.000Z,84.63
2026-01-22T04:30:00.000Z,86.38
2026-01-22T04:45:00.000Z,89.09
2026-01-22T05:00:00.000Z,92.47
2026-01-22T05:15:00.000Z,90.09
2026-01-22T05:30:00.000Z,94.10
2026-01-22T05:45:00.000Z,97.20
2026-01-22T06:00:00.000Z,98.88
2026-01-22T06:15:00.000Z,101.55
2026-01-22T06:30:00.000Z,103.76
2026-01-22T06:45:00.000Z,107.22
2026-01-22T07:00:00.000Z,121.01
2026-01-22T07:15:00.000Z,123.70
2026-01-22T07:30:00.000Z,119.57
2026-01-22T07:45:00.000Z,116.86
2026-01-22T08:00:00.000Z,122.02
2026-01-22T08:15:00.000Z,112.17
2026-01-22T08:30:00.000Z,106.10
2026-01-22T08:45:00.000Z,101.09
2026-01-22T09:00:00.000Z,100.25
2026-01-22T09:15:00.000Z,96.40
2026-01-22T09:30:00.000Z,96.06
2026-01-22T09:45:00.000Z,97.23
2026-01-22T10:00:00.000Z,94.69
2026-01-22T10:15:00.000Z,93.91
2026-01-22T10:30:00.000Z,92.55
2026-01-22T10:45:00.000Z,92.10
2026-01-22T11:00:00.000Z,91.55
2026-01-22T11:15:00.000Z,92.18
2026-01-22T11:30:00.000Z,90.86
2026-01-22T11:45:00.000Z,90.63
2026-01-22T12:00:00.000Z,92.37
2026-01-22T12:15:00.000Z,92.00
2026-01-22T12:30:00.000Z,92.89
2026-01-22T12:45:00.000Z,93.51
2026-01-22T13:00:00.000Z,93.14
2026-01-22T13:15:00.000Z,95.09
2026-01-22T13:30:00.000Z,95.68
2026-01-22T13:45:00.000Z,98.24
2026-01-22T14:00:00.000Z,97.61
2026-01-22T14:15:00.000Z,101.72
2026-01-22T14:30:00.000Z,105.00
2026-01-22T14:45:00.000Z,111.62
2026-01-22T15:00:00.000Z,105.69
2026-01-22T15:15:00.000Z,113.75
2026-01-22T15:30:00.000Z,121.93
2026-01-22T15:45:00.000Z,123.99
2026-01-22T16:00:00.000Z,122.65
2026-01-22T16:15:00.000Z,127.27
2026-01-22T16:30:00.000Z,126.38
2026-01-22T16:45:00.000Z,123.08
2026-01-22T17:00:00.000Z,122.41
2026-01-22T17:15:00.000Z,112.61
2026-01-22T17:30:00.000Z,110.06
2026-01-22T17:45:00.000Z,108.97
2026-01-22T18:00:00.000Z,106.05
2026-01-22T18:15:00.000Z,103.51
2026-01-22T18:30:00.000Z,103.56
2026-01-22T18:45:00.000Z,103.15
2026-01-22T19:00:00.000Z,101.75
2026-01-22T19:15:00.000Z,100.89
2026-01-22T19:30:00.000Z,101.05
2026-01-22T19:45:00.000Z,101.32
2026-01-22T20:00:00.000Z,101.75
2026-01-22T20:15:00.000Z,100.43
2026-01-22T20:30:00.000Z,97.99
2026-01-22T20:45:00.000Z,97.22
2026-01-22T21:00:00.000Z,98.19
2026-01-22T21:15:00.000Z,97.79
2026-01-22T21:30:00.000Z,96.76
2026-01-22T21:45:00.000Z,100.65
2026-01-22T22:00:00.000Z,96.39
2026-01-22T22:15:00.000Z,93.97
2026-01-22T22:30:00.000Z,94.12
2026-01-22T22:45:00.000Z,95.99
2026-01-22T23:00:00.000Z,95.30
2026-01-22T23:15:00.000Z,93.85
2026-01-22T23:30:00.000Z,93.47
2026-01-22T23:45:00.000Z,94.09
2026-01-23T00:00:00.000Z,93.61
2026-01-23T00:15:00.000Z,92.69
2026-01-23T00:30:00.000Z,93.12
2026-01-23T00:45:00.000Z,91.65
2026-01-23T01:00:00.000Z,91.75
2026-01-23T01:15:00.000Z,90.33
2026-01-23T01:30:00.000Z,89.80
2026-01-23T01:45:00.000Z,88.67
2026-01-23T02:00:00.000Z,91.40
2026-01-23T02:15:00.000Z,92.50
2026-01-23T02:30:00.000Z,92.09
2026-01-23T02:45:00.000Z,95.20
2026-01-23T03:00:00.000Z,92.57
2026-01-23T03:15:00.000Z,92.18
2026-01-23T03:30:00.000Z,92.90
2026-01-23T03:45:00.000Z,93.11
2026-01-23T04:00:00.000Z,92.86
2026-01-23T04:15:00.000Z,93.86
2026-01-23T04:30:00.000Z,93.30
2026-01-23T04:45:00.000Z,92.00
2026-01-23T05:00:00.000Z,105.03
2026-01-23T05:15:00.000Z,102.90
2026-01-23T05:30:00.000Z,100.17
2026-01-23T05:45:00.000Z,98.78
2026-01-23T06:00:00.000Z,101.63
2026-01-23T06:15:00.000Z,107.74
2026-01-23T06:30:00.000Z,115.00
2026-01-23T06:45:00.000Z,120.11
2026-01-23T07:00:00.000Z,131.46
2026-01-23T07:15:00.000Z,138.37
2026-01-23T07:30:00.000Z,134.64
2026-01-23T07:45:00.000Z,126.64
2026-01-23T08:00:00.000Z,158.05
2026-01-23T08:15:00.000Z,140.56
2026-01-23T08:30:00.000Z,130.30
2026-01-23T08:45:00.000Z,114.30
2026-01-23T09:00:00.000Z,132.29
2026-01-23T09:15:00.000Z,116.76
2026-01-23T09:30:00.000Z,108.70
2026-01-23T09:45:00.000Z,102.65
2026-01-23T10:00:00.000Z,103.12
2026-01-23T10:15:00.000Z,102.27
2026-01-23T10:30:00.000Z,103.73
2026-01-23T10:45:00.000Z,103.23
2026-01-23T11:00:00.000Z,102.45
2026-01-23T11:15:00.000Z,103.11
2026-01-23T11:30:00.000Z,103.91
2026-01-23T11:45:00.000Z,103.82
2026-01-23T12:00:00.000Z,100.21
2026-01-23T12:15:00.000Z,101.28
2026-01-23T12:30:00.000Z,101.09
2026-01-23T12:45:00.000Z,102.02
2026-01-23T13:00:00.000Z,104.17
2026-01-23T13:15:00.000Z,104.66
2026-01-23T13:30:00.000Z,104.47
2026-01-23T13:45:00.000Z,104.16
2026-01-23T14:00:00.000Z,100.12
2026-01-23T14:15:00.000Z,102.30
2026-01-23T14:30:00.000Z,109.14
2026-01-23T14:45:00.000Z,119.12
2026-01-23T15:00:00.000Z,107.94
2026-01-23T15:15:00.000Z,119.82
2026-01-23T15:30:00.000Z,124.94
2026-01-23T15:45:00.000Z,130.85
2026-01-23T16:00:00.000Z,122.33
2026-01-23T16:15:00.000Z,125.03
2026-01-23T16:30:00.000Z,128.52
2026-01-23T16:45:00.000Z,128.10
2026-01-23T17:00:00.000Z,123.99
2026-01-23T17:15:00.000Z,120.43
2026-01-23T17:30:00.000Z,118.65
2026-01-23T17:45:00.000Z,124.24
2026-01-23T18:00:00.000Z,118.18
2026-01-23T18:15:00.000Z,110.61
2026-01-23T18:30:00.000Z,107.56
2026-01-23T18:45:00.000Z,104.13
2026-01-23T19:00:00.000Z,107.31
2026-01-23T19:15:00.000Z,102.49
2026-01-23T19:30:00.000Z,100.11
2026-01-23T19:45:00.000Z,100.06
2026-01-23T20:00:00.000Z,102.33
2026-01-23T20:15:00.000Z,99.31
2026-01-23T20:30:00.000Z,98.14
2026-01-23T20:45:00.000Z,99.20
2026-01-23T21:00:00.000Z,97.88
2026-01-23T21:15:00.000Z,98.20
2026-01-23T21:30:00.000Z,98.69
2026-01-23T21:45:00.000Z,98.25
2026-01-23T22:00:00.000Z,97.22
2026-01-23T22:15:00.000Z,95.90
2026-01-23T22:30:00.000Z,94.98
2026-01-23T22:45:00.000Z,94.02
2026-01-23T23:00:00.000Z,106.84
2026-01-23T23:15:00.000Z,101.78
2026-01-23T23:30:00.000Z,98.25
2026-01-23T23:45:00.000Z,99.07
2026-01-24T00:00:00.000Z,99.24
2026-01-24T00:15:00.000Z,99.30
2026-01-24T00:30:00.000Z,96.38
2026-01-24T00:45:00.000Z,98.32
2026-01-24T01:00:00.000Z,94.64
2026-01-24T01:15:00.000Z,95.37
2026-01-24T01:30:00.000Z,95.73
2026-01-24T01:45:00.000Z,95.42
2026-01-24T02:00:00.000Z,94.37
2026-01-24T02:15:00.000Z,95.14
2026-01-24T02:30:00.000Z,94.79
2026-01-24T02:45:00.000Z,94.98
2026-01-24T03:00:00.000Z,95.01
2026-01-24T03:15:00.000Z,94.05
2026-01-24T03:30:00.000Z,94.66
2026-01-24T03:45:00.000Z,94.67
2026-01-24T04:00:00.000Z,95.04
2026-01-24T04:15:00.000Z,96.22
2026-01-24T04:30:00.000Z,95.62
2026-01-24T04:45:00.000Z,95.12
2026-01-24T05:00:00.000Z,101.81
2026-01-24T05:15:00.000Z,102.42
2026-01-24T05:30:00.000Z,101.41
2026-01-24T05:45:00.000Z,101.14
2026-01-24T06:00:00.000Z,99.51
2026-01-24T06:15:00.000Z,100.01
2026-01-24T06:30:00.000Z,101.59
2026-01-24T06:45:00.000Z,103.46
2026-01-24T07:00:00.000Z,110.62
2026-01-24T07:15:00.000Z,111.98
2026-01-24T07:30:00.000Z,113.23
2026-01-24T07:45:00.000Z,113.18
2026-01-24T08:00:00.000Z,131.13
2026-01-24T08:15:00.000Z,132.65
2026-01-24T08:30:00.000Z,126.56
2026-01-24T08:45:00.000Z,124.68
2026-01-24T09:00:00.000Z,136.51
2026-01-24T09:15:00.000Z,119.90
2026-01-24T09:30:00.000Z,114.24
2026-01-24T09:45:00.000Z,112.96
2026-01-24T10:00:00.000Z,111.76
2026-01-24T10:15:00.000Z,107.73
2026-01-24T10:30:00.000Z,107.13
2026-01-24T10:45:00.000Z,106.19
2026-01-24T11:00:00.000Z,108.11
2026-01-24T11:15:00.000Z,106.65
2026-01-24T11:30:00.000Z,106.23
2026-01-24T11:45:00.000Z,103.72
2026-01-24T12:00:00.000Z,103.06
2026-01-24T12:15:00.000Z,101.71
2026-01-24T12:30:00.000Z,101.70
2026-01-24T12:45:00.000Z,101.40
2026-01-24T13:00:00.000Z,102.20
2026-01-24T13:15:00.000Z,103.13
2026-01-24T13:30:00.000Z,105.43
2026-01-24T13:45:00.000Z,107.97
2026-01-24T14:00:00.000Z,103.91
2026-01-24T14:15:00.000Z,108.99
2026-01-24T14:30:00.000Z,120.24
2026-01-24T14:45:00.000Z,126.28
2026-01-24T15:00:00.000Z,114.91
2026-01-24T15:15:00.000Z,123.62
2026-01-24T15:30:00.000Z,134.33
2026-01-24T15:45:00.000Z,136.59
2026-01-24T16:00:00.000Z,136.58
2026-01-24T16:15:00.000Z,140.81
2026-01-24T16:30:00.000Z,143.07
2026-01-24T16:45:00.000Z,143.07
2026-01-24T17:00:00.000Z,143.07
2026-01-24T17:15:00.000Z,139.00
2026-01-24T17:30:00.000Z,134.92
2026-01-24T17:45:00.000Z,129.82
2026-01-24T18:00:00.000Z,131.15
2026-01-24T18:15:00.000Z,128.01
2026-01-24T18:30:00.000Z,128.12
2026-01-24T18:45:00.000Z,123.30
2026-01-24T19:00:00.000Z,115.79
2026-01-24T19:15:00.000Z,114.56
2026-01-24T19:30:00.000Z,110.13
2026-01-24T19:45:00.000Z,109.30
2026-01-24T20:00:00.000Z,104.39
2026-01-24T20:15:00.000Z,107.03
2026-01-24T20:30:00.000Z,106.50
2026-01-24T20:45:00.000Z,105.40
2026-01-24T21:00:00.000Z,107.40
2026-01-24T21:15:00.000Z,106.52
2026-01-24T21:30:00.000Z,111.17
2026-01-24T21:45:00.000Z,110.69
2026-01-24T22:00:00.000Z,108.19
2026-01-24T22:15:00.000Z,106.68
2026-01-24T22:30:00.000Z,106.67
2026-01-24T22:45:00.000Z,105.94
2026-01-24T23:00:00.000Z,102.16
2026-01-24T23:15:00.000Z,102.48
2026-01-24T23:30:00.000Z,104.24
2026-01-24T23:45:00.000Z,103.42
2026-01-25T00:00:00.000Z,99.05
2026-01-25T00:15:00.000Z,98.45
2026-01-25T00:30:00.000Z,98.92
2026-01-25T00:45:00.000Z,98.27
2026-01-25T01:00:00.000Z,98.88
2026-01-25T01:15:00.000Z,98.10
2026-01-25T01:30:00.000Z,98.18
2026-01-25T01:45:00.000Z,99.35
2026-01-25T02:00:00.000Z,97.96
2026-01-25T02:15:00.000Z,96.71
2026-01-25T02:30:00.000Z,96.56
2026-01-25T02:45:00.000Z,96.90
2026-01-25T03:00:00.000Z,96.73
2026-01-25T03:15:00.000Z,96.98
2026-01-25T03:30:00.000Z,96.10
2026-01-25T03:45:00.000Z,96.32
2026-01-25T04:00:00.000Z,100.18
2026-01-25T04:15:00.000Z,100.25
2026-01-25T04:30:00.000Z,99.47
2026-01-25T04:45:00.000Z,97.44
2026-01-25T05:00:00.000Z,104.88
2026-01-25T05:15:00.000Z,105.37
2026-01-25T05:30:00.000Z,104.86
2026-01-25T05:45:00.000Z,104.19
2026-01-25T06:00:00.000Z,103.09
2026-01-25T06:15:00.000Z,104.14
2026-01-25T06:30:00.000Z,105.15
2026-01-25T06:45:00.000Z,104.68
2026-01-25T07:00:00.000Z,104.99
2026-01-25T07:15:00.000Z,104.60
2026-01-25T07:30:00.000Z,106.14
2026-01-25T07:45:00.000Z,106.00
2026-01-25T08:00:00.000Z,107.21
2026-01-25T08:15:00.000Z,108.14
2026-01-25T08:30:00.000Z,107.70
2026-01-25T08:45:00.000Z,105.27
2026-01-25T09:00:00.000Z,107.16
2026-01-25T09:15:00.000Z,111.22
2026-01-25T09:30:00.000Z,108.83
2026-01-25T09:45:00.000Z,109.43
2026-01-25T10:00:00.000Z,113.78
2026-01-25T10:15:00.000Z,112.97
2026-01-25T10:30:00.000Z,112.99
2026-01-25T10:45:00.000Z,109.99
2026-01-25T11:00:00.000Z,119.92
2026-01-25T11:15:00.000Z,116.48
2026-01-25T11:30:00.000Z,116.70
2026-01-25T11:45:00.000Z,113.46
2026-01-25T12:00:00.000Z,116.65
2026-01-25T12:15:00.000Z,113.74
2026-01-25T12:30:00.000Z,111.76
2026-01-25T12:45:00.000Z,110.26
2026-01-25T13:00:00.000Z,110.06
2026-01-25T13:15:00.000Z,110.06
2026-01-25T13:30:00.000Z,110.06
2026-01-25T13:45:00.000Z,114.09
2026-01-25T14:00:00.000Z,107.40
2026-01-25T14:15:00.000Z,109.09
2026-01-25T14:30:00.000Z,112.23
2026-01-25T14:45:00.000Z,115.76
2026-01-25T15:00:00.000Z,107.58
2026-01-25T15:15:00.000Z,111.51
2026-01-25T15:30:00.000Z,119.19
2026-01-25T15:45:00.000Z,126.43
2026-01-25T16:00:00.000Z,120.75
2026-01-25T16:15:00.000Z,129.44
2026-01-25T16:30:00.000Z,129.61
2026-01-25T16:45:00.000Z,130.88
2026-01-25T17:00:00.000Z,134.81
2026-01-25T17:15:00.000Z,135.03
2026-01-25T17:30:00.000Z,134.26
2026-01-25T17:45:00.000Z,129.88
2026-01-25T18:00:00.000Z,132.51
2026-01-25T18:15:00.000Z,129.01
2026-01-25T18:30:00.000Z,126.71
2026-01-25T18:45:00.000Z,125.94
2026-01-25T19:00:00.000Z,129.00
2026-01-25T19:15:00.000Z,125.25
2026-01-25T19:30:00.000Z,117.47
2026-01-25T19:45:00.000Z,109.99
2026-01-25T20:00:00.000Z,116.89
2026-01-25T20:15:00.000Z,113.16
2026-01-25T20:30:00.000Z,109.07
2026-01-25T20:45:00.000Z,106.45
2026-01-25T21:00:00.000Z,112.93
2026-01-25T21:15:00.000Z,109.30
2026-01-25T21:30:00.000Z,106.08
2026-01-25T21:45:00.000Z,103.24
2026-01-25T22:00:00.000Z,104.45
2026-01-25T22:15:00.000Z,101.93
2026-01-25T22:30:00.000Z,100.18
2026-01-25T22:45:00.000Z,99.61
2026-01-25T23:00:00.000Z,102.58
2026-01-25T23:15:00.000Z,101.86
2026-01-25T23:30:00.000Z,98.69
2026-01-25T23:45:00.000Z,98.26
2026-01-26T00:00:00.000Z,99.42
2026-01-26T00:15:00.000Z,98.88
2026-01-26T00:30:00.000Z,99.13
2026-01-26T00:45:00.000Z,100.08
2026-01-26T01:00:00.000Z,99.14
2026-01-26T01:15:00.000Z,100.09
2026-01-26T01:30:00.000Z,101.21
2026-01-26T01:45:00.000Z,101.40
2026-01-26T02:00:00.000Z,100.56
2026-01-26T02:15:00.000Z,100.02
2026-01-26T02:30:00.000Z,100.76
2026-01-26T02:45:00.000Z,100.54
2026-01-26T03:00:00.000Z,102.21
2026-01-26T03:15:00.000Z,101.75
2026-01-26T03:30:00.000Z,100.66
2026-01-26T03:45:00.000Z,101.43
2026-01-26T04:00:00.000Z,94.59
2026-01-26T04:15:00.000Z,95.74
2026-01-26T04:30:00.000Z,98.12
2026-01-26T04:45:00.000Z,99.26
2026-01-26T05:00:00.000Z,100.62
2026-01-26T05:15:00.000Z,104.87
2026-01-26T05:30:00.000Z,109.59
2026-01-26T05:45:00.000Z,125.61
2026-01-26T06:00:00.000Z,98.46
2026-01-26T06:15:00.000Z,112.50
2026-01-26T06:30:00.000Z,125.20
2026-01-26T06:45:00.000Z,146.06
2026-01-26T07:00:00.000Z,125.69
2026-01-26T07:15:00.000Z,136.14
2026-01-26T07:30:00.000Z,143.46
2026-01-26T07:45:00.000Z,138.49
2026-01-26T08:00:00.000Z,140.81
2026-01-26T08:15:00.000Z,137.60
2026-01-26T08:30:00.000Z,130.19
2026-01-26T08:45:00.000Z,125.97
2026-01-26T09:00:00.000Z,149.99
2026-01-26T09:15:00.000Z,153.35
2026-01-26T09:30:00.000Z,150.00
2026-01-26T09:45:00.000Z,140.09
2026-01-26T10:00:00.000Z,141.68
2026-01-26T10:15:00.000Z,139.21
2026-01-26T10:30:00.000Z,134.95
2026-01-26T10:45:00.000Z,136.96
2026-01-26T11:00:00.000Z,148.87
2026-01-26T11:15:00.000Z,138.19
2026-01-26T11:30:00.000Z,134.79
2026-01-26T11:45:00.000Z,137.63
2026-01-26T12:00:00.000Z,126.63
2026-01-26T12:15:00.000Z,126.07
2026-01-26T12:30:00.000Z,126.57
2026-01-26T12:45:00.000Z,120.56
2026-01-26T13:00:00.000Z,123.82
2026-01-26T13:15:00.000Z,130.01
2026-01-26T13:30:00.000Z,133.71
2026-01-26T13:45:00.000Z,141.18
2026-01-26T14:00:00.000Z,140.78
2026-01-26T14:15:00.000Z,148.09
2026-01-26T14:30:00.000Z,151.11
2026-01-26T14:45:00.000Z,169.22
2026-01-26T15:00:00.000Z,150.26
2026-01-26T15:15:00.000Z,151.51
2026-01-26T15:30:00.000Z,168.34
2026-01-26T15:45:00.000Z,188.49
2026-01-26T16:00:00.000Z,150.63
2026-01-26T16:15:00.000Z,168.83
2026-01-26T16:30:00.000Z,190.26
2026-01-26T16:45:00.000Z,198.07
2026-01-26T17:00:00.000Z,186.95
2026-01-26T17:15:00.000Z,175.58
2026-01-26T17:30:00.000Z,178.20
2026-01-26T17:45:00.000Z,169.81
2026-01-26T18:00:00.000Z,182.37
2026-01-26T18:15:00.000Z,177.94
2026-01-26T18:30:00.000Z,163.84
2026-01-26T18:45:00.000Z,151.54
2026-01-26T19:00:00.000Z,163.47
2026-01-26T19:15:00.000Z,149.50
2026-01-26T19:30:00.000Z,144.91
2026-01-26T19:45:00.000Z,135.37
2026-01-26T20:00:00.000Z,145.30
2026-01-26T20:15:00.000Z,136.43
2026-01-26T20:30:00.000Z,136.36
2026-01-26T20:45:00.000Z,115.14
2026-01-26T21:00:00.000Z,132.04
2026-01-26T21:15:00.000Z,119.80
2026-01-26T21:30:00.000Z,110.70
2026-01-26T21:45:00.000Z,107.25
2026-01-26T22:00:00.000Z,113.99
2026-01-26T22:15:00.000Z,110.93
2026-01-26T22:30:00.000Z,104.98
2026-01-26T22:45:00.000Z,101.58
2026-01-26T23:00:00.000Z,118.83
2026-01-26T23:15:00.000Z,113.46
2026-01-26T23:30:00.000Z,109.70
2026-01-26T23:45:00.000Z,105.39
2026-01-27T00:00:00.000Z,112.06
2026-01-27T00:15:00.000Z,108.03
2026-01-27T00:30:00.000Z,106.19
2026-01-27T00:45:00.000Z,102.83
2026-01-27T01:00:00.000Z,105.08
2026-01-27T01:15:00.000Z,102.78
2026-01-27T01:30:00.000Z,100.85
2026-01-27T01:45:00.000Z,100.85
2026-01-27T02:00:00.000Z,100.85
2026-01-27T02:15:00.000Z,100.60
2026-01-27T02:30:00.000Z,100.71
2026-01-27T02:45:00.000Z,100.44
2026-01-27T03:00:00.000Z,100.29
2026-01-27T03:15:00.000Z,99.86
2026-01-27T03:30:00.000Z,100.00
2026-01-27T03:45:00.000Z,100.25
2026-01-27T04:00:00.000Z,100.21
2026-01-27T04:15:00.000Z,102.74
2026-01-27T04:30:00.000Z,104.58
2026-01-27T04:45:00.000Z,105.92
2026-01-27T05:00:00.000Z,106.73
2026-01-27T05:15:00.000Z,110.90
2026-01-27T05:30:00.000Z,121.16
2026-01-27T05:45:00.000Z,136.06
2026-01-27T06:00:00.000Z,132.59
2026-01-27T06:15:00.000Z,147.92
2026-01-27T06:30:00.000Z,157.07
2026-01-27T06:45:00.000Z,171.96
2026-01-27T07:00:00.000Z,190.01
2026-01-27T07:15:00.000Z,196.08
2026-01-27T07:30:00.000Z,197.69
2026-01-27T07:45:00.000Z,204.29
2026-01-27T08:00:00.000Z,197.83
2026-01-27T08:15:00.000Z,197.28
2026-01-27T08:30:00.000Z,198.29
2026-01-27T08:45:00.000Z,211.41
2026-01-27T09:00:00.000Z,197.51
2026-01-27T09:15:00.000Z,196.52
2026-01-27T09:30:00.000Z,183.66
2026-01-27T09:45:00.000Z,171.98
2026-01-27T10:00:00.000Z,168.97
2026-01-27T10:15:00.000Z,157.96
2026-01-27T10:30:00.000Z,149.93
2026-01-27T10:45:00.000Z,139.75
2026-01-27T11:00:00.000Z,137.84
2026-01-27T11:15:00.000Z,126.54
2026-01-27T11:30:00.000Z,125.45
2026-01-27T11:45:00.000Z,122.15
2026-01-27T12:00:00.000Z,122.35
2026-01-27T12:15:00.000Z,120.00
2026-01-27T12:30:00.000Z,116.57
2026-01-27T12:45:00.000Z,115.66
2026-01-27T13:00:00.000Z,116.24
2026-01-27T13:15:00.000Z,118.72
2026-01-27T13:30:00.000Z,119.06
2026-01-27T13:45:00.000Z,118.15
2026-01-27T14:00:00.000Z,117.14
2026-01-27T14:15:00.000Z,120.62
2026-01-27T14:30:00.000Z,129.37
2026-01-27T14:45:00.000Z,134.94
2026-01-27T15:00:00.000Z,126.31
2026-01-27T15:15:00.000Z,139.37
2026-01-27T15:30:00.000Z,152.41
2026-01-27T15:45:00.000Z,165.51
2026-01-27T16:00:00.000Z,164.68
2026-01-27T16:15:00.000Z,171.96
2026-01-27T16:30:00.000Z,169.09
2026-01-27T16:45:00.000Z,160.48
2026-01-27T17:00:00.000Z,163.85
2026-01-27T17:15:00.000Z,145.66
2026-01-27T17:30:00.000Z,131.02
2026-01-27T17:45:00.000Z,140.62
2026-01-27T18:00:00.000Z,136.91
2026-01-27T18:15:00.000Z,125.42
2026-01-27T18:30:00.000Z,125.32
2026-01-27T18:45:00.000Z,121.92
2026-01-27T19:00:00.000Z,118.25
2026-01-27T19:15:00.000Z,112.18
2026-01-27T19:30:00.000Z,107.62
2026-01-27T19:45:00.000Z,107.10
2026-01-27T20:00:00.000Z,113.27
2026-01-27T20:15:00.000Z,115.49
2026-01-27T20:30:00.000Z,117.80
2026-01-27T20:45:00.000Z,113.05
2026-01-27T21:00:00.000Z,113.10
2026-01-27T21:15:00.000Z,111.45
2026-01-27T21:30:00.000Z,115.57
2026-01-27T21:45:00.000Z,112.05
2026-01-27T22:00:00.000Z,112.61
2026-01-27T22:15:00.000Z,106.15
2026-01-27T22:30:00.000Z,105.86
2026-01-27T22:45:00.000Z,104.09
2026-01-27T23:00:00.000Z,104.87
2026-01-27T23:15:00.000Z,103.26
2026-01-27T23:30:00.000Z,99.43
2026-01-27T23:45:00.000Z,99.07
2026-01-28T00:00:00.000Z,103.49
2026-01-28T00:15:00.000Z,100.52
2026-01-28T00:30:00.000Z,99.85
2026-01-28T00:45:00.000Z,99.39
2026-01-28T01:00:00.000Z,102.71
2026-01-28T01:15:00.000Z,102.78
2026-01-28T01:30:00.000Z,100.49
2026-01-28T01:45:00.000Z,99.67
2026-01-28T02:00:00.000Z,99.62
2026-01-28T02:15:00.000Z,99.28
2026-01-28T02:30:00.000Z,99.41
2026-01-28T02:45:00.000Z,99.00
2026-01-28T03:00:00.000Z,99.63
2026-01-28T03:15:00.000Z,99.05
2026-01-28T03:30:00.000Z,99.62
2026-01-28T03:45:00.000Z,100.69
2026-01-28T04:00:00.000Z,100.99
2026-01-28T04:15:00.000Z,101.35
2026-01-28T04:30:00.000Z,101.61
2026-01-28T04:45:00.000Z,98.54
2026-01-28T05:00:00.000Z,100.64
2026-01-28T05:15:00.000Z,102.60
2026-01-28T05:30:00.000Z,107.74
2026-01-28T05:45:00.000Z,110.60
2026-01-28T06:00:00.000Z,121.33
2026-01-28T06:15:00.000Z,135.07
2026-01-28T06:30:00.000Z,137.30
2026-01-28T06:45:00.000Z,149.45
2026-01-28T07:00:00.000Z,156.00
2026-01-28T07:15:00.000Z,163.53
2026-01-28T07:30:00.000Z,169.84
2026-01-28T07:45:00.000Z,179.77
2026-01-28T08:00:00.000Z,182.03
2026-01-28T08:15:00.000Z,179.49
2026-01-28T08:30:00.000Z,167.51
2026-01-28T08:45:00.000Z,166.18
2026-01-28T09:00:00.000Z,188.02
2026-01-28T09:15:00.000Z,174.48
2026-01-28T09:30:00.000Z,169.14
2026-01-28T09:45:00.000Z,155.93
2026-01-28T10:00:00.000Z,170.56
2026-01-28T10:15:00.000Z,163.18
2026-01-28T10:30:00.000Z,165.32
2026-01-28T10:45:00.000Z,164.65
2026-01-28T11:00:00.000Z,161.41
2026-01-28T11:15:00.000Z,157.88
2026-01-28T11:30:00.000Z,153.86
2026-01-28T11:45:00.000Z,152.67
2026-01-28T12:00:00.000Z,151.17
2026-01-28T12:15:00.000Z,154.95
2026-01-28T12:30:00.000Z,144.41
2026-01-28T12:45:00.000Z,137.73
2026-01-28T13:00:00.000Z,140.66
2026-01-28T13:15:00.000Z,138.09
2026-01-28T13:30:00.000Z,138.64
2026-01-28T13:45:00.000Z,144.91
2026-01-28T14:00:00.000Z,144.91
2026-01-28T14:15:00.000Z,144.91
2026-01-28T14:30:00.000Z,139.52
2026-01-28T14:45:00.000Z,145.27
2026-01-28T15:00:00.000Z,140.38
2026-01-28T15:15:00.000Z,143.08
2026-01-28T15:30:00.000Z,148.00
2026-01-28T15:45:00.000Z,156.63
2026-01-28T16:00:00.000Z,152.95
2026-01-28T16:15:00.000Z,171.62
2026-01-28T16:30:00.000Z,170.36
2026-01-28T16:45:00.000Z,169.26
2026-01-28T17:00:00.000Z,173.63
2026-01-28T17:15:00.000Z,171.18
2026-01-28T17:30:00.000Z,168.06
2026-01-28T17:45:00.000Z,167.89
2026-01-28T18:00:00.000Z,169.50
2026-01-28T18:15:00.000Z,166.54
2026-01-28T18:30:00.000Z,160.92
2026-01-28T18:45:00.000Z,144.73
2026-01-28T19:00:00.000Z,135.29
2026-01-28T19:15:00.000Z,128.16
2026-01-28T19:30:00.000Z,127.91
2026-01-28T19:45:00.000Z,119.10
2026-01-28T20:00:00.000Z,130.39
2026-01-28T20:15:00.000Z,119.92
2026-01-28T20:30:00.000Z,112.06
2026-01-28T20:45:00.000Z,109.73
2026-01-28T21:00:00.000Z,122.31
2026-01-28T21:15:00.000Z,114.28
2026-01-28T21:30:00.000Z,114.77
2026-01-28T21:45:00.000Z,107.97
2026-01-28T22:00:00.000Z,116.13
2026-01-28T22:15:00.000Z,109.21
2026-01-28T22:30:00.000Z,107.93
2026-01-28T22:45:00.000Z,104.01
2026-01-28T23:00:00.000Z,103.77
2026-01-28T23:15:00.000Z,104.52
2026-01-28T23:30:00.000Z,103.82
2026-01-28T23:45:00.000Z,101.91
2026-01-29T00:00:00.000Z,105.80
2026-01-29T00:15:00.000Z,104.03
2026-01-29T00:30:00.000Z,103.73
2026-01-29T00:45:00.000Z,102.43
2026-01-29T01:00:00.000Z,103.00
2026-01-29T01:15:00.000Z,102.59
2026-01-29T01:30:00.000Z,101.67
2026-01-29T01:45:00.000Z,100.23
2026-01-29T02:00:00.000Z,100.03
2026-01-29T02:15:00.000Z,100.00
2026-01-29T02:30:00.000Z,99.75
2026-01-29T02:45:00.000Z,100.00
2026-01-29T03:00:00.000Z,99.45
2026-01-29T03:15:00.000Z,100.20
2026-01-29T03:30:00.000Z,99.81
2026-01-29T03:45:00.000Z,100.63
2026-01-29T04:00:00.000Z,99.37
2026-01-29T04:15:00.000Z,98.63
2026-01-29T04:30:00.000Z,98.95
2026-01-29T04:45:00.000Z,96.63
2026-01-29T05:00:00.000Z,98.86
2026-01-29T05:15:00.000Z,99.73
2026-01-29T05:30:00.000Z,106.91
2026-01-29T05:45:00.000Z,120.21
2026-01-29T06:00:00.000Z,120.94
2026-01-29T06:15:00.000Z,144.31
2026-01-29T06:30:00.000Z,160.32
2026-01-29T06:45:00.000Z,163.47
2026-01-29T07:00:00.000Z,155.30
2026-01-29T07:15:00.000Z,157.60
2026-01-29T07:30:00.000Z,158.85
2026-01-29T07:45:00.000Z,159.63
2026-01-29T08:00:00.000Z,166.04
2026-01-29T08:15:00.000Z,158.80
2026-01-29T08:30:00.000Z,160.51
2026-01-29T08:45:00.000Z,155.23
2026-01-29T09:00:00.000Z,159.31
2026-01-29T09:15:00.000Z,154.24
2026-01-29T09:30:00.000Z,147.74
2026-01-29T09:45:00.000Z,142.11
2026-01-29T10:00:00.000Z,151.10
2026-01-29T10:15:00.000Z,145.27
2026-01-29T10:30:00.000Z,141.80
2026-01-29T10:45:00.000Z,135.79
2026-01-29T11:00:00.000Z,136.29
2026-01-29T11:15:00.000Z,132.24
2026-01-29T11:30:00.000Z,130.05
2026-01-29T11:45:00.000Z,127.37
2026-01-29T12:00:00.000Z,139.09
2026-01-29T12:15:00.000Z,131.17
2026-01-29T12:30:00.000Z,129.83
2026-01-29T12:45:00.000Z,129.15
2026-01-29T13:00:00.000Z,129.02
2026-01-29T13:15:00.000Z,129.47
2026-01-29T13:30:00.000Z,134.29
2026-01-29T13:45:00.000Z,134.71
2026-01-29T14:00:00.000Z,132.39
2026-01-29T14:15:00.000Z,133.68
2026-01-29T14:30:00.000Z,136.31
2026-01-29T14:45:00.000Z,144.62
2026-01-29T15:00:00.000Z,135.97
2026-01-29T15:15:00.000Z,142.38
2026-01-29T15:30:00.000Z,144.79
2026-01-29T15:45:00.000Z,154.91
2026-01-29T16:00:00.000Z,149.98
2026-01-29T16:15:00.000Z,151.25
2026-01-29T16:30:00.000Z,154.70
2026-01-29T16:45:00.000Z,154.20
2026-01-29T17:00:00.000Z,152.90
2026-01-29T17:15:00.000Z,151.39
2026-01-29T17:30:00.000Z,148.75
2026-01-29T17:45:00.000Z,146.44
2026-01-29T18:00:00.000Z,139.60
2026-01-29T18:15:00.000Z,133.21
2026-01-29T18:30:00.000Z,131.17
2026-01-29T18:45:00.000Z,119.26
2026-01-29T19:00:00.000Z,131.57
2026-01-29T19:15:00.000Z,115.35
2026-01-29T19:30:00.000Z,110.49
2026-01-29T19:45:00.000Z,105.62
2026-01-29T20:00:00.000Z,114.28
2026-01-29T20:15:00.000Z,105.67
2026-01-29T20:30:00.000Z,101.98
2026-01-29T20:45:00.000Z,100.82
2026-01-29T21:00:00.000Z,103.46
2026-01-29T21:15:00.000Z,101.97
2026-01-29T21:30:00.000Z,102.38
2026-01-29T21:45:00.000Z,104.21
2026-01-29T22:00:00.000Z,101.69
2026-01-29T22:15:00.000Z,100.71
2026-01-29T22:30:00.000Z,102.00
2026-01-29T22:45:00.000Z,100.86
2026-01-29T23:00:00.000Z,102.44
2026-01-29T23:15:00.000Z,105.02
2026-01-29T23:30:00.000Z,102.67
2026-01-29T23:45:00.000Z,102.60
2026-01-30T00:00:00.000Z,105.84
2026-01-30T00:15:00.000Z,104.91
2026-01-30T00:30:00.000Z,103.80
2026-01-30T00:45:00.000Z,102.23
2026-01-30T01:00:00.000Z,104.47
2026-01-30T01:15:00.000Z,103.25
2026-01-30T01:30:00.000Z,101.29
2026-01-30T01:45:00.000Z,101.53
2026-01-30T02:00:00.000Z,100.31
2026-01-30T02:15:00.000Z,99.97
2026-01-30T02:30:00.000Z,100.59
2026-01-30T02:45:00.000Z,99.67
2026-01-30T03:00:00.000Z,97.01
2026-01-30T03:15:00.000Z,96.54
2026-01-30T03:30:00.000Z,96.88
2026-01-30T03:45:00.000Z,94.90
2026-01-30T04:00:00.000Z,96.03
2026-01-30T04:15:00.000Z,92.69
2026-01-30T04:30:00.000Z,89.76
2026-01-30T04:45:00.000Z,89.16
2026-01-30T05:00:00.000Z,96.87
2026-01-30T05:15:00.000Z,95.33
2026-01-30T05:30:00.000Z,95.55
2026-01-30T05:45:00.000Z,97.49
2026-01-30T06:00:00.000Z,100.56
2026-01-30T06:15:00.000Z,107.65
2026-01-30T06:30:00.000Z,116.74
2026-01-30T06:45:00.000Z,123.13
2026-01-30T07:00:00.000Z,131.89
2026-01-30T07:15:00.000Z,140.13
2026-01-30T07:30:00.000Z,134.12
2026-01-30T07:45:00.000Z,130.26
2026-01-30T08:00:00.000Z,125.11
2026-01-30T08:15:00.000Z,120.68
2026-01-30T08:30:00.000Z,107.14
2026-01-30T08:45:00.000Z,99.74
2026-01-30T09:00:00.000Z,119.07
2026-01-30T09:15:00.000Z,111.08
2026-01-30T09:30:00.000Z,102.20
2026-01-30T09:45:00.000Z,98.47
2026-01-30T10:00:00.000Z,117.48
2026-01-30T10:15:00.000Z,112.05
2026-01-30T10:30:00.000Z,112.68
2026-01-30T10:45:00.000Z,106.66
2026-01-30T11:00:00.000Z,118.53
2026-01-30T11:15:00.000Z,107.82
2026-01-30T11:30:00.000Z,105.26
2026-01-30T11:45:00.000Z,102.58
2026-01-30T12:00:00.000Z,106.37
2026-01-30T12:15:00.000Z,104.06
2026-01-30T12:30:00.000Z,100.46
2026-01-30T12:45:00.000Z,99.99
2026-01-30T13:00:00.000Z,101.60
2026-01-30T13:15:00.000Z,101.23
2026-01-30T13:30:00.000Z,103.37
2026-01-30T13:45:00.000Z,103.07
2026-01-30T14:00:00.000Z,100.66
2026-01-30T14:15:00.000Z,102.26
2026-01-30T14:30:00.000Z,104.75
2026-01-30T14:45:00.000Z,110.29
2026-01-30T15:00:00.000Z,102.35
2026-01-30T15:15:00.000Z,106.27
2026-01-30T15:30:00.000Z,109.97
2026-01-30T15:45:00.000Z,111.62
2026-01-30T16:00:00.000Z,111.90
2026-01-30T16:15:00.000Z,117.51
2026-01-30T16:30:00.000Z,123.95
2026-01-30T16:45:00.000Z,121.22
2026-01-30T17:00:00.000Z,123.46
2026-01-30T17:15:00.000Z,114.49
2026-01-30T17:30:00.000Z,110.96
2026-01-30T17:45:00.000Z,106.10
2026-01-30T18:00:00.000Z,111.14
2026-01-30T18:15:00.000Z,106.10
2026-01-30T18:30:00.000Z,106.96
2026-01-30T18:45:00.000Z,107.65
2026-01-30T19:00:00.000Z,108.72
2026-01-30T19:15:00.000Z,105.67
2026-01-30T19:30:00.000Z,105.03
2026-01-30T19:45:00.000Z,105.68
2026-01-30T20:00:00.000Z,104.84
2026-01-30T20:15:00.000Z,103.81
2026-01-30T20:30:00.000Z,104.72
2026-01-30T20:45:00.000Z,109.31
2026-01-30T21:00:00.000Z,100.37
2026-01-30T21:15:00.000Z,102.84
2026-01-30T21:30:00.000Z,107.34
2026-01-30T21:45:00.000Z,109.00
2026-01-30T22:00:00.000Z,107.31
2026-01-30T22:15:00.000Z,105.81
2026-01-30T22:30:00.000Z,104.43
2026-01-30T22:45:00.000Z,100.64
2026-01-30T23:00:00.000Z,106.69
2026-01-30T23:15:00.000Z,109.57
2026-01-30T23:30:00.000Z,106.93
2026-01-30T23:45:00.000Z,106.81
2026-01-31T00:00:00.000Z,108.72
2026-01-31T00:15:00.000Z,108.15
2026-01-31T00:30:00.000Z,108.50
2026-01-31T00:45:00.000Z,107.14
2026-01-31T01:00:00.000Z,103.92
2026-01-31T01:15:00.000Z,104.41
2026-01-31T01:30:00.000Z,105.76
2026-01-31T01:45:00.000Z,106.03
2026-01-31T02:00:00.000Z,104.94
2026-01-31T02:15:00.000Z,104.62
2026-01-31T02:30:00.000Z,104.39
2026-01-31T02:45:00.000Z,104.68
2026-01-31T03:00:00.000Z,103.87
2026-01-31T03:15:00.000Z,103.85
2026-01-31T03:30:00.000Z,104.10
2026-01-31T03:45:00.000Z,104.55
2026-01-31T04:00:00.000Z,104.80
2026-01-31T04:15:00.000Z,104.84
2026-01-31T04:30:00.000Z,105.12
2026-01-31T04:45:00.000Z,105.11
2026-01-31T05:00:00.000Z,105.90
2026-01-31T05:15:00.000Z,105.36
2026-01-31T05:30:00.000Z,106.22
2026-01-31T05:45:00.000Z,106.54
2026-01-31T06:00:00.000Z,106.26
2026-01-31T06:15:00.000Z,106.24
2026-01-31T06:30:00.000Z,105.86
2026-01-31T06:45:00.000Z,107.42
2026-01-31T07:00:00.000Z,108.75
2026-01-31T07:15:00.000Z,106.03
2026-01-31T07:30:00.000Z,101.21
2026-01-31T07:45:00.000Z,101.76
2026-01-31T08:00:00.000Z,102.67
2026-01-31T08:15:00.000Z,103.52
2026-01-31T08:30:00.000Z,102.05
2026-01-31T08:45:00.000Z,103.03
2026-01-31T09:00:00.000Z,102.42
2026-01-31T09:15:00.000Z,104.16
2026-01-31T09:30:00.000Z,103.84
2026-01-31T09:45:00.000Z,104.33
2026-01-31T10:00:00.000Z,105.86
2026-01-31T10:15:00.000Z,105.07
2026-01-31T10:30:00.000Z,105.46
2026-01-31T10:45:00.000Z,105.75
2026-01-31T11:00:00.000Z,110.06
2026-01-31T11:15:00.000Z,109.07
2026-01-31T11:30:00.000Z,107.24
2026-01-31T11:45:00.000Z,104.83
2026-01-31T12:00:00.000Z,105.22
2026-01-31T12:15:00.000Z,103.55
2026-01-31T12:30:00.000Z,102.38
2026-01-31T12:45:00.000Z,103.05
2026-01-31T13:00:00.000Z,111.67
2026-01-31T13:15:00.000Z,106.65
2026-01-31T13:30:00.000Z,105.83
2026-01-31T13:45:00.000Z,102.75
2026-01-31T14:00:00.000Z,104.91
2026-01-31T14:15:00.000Z,104.60
2026-01-31T14:30:00.000Z,101.90
2026-01-31T14:45:00.000Z,101.78
2026-01-31T15:00:00.000Z,102.81
2026-01-31T15:15:00.000Z,99.11
2026-01-31T15:30:00.000Z,102.35
2026-01-31T15:45:00.000Z,105.44
2026-01-31T16:00:00.000Z,102.90
2026-01-31T16:15:00.000Z,103.39
2026-01-31T16:30:00.000Z,106.96
2026-01-31T16:45:00.000Z,109.93
2026-01-31T17:00:00.000Z,109.64
2026-01-31T17:15:00.000Z,109.81
2026-01-31T17:30:00.000Z,108.36
2026-01-31T17:45:00.000Z,107.57
2026-01-31T18:00:00.000Z,108.60
2026-01-31T18:15:00.000Z,107.64
2026-01-31T18:30:00.000Z,105.86
2026-01-31T18:45:00.000Z,105.59
2026-01-31T19:00:00.000Z,104.83
2026-01-31T19:15:00.000Z,104.32
2026-01-31T19:30:00.000Z,104.24
2026-01-31T19:45:00.000Z,105.88
2026-01-31T20:00:00.000Z,104.01
2026-01-31T20:15:00.000Z,102.39
2026-01-31T20:30:00.000Z,105.35
2026-01-31T20:45:00.000Z,106.18
2026-01-31T21:00:00.000Z,105.72
2026-01-31T21:15:00.000Z,106.45
2026-01-31T21:30:00.000Z,109.50
2026-01-31T21:45:00.000Z,111.52
2026-01-31T22:00:00.000Z,111.59
2026-01-31T22:15:00.000Z,111.36
2026-01-31T22:30:00.000Z,107.92
2026-01-31T22:45:00.000Z,109.09
2026-01-31T23:00:00.000Z,113.14
2026-01-31T23:15:00.000Z,112.28
2026-01-31T23:30:00.000Z,112.06
2026-01-31T23:45:00.000Z,111.45
2026-02-01T00:00:00.000Z,112.26
2026-02-01T00:15:00.000Z,111.86
2026-02-01T00:30:00.000Z,111.65
2026-02-01T00:45:00.000Z,110.59
2026-02-01T01:00:00.000Z,112.62
2026-02-01T01:15:00.000Z,111.68
2026-02-01T01:30:00.000Z,111.85
2026-02-01T01:45:00.000Z,110.19
2026-02-01T02:00:00.000Z,110.06
2026-02-01T02:15:00.000Z,109.85
2026-02-01T02:30:00.000Z,109.15
2026-02-01T02:45:00.000Z,109.74
2026-02-01T03:00:00.000Z,109.94
2026-02-01T03:15:00.000Z,109.61
2026-02-01T03:30:00.000Z,108.79
2026-02-01T03:45:00.000Z,108.40
2026-02-01T04:00:00.000Z,108.98
2026-02-01T04:15:00.000Z,108.52
2026-02-01T04:30:00.000Z,108.30
2026-02-01T04:45:00.000Z,107.73
2026-02-01T05:00:00.000Z,108.97
2026-02-01T05:15:00.000Z,109.21
2026-02-01T05:30:00.000Z,107.93
2026-02-01T05:45:00.000Z,108.18
2026-02-01T06:00:00.000Z,110.23
2026-02-01T06:15:00.000Z,110.32
2026-02-01T06:30:00.000Z,107.33
2026-02-01T06:45:00.000Z,105.76
2026-02-01T07:00:00.000Z,107.80
2026-02-01T07:15:00.000Z,108.22
2026-02-01T07:30:00.000Z,109.02
2026-02-01T07:45:00.000Z,109.05
2026-02-01T08:00:00.000Z,113.80
2026-02-01T08:15:00.000Z,114.54
2026-02-01T08:30:00.000Z,112.47
2026-02-01T08:45:00.000Z,109.38
2026-02-01T09:00:00.000Z,113.80
2026-02-01T09:15:00.000Z,107.18
2026-02-01T09:30:00.000Z,105.65
2026-02-01T09:45:00.000Z,104.86
2026-02-01T10:00:00.000Z,114.27
2026-02-01T10:15:00.000Z,106.41
2026-02-01T10:30:00.000Z,104.61
2026-02-01T10:45:00.000Z,107.18
2026-02-01T11:00:00.000Z,108.56
2026-02-01T11:15:00.000Z,105.35
2026-02-01T11:30:00.000Z,105.64
2026-02-01T11:45:00.000Z,107.60
2026-02-01T12:00:00.000Z,103.08
2026-02-01T12:15:00.000Z,103.25
2026-02-01T12:30:00.000Z,104.44
2026-02-01T12:45:00.000Z,106.15
2026-02-01T13:00:00.000Z,103.19
2026-02-01T13:15:00.000Z,102.79
2026-02-01T13:30:00.000Z,103.63
2026-02-01T13:45:00.000Z,106.94
2026-02-01T14:00:00.000Z,99.71
2026-02-01T14:15:00.000Z,100.39
2026-02-01T14:30:00.000Z,102.02
2026-02-01T14:45:00.000Z,103.95
2026-02-01T15:00:00.000Z,103.40
2026-02-01T15:15:00.000Z,104.96
2026-02-01T15:30:00.000Z,107.21
2026-02-01T15:45:00.000Z,107.01
2026-02-01T16:00:00.000Z,113.80
2026-02-01T16:15:00.000Z,113.46
2026-02-01T16:30:00.000Z,106.92
2026-02-01T16:45:00.000Z,104.86
2026-02-01T17:00:00.000Z,110.64
2026-02-01T17:15:00.000Z,108.01
2026-02-01T17:30:00.000Z,104.95
2026-02-01T17:45:00.000Z,102.54
2026-02-01T18:00:00.000Z,115.85
2026-02-01T18:15:00.000Z,110.19
2026-02-01T18:30:00.000Z,106.37
2026-02-01T18:45:00.000Z,107.24
2026-02-01T19:00:00.000Z,108.77
2026-02-01T19:15:00.000Z,107.19
2026-02-01T19:30:00.000Z,106.86
2026-02-01T19:45:00.000Z,107.52
2026-02-01T20:00:00.000Z,110.91
2026-02-01T20:15:00.000Z,103.78
2026-02-01T20:30:00.000Z,103.96
2026-02-01T20:45:00.000Z,103.76
2026-02-01T21:00:00.000Z,104.42
2026-02-01T21:15:00.000Z,107.45
2026-02-01T21:30:00.000Z,109.61
2026-02-01T21:45:00.000Z,107.76
2026-02-01T22:00:00.000Z,105.70
2026-02-01T22:15:00.000Z,105.59
2026-02-01T22:30:00.000Z,105.12
2026-02-01T22:45:00.000Z,104.23
2026-02-01T23:00:00.000Z,108.82
2026-02-01T23:15:00.000Z,106.60
2026-02-01T23:30:00.000Z,105.48
2026-02-01T23:45:00.000Z,104.74
2026-02-02T00:00:00.000Z,109.23
2026-02-02T00:15:00.000Z,107.82
2026-02-02T00:30:00.000Z,109.34
2026-02-02T00:45:00.000Z,109.71
2026-02-02T01:00:00.000Z,108.79
2026-02-02T01:15:00.000Z,108.80
2026-02-02T01:30:00.000Z,108.41
2026-02-02T01:45:00.000Z,108.33
2026-02-02T02:00:00.000Z,108.12
2026-02-02T02:15:00.000Z,108.55
2026-02-02T02:30:00.000Z,108.81
2026-02-02T02:45:00.000Z,108.73
2026-02-02T03:00:00.000Z,101.86
2026-02-02T03:15:00.000Z,102.15
2026-02-02T03:30:00.000Z,105.73
2026-02-02T03:45:00.000Z,107.80
2026-02-02T04:00:00.000Z,99.49
2026-02-02T04:15:00.000Z,104.96
2026-02-02T04:30:00.000Z,109.38
2026-02-02T04:45:00.000Z,110.54
2026-02-02T05:00:00.000Z,103.19
2026-02-02T05:15:00.000Z,109.10
2026-02-02T05:30:00.000Z,107.56
2026-02-02T05:45:00.000Z,106.96
2026-02-02T06:00:00.000Z,110.37
2026-02-02T06:15:00.000Z,113.76
2026-02-02T06:30:00.000Z,113.76
2026-02-02T06:45:00.000Z,113.76
2026-02-02T07:00:00.000Z,115.13
2026-02-02T07:15:00.000Z,118.31
2026-02-02T07:30:00.000Z,118.34
2026-02-02T07:45:00.000Z,116.46
2026-02-02T08:00:00.000Z,129.97
2026-02-02T08:15:00.000Z,133.61
2026-02-02T08:30:00.000Z,131.86
2026-02-02T08:45:00.000Z,119.05
2026-02-02T09:00:00.000Z,133.83
2026-02-02T09:15:00.000Z,125.62
2026-02-02T09:30:00.000Z,121.28
2026-02-02T09:45:00.000Z,117.53
2026-02-02T10:00:00.000Z,130.46
2026-02-02T10:15:00.000Z,125.52
2026-02-02T10:30:00.000Z,124.71
2026-02-02T10:45:00.000Z,121.44
2026-02-02T11:00:00.000Z,121.50
2026-02-02T11:15:00.000Z,120.34
2026-02-02T11:30:00.000Z,119.15
2026-02-02T11:45:00.000Z,117.74
2026-02-02T12:00:00.000Z,113.19
2026-02-02T12:15:00.000Z,112.30
2026-02-02T12:30:00.000Z,112.31
2026-02-02T12:45:00.000Z,112.15
2026-02-02T13:00:00.000Z,110.64
2026-02-02T13:15:00.000Z,110.42
2026-02-02T13:30:00.000Z,111.10
2026-02-02T13:45:00.000Z,111.40
2026-02-02T14:00:00.000Z,110.52
2026-02-02T14:15:00.000Z,110.32
2026-02-02T14:30:00.000Z,111.46
2026-02-02T14:45:00.000Z,115.61
2026-02-02T15:00:00.000Z,110.74
2026-02-02T15:15:00.000Z,114.56
2026-02-02T15:30:00.000Z,117.59
2026-02-02T15:45:00.000Z,114.48
2026-02-02T16:00:00.000Z,111.13
2026-02-02T16:15:00.000Z,113.87
2026-02-02T16:30:00.000Z,116.20
2026-02-02T16:45:00.000Z,114.26
2026-02-02T17:00:00.000Z,117.18
2026-02-02T17:15:00.000Z,113.45
2026-02-02T17:30:00.000Z,114.04
2026-02-02T17:45:00.000Z,111.94
2026-02-02T18:00:00.000Z,112.66
2026-02-02T18:15:00.000Z,111.72
2026-02-02T18:30:00.000Z,111.19
2026-02-02T18:45:00.000Z,111.27
2026-02-02T19:00:00.000Z,108.90
2026-02-02T19:15:00.000Z,108.61
2026-02-02T19:30:00.000Z,108.39
2026-02-02T19:45:00.000Z,109.46
2026-02-02T20:00:00.000Z,110.79
2026-02-02T20:15:00.000Z,110.32
2026-02-02T20:30:00.000Z,110.44
2026-02-02T20:45:00.000Z,109.56
2026-02-02T21:00:00.000Z,109.63
2026-02-02T21:15:00.000Z,109.35
2026-02-02T21:30:00.000Z,109.22
2026-02-02T21:45:00.000Z,107.28
2026-02-02T22:00:00.000Z,104.98
2026-02-02T22:15:00.000Z,101.21
2026-02-02T22:30:00.000Z,100.79
2026-02-02T22:45:00.000Z,98.98
2026-02-02T23:00:00.000Z,101.55
2026-02-02T23:15:00.000Z,100.19
2026-02-02T23:30:00.000Z,99.03
2026-02-02T23:45:00.000Z,98.56
2026-02-03T00:00:00.000Z,100.75
2026-02-03T00:15:00.000Z,100.31
2026-02-03T00:30:00.000Z,99.05
2026-02-03T00:45:00.000Z,98.77
2026-02-03T01:00:00.000Z,98.92
2026-02-03T01:15:00.000Z,97.80
2026-02-03T01:30:00.000Z,97.24
2026-02-03T01:45:00.000Z,96.40
2026-02-03T02:00:00.000Z,96.77
2026-02-03T02:15:00.000Z,96.12
2026-02-03T02:30:00.000Z,95.86
2026-02-03T02:45:00.000Z,95.31
2026-02-03T03:00:00.000Z,95.10
2026-02-03T03:15:00.000Z,95.05
2026-02-03T03:30:00.000Z,96.06
2026-02-03T03:45:00.000Z,96.39
2026-02-03T04:00:00.000Z,96.34
2026-02-03T04:15:00.000Z,97.20
2026-02-03T04:30:00.000Z,101.16
2026-02-03T04:45:00.000Z,106.99
2026-02-03T05:00:00.000Z,110.69
2026-02-03T05:15:00.000Z,109.83
2026-02-03T05:30:00.000Z,114.77
2026-02-03T05:45:00.000Z,120.08
2026-02-03T06:00:00.000Z,121.33
2026-02-03T06:15:00.000Z,128.02
2026-02-03T06:30:00.000Z,132.92
2026-02-03T06:45:00.000Z,136.84
2026-02-03T07:00:00.000Z,157.86
2026-02-03T07:15:00.000Z,159.30
2026-02-03T07:30:00.000Z,154.56
2026-02-03T07:45:00.000Z,152.99
2026-02-03T08:00:00.000Z,157.88
2026-02-03T08:15:00.000Z,145.32
2026-02-03T08:30:00.000Z,138.06
2026-02-03T08:45:00.000Z,133.10
2026-02-03T09:00:00.000Z,125.88
2026-02-03T09:15:00.000Z,122.01
2026-02-03T09:30:00.000Z,122.33
2026-02-03T09:45:00.000Z,126.93
2026-02-03T10:00:00.000Z,119.21
2026-02-03T10:15:00.000Z,122.60
2026-02-03T10:30:00.000Z,123.73
2026-02-03T10:45:00.000Z,128.58
2026-02-03T11:00:00.000Z,119.41
2026-02-03T11:15:00.000Z,118.82
2026-02-03T11:30:00.000Z,118.34
2026-02-03T11:45:00.000Z,117.89
2026-02-03T12:00:00.000Z,123.37
2026-02-03T12:15:00.000Z,119.69
2026-02-03T12:30:00.000Z,117.54
2026-02-03T12:45:00.000Z,117.00
2026-02-03T13:00:00.000Z,124.81
2026-02-03T13:15:00.000Z,120.08
2026-02-03T13:30:00.000Z,116.27
2026-02-03T13:45:00.000Z,114.50
2026-02-03T14:00:00.000Z,119.06
2026-02-03T14:15:00.000Z,115.66
2026-02-03T14:30:00.000Z,115.81
2026-02-03T14:45:00.000Z,115.74
2026-02-03T15:00:00.000Z,116.34
2026-02-03T15:15:00.000Z,117.23
2026-02-03T15:30:00.000Z,120.41
2026-02-03T15:45:00.000Z,121.41
2026-02-03T16:00:00.000Z,110.01
2026-02-03T16:15:00.000Z,110.64
2026-02-03T16:30:00.000Z,113.80
2026-02-03T16:45:00.000Z,113.95
2026-02-03T17:00:00.000Z,110.18
2026-02-03T17:15:00.000Z,108.51
2026-02-03T17:30:00.000Z,108.35
2026-02-03T17:45:00.000Z,109.28
2026-02-03T18:00:00.000Z,106.89
2026-02-03T18:15:00.000Z,107.73
2026-02-03T18:30:00.000Z,108.55
2026-02-03T18:45:00.000Z,107.67
2026-02-03T19:00:00.000Z,116.79
2026-02-03T19:15:00.000Z,114.43
2026-02-03T19:30:00.000Z,111.53
2026-02-03T19:45:00.000Z,110.13
2026-02-03T20:00:00.000Z,109.35
2026-02-03T20:15:00.000Z,108.15
2026-02-03T20:30:00.000Z,107.68
2026-02-03T20:45:00.000Z,108.40
2026-02-03T21:00:00.000Z,109.92
2026-02-03T21:15:00.000Z,110.35
2026-02-03T21:30:00.000Z,109.38
2026-02-03T21:45:00.000Z,106.69
2026-02-03T22:00:00.000Z,105.58
2026-02-03T22:15:00.000Z,105.76
2026-02-03T22:30:00.000Z,104.53
2026-02-03T22:45:00.000Z,103.84
2026-02-03T23:00:00.000Z,97.28
2026-02-03T23:15:00.000Z,96.08
2026-02-03T23:30:00.000Z,97.90
2026-02-03T23:45:00.000Z,98.25
2026-02-04T00:00:00.000Z,95.55
2026-02-04T00:15:00.000Z,95.47
2026-02-04T00:30:00.000Z,95.60
2026-02-04T00:45:00.000Z,95.05
2026-02-04T01:00:00.000Z,96.32
2026-02-04T01:15:00.000Z,96.32
2026-02-04T01:30:00.000Z,96.32
2026-02-04T01:45:00.000Z,95.87
2026-02-04T02:00:00.000Z,95.66
2026-02-04T02:15:00.000Z,93.51
2026-02-04T02:30:00.000Z,95.51
2026-02-04T02:45:00.000Z,94.16
2026-02-04T03:00:00.000Z,92.82
2026-02-04T03:15:00.000Z,93.11
2026-02-04T03:30:00.000Z,95.14
2026-02-04T03:45:00.000Z,96.31
2026-02-04T04:00:00.000Z,93.09
2026-02-04T04:15:00.000Z,95.26
2026-02-04T04:30:00.000Z,97.37
2026-02-04T04:45:00.000Z,101.24
2026-02-04T05:00:00.000Z,99.59
2026-02-04T05:15:00.000Z,102.97
2026-02-04T05:30:00.000Z,108.25
2026-02-04T05:45:00.000Z,112.07
2026-02-04T06:00:00.000Z,101.19
2026-02-04T06:15:00.000Z,103.90
2026-02-04T06:30:00.000Z,108.05
2026-02-04T06:45:00.000Z,113.60
2026-02-04T07:00:00.000Z,122.58
2026-02-04T07:15:00.000Z,127.58
2026-02-04T07:30:00.000Z,123.11
2026-02-04T07:45:00.000Z,120.47
2026-02-04T08:00:00.000Z,132.87
2026-02-04T08:15:00.000Z,121.18
2026-02-04T08:30:00.000Z,117.66
2026-02-04T08:45:00.000Z,113.68
2026-02-04T09:00:00.000Z,119.57
2026-02-04T09:15:00.000Z,115.87
2026-02-04T09:30:00.000Z,111.50
2026-02-04T09:45:00.000Z,112.18
2026-02-04T10:00:00.000Z,110.16
2026-02-04T10:15:00.000Z,109.79
2026-02-04T10:30:00.000Z,109.23
2026-02-04T10:45:00.000Z,108.27
2026-02-04T11:00:00.000Z,104.45
2026-02-04T11:15:00.000Z,103.43
2026-02-04T11:30:00.000Z,102.81
2026-02-04T11:45:00.000Z,102.65
2026-02-04T12:00:00.000Z,102.34
2026-02-04T12:15:00.000Z,102.21
2026-02-04T12:30:00.000Z,101.98
2026-02-04T12:45:00.000Z,102.75
2026-02-04T13:00:00.000Z,102.00
2026-02-04T13:15:00.000Z,102.21
2026-02-04T13:30:00.000Z,102.73
2026-02-04T13:45:00.000Z,103.96
2026-02-04T14:00:00.000Z,103.55
2026-02-04T14:15:00.000Z,104.76
2026-02-04T14:30:00.000Z,106.92
2026-02-04T14:45:00.000Z,108.88
2026-02-04T15:00:00.000Z,108.13
2026-02-04T15:15:00.000Z,108.21
2026-02-04T15:30:00.000Z,110.22
2026-02-04T15:45:00.000Z,109.17
2026-02-04T16:00:00.000Z,107.76
2026-02-04T16:15:00.000Z,108.81
2026-02-04T16:30:00.000Z,107.74
2026-02-04T16:45:00.000Z,106.40
2026-02-04T17:00:00.000Z,109.24
2026-02-04T17:15:00.000Z,107.21
2026-02-04T17:30:00.000Z,111.48
2026-02-04T17:45:00.000Z,109.26
2026-02-04T18:00:00.000Z,108.26
2026-02-04T18:15:00.000Z,110.42
2026-02-04T18:30:00.000Z,111.37
2026-02-04T18:45:00.000Z,111.25
2026-02-04T19:00:00.000Z,112.97
2026-02-04T19:15:00.000Z,110.12
2026-02-04T19:30:00.000Z,108.31
2026-02-04T19:45:00.000Z,107.77
2026-02-04T20:00:00.000Z,107.28
2026-02-04T20:15:00.000Z,104.89
2026-02-04T20:30:00.000Z,103.59
2026-02-04T20:45:00.000Z,103.63
2026-02-04T21:00:00.000Z,104.88
2026-02-04T21:15:00.000Z,104.28
2026-02-04T21:30:00.000Z,104.05
2026-02-04T21:45:00.000Z,105.98
2026-02-04T22:00:00.000Z,101.45
2026-02-04T22:15:00.000Z,101.43
2026-02-04T22:30:00.000Z,103.77
2026-02-04T22:45:00.000Z,105.22
2026-02-04T23:00:00.000Z,94.81
2026-02-04T23:15:00.000Z,96.11
2026-02-04T23:30:00.000Z,97.39
2026-02-04T23:45:00.000Z,97.82
2026-02-05T00:00:00.000Z,95.05
2026-02-05T00:15:00.000Z,94.38
2026-02-05T00:30:00.000Z,94.78
2026-02-05T00:45:00.000Z,94.00
2026-02-05T01:00:00.000Z,93.27
2026-02-05T01:15:00.000Z,93.92
2026-02-05T01:30:00.000Z,93.99
2026-02-05T01:45:00.000Z,94.01
2026-02-05T02:00:00.000Z,93.99
2026-02-05T02:15:00.000Z,95.12
2026-02-05T02:30:00.000Z,94.64
2026-02-05T02:45:00.000Z,94.67
2026-02-05T03:00:00.000Z,96.65
2026-02-05T03:15:00.000Z,97.63
2026-02-05T03:30:00.000Z,98.44
2026-02-05T03:45:00.000Z,98.14
2026-02-05T04:00:00.000Z,97.51
2026-02-05T04:15:00.000Z,98.26
2026-02-05T04:30:00.000Z,98.81
2026-02-05T04:45:00.000Z,99.39
2026-02-05T05:00:00.000Z,104.81
2026-02-05T05:15:00.000Z,109.07
2026-02-05T05:30:00.000Z,107.25
2026-02-05T05:45:00.000Z,108.09
2026-02-05T06:00:00.000Z,110.01
2026-02-05T06:15:00.000Z,106.53
2026-02-05T06:30:00.000Z,104.86
2026-02-05T06:45:00.000Z,107.38
2026-02-05T07:00:00.000Z,106.28
2026-02-05T07:15:00.000Z,108.34
2026-02-05T07:30:00.000Z,112.14
2026-02-05T07:45:00.000Z,118.27
2026-02-05T08:00:00.000Z,117.74
2026-02-05T08:15:00.000Z,115.15
2026-02-05T08:30:00.000Z,116.87
2026-02-05T08:45:00.000Z,118.48
2026-02-05T09:00:00.000Z,124.18
2026-02-05T09:15:00.000Z,117.15
2026-02-05T09:30:00.000Z,117.60
2026-02-05T09:45:00.000Z,112.79
2026-02-05T10:00:00.000Z,118.57
2026-02-05T10:15:00.000Z,113.52
2026-02-05T10:30:00.000Z,112.09
2026-02-05T10:45:00.000Z,109.08
2026-02-05T11:00:00.000Z,107.98
2026-02-05T11:15:00.000Z,105.60
2026-02-05T11:30:00.000Z,107.35
2026-02-05T11:45:00.000Z,106.19
2026-02-05T12:00:00.000Z,103.29
2026-02-05T12:15:00.000Z,103.33
2026-02-05T12:30:00.000Z,103.43
2026-02-05T12:45:00.000Z,103.64
2026-02-05T13:00:00.000Z,104.22
2026-02-05T13:15:00.000Z,104.31
2026-02-05T13:30:00.000Z,104.05
2026-02-05T13:45:00.000Z,105.78
2026-02-05T14:00:00.000Z,103.68
2026-02-05T14:15:00.000Z,105.35
2026-02-05T14:30:00.000Z,112.81
2026-02-05T14:45:00.000Z,121.37
2026-02-05T15:00:00.000Z,110.67
2026-02-05T15:15:00.000Z,116.69
2026-02-05T15:30:00.000Z,122.93
2026-02-05T15:45:00.000Z,121.47
2026-02-05T16:00:00.000Z,124.12
2026-02-05T16:15:00.000Z,129.18
2026-02-05T16:30:00.000Z,142.77
2026-02-05T16:45:00.000Z,146.41
2026-02-05T17:00:00.000Z,134.02
2026-02-05T17:15:00.000Z,129.52
2026-02-05T17:30:00.000Z,132.49
2026-02-05T17:45:00.000Z,127.93
2026-02-05T18:00:00.000Z,131.37
2026-02-05T18:15:00.000Z,127.15
2026-02-05T18:30:00.000Z,123.99
2026-02-05T18:45:00.000Z,121.99
2026-02-05T19:00:00.000Z,128.20
2026-02-05T19:15:00.000Z,120.95
2026-02-05T19:30:00.000Z,116.05
2026-02-05T19:45:00.000Z,110.44
2026-02-05T20:00:00.000Z,113.28
2026-02-05T20:15:00.000Z,108.99
2026-02-05T20:30:00.000Z,106.95
2026-02-05T20:45:00.000Z,104.06
2026-02-05T21:00:00.000Z,108.21
2026-02-05T21:15:00.000Z,106.47
2026-02-05T21:30:00.000Z,104.32
2026-02-05T21:45:00.000Z,102.58
2026-02-05T22:00:00.000Z,105.77
2026-02-05T22:15:00.000Z,101.47
2026-02-05T22:30:00.000Z,98.22
2026-02-05T22:45:00.000Z,94.58
2026-02-05T23:00:00.000Z,100.56
2026-02-05T23:15:00.000Z,99.10
2026-02-05T23:30:00.000Z,99.03
2026-02-05T23:45:00.000Z,99.39
2026-02-06T00:00:00.000Z,98.29
2026-02-06T00:15:00.000Z,97.93
2026-02-06T00:30:00.000Z,97.64
2026-02-06T00:45:00.000Z,97.70
2026-02-06T01:00:00.000Z,97.51
2026-02-06T01:15:00.000Z,97.55
2026-02-06T01:30:00.000Z,96.91
2026-02-06T01:45:00.000Z,97.79
2026-02-06T02:00:00.000Z,96.10
2026-02-06T02:15:00.000Z,96.65
2026-02-06T02:30:00.000Z,96.60
2026-02-06T02:45:00.000Z,96.47
2026-02-06T03:00:00.000Z,95.63
2026-02-06T03:15:00.000Z,94.43
2026-02-06T03:30:00.000Z,93.79
2026-02-06T03:45:00.000Z,91.60
2026-02-06T04:00:00.000Z,96.50
2026-02-06T04:15:00.000Z,93.97
2026-02-06T04:30:00.000Z,95.76
2026-02-06T04:45:00.000Z,93.75
2026-02-06T05:00:00.000Z,101.42
2026-02-06T05:15:00.000Z,104.34
2026-02-06T05:30:00.000Z,108.50
2026-02-06T05:45:00.000Z,113.82
2026-02-06T06:00:00.000Z,115.74
2026-02-06T06:15:00.000Z,125.31
2026-02-06T06:30:00.000Z,138.15
2026-02-06T06:45:00.000Z,142.67
2026-02-06T07:00:00.000Z,136.83
2026-02-06T07:15:00.000Z,143.87
2026-02-06T07:30:00.000Z,146.33
2026-02-06T07:45:00.000Z,147.43
2026-02-06T08:00:00.000Z,148.21
2026-02-06T08:15:00.000Z,148.12
2026-02-06T08:30:00.000Z,141.92
2026-02-06T08:45:00.000Z,139.20
2026-02-06T09:00:00.000Z,148.14
2026-02-06T09:15:00.000Z,143.65
2026-02-06T09:30:00.000Z,140.09
2026-02-06T09:45:00.000Z,136.71
2026-02-06T10:00:00.000Z,143.75
2026-02-06T10:15:00.000Z,141.23
2026-02-06T10:30:00.000Z,137.84
2026-02-06T10:45:00.000Z,132.18
2026-02-06T11:00:00.000Z,135.29
2026-02-06T11:15:00.000Z,132.00
2026-02-06T11:30:00.000Z,133.36
2026-02-06T11:45:00.000Z,128.33
2026-02-06T12:00:00.000Z,134.51
2026-02-06T12:15:00.000Z,131.58
2026-02-06T12:30:00.000Z,128.10
2026-02-06T12:45:00.000Z,122.69
2026-02-06T13:00:00.000Z,118.19
2026-02-06T13:15:00.000Z,117.15
2026-02-06T13:30:00.000Z,121.32
2026-02-06T13:45:00.000Z,125.87
2026-02-06T14:00:00.000Z,115.49
2026-02-06T14:15:00.000Z,120.27
2026-02-06T14:30:00.000Z,124.86
2026-02-06T14:45:00.000Z,126.61
2026-02-06T15:00:00.000Z,118.13
2026-02-06T15:15:00.000Z,121.65
2026-02-06T15:30:00.000Z,123.55
2026-02-06T15:45:00.000Z,125.22
2026-02-06T16:00:00.000Z,120.88
2026-02-06T16:15:00.000Z,127.67
2026-02-06T16:30:00.000Z,131.55
2026-02-06T16:45:00.000Z,136.56
2026-02-06T17:00:00.000Z,132.67
2026-02-06T17:15:00.000Z,130.37
2026-02-06T17:30:00.000Z,122.38
2026-02-06T17:45:00.000Z,121.22
2026-02-06T18:00:00.000Z,124.53
2026-02-06T18:15:00.000Z,117.94
2026-02-06T18:30:00.000Z,116.85
2026-02-06T18:45:00.000Z,111.39
2026-02-06T19:00:00.000Z,113.81
2026-02-06T19:15:00.000Z,107.89
2026-02-06T19:30:00.000Z,104.97
2026-02-06T19:45:00.000Z,104.12
2026-02-06T20:00:00.000Z,108.52
2026-02-06T20:15:00.000Z,106.26
2026-02-06T20:30:00.000Z,103.97
2026-02-06T20:45:00.000Z,102.17
2026-02-06T21:00:00.000Z,104.79
2026-02-06T21:15:00.000Z,103.48
2026-02-06T21:30:00.000Z,102.52
2026-02-06T21:45:00.000Z,101.71
2026-02-06T22:00:00.000Z,102.44
2026-02-06T22:15:00.000Z,101.08
2026-02-06T22:30:00.000Z,100.12
2026-02-06T22:45:00.000Z,98.71
2026-02-06T23:00:00.000Z,103.75
2026-02-06T23:15:00.000Z,102.06
2026-02-06T23:30:00.000Z,100.61
2026-02-06T23:45:00.000Z,99.90
2026-02-07T00:00:00.000Z,100.35
2026-02-07T00:15:00.000Z,98.85
2026-02-07T00:30:00.000Z,100.73
2026-02-07T00:45:00.000Z,100.28
2026-02-07T01:00:00.000Z,100.23
2026-02-07T01:15:00.000Z,99.42
2026-02-07T01:30:00.000Z,96.91
2026-02-07T01:45:00.000Z,95.75
2026-02-07T02:00:00.000Z,98.32
2026-02-07T02:15:00.000Z,96.56
2026-02-07T02:30:00.000Z,97.33
2026-02-07T02:45:00.000Z,95.46
2026-02-07T03:00:00.000Z,95.92
2026-02-07T03:15:00.000Z,96.61
2026-02-07T03:30:00.000Z,96.83
2026-02-07T03:45:00.000Z,96.36
2026-02-07T04:00:00.000Z,94.64
2026-02-07T04:15:00.000Z,96.39
2026-02-07T04:30:00.000Z,96.80
2026-02-07T04:45:00.000Z,98.07
2026-02-07T05:00:00.000Z,93.76
2026-02-07T05:15:00.000Z,96.00
2026-02-07T05:30:00.000Z,99.02
2026-02-07T05:45:00.000Z,100.96
2026-02-07T06:00:00.000Z,100.33
2026-02-07T06:15:00.000Z,102.45
2026-02-07T06:30:00.000Z,104.11
2026-02-07T06:45:00.000Z,105.53
2026-02-07T07:00:00.000Z,104.82
2026-02-07T07:15:00.000Z,107.65
2026-02-07T07:30:00.000Z,109.47
2026-02-07T07:45:00.000Z,109.50
2026-02-07T08:00:00.000Z,112.57
2026-02-07T08:15:00.000Z,108.04
2026-02-07T08:30:00.000Z,110.22
2026-02-07T08:45:00.000Z,107.34
2026-02-07T09:00:00.000Z,113.04
2026-02-07T09:15:00.000Z,109.16
2026-02-07T09:30:00.000Z,107.60
2026-02-07T09:45:00.000Z,105.93
2026-02-07T10:00:00.000Z,106.69
2026-02-07T10:15:00.000Z,105.66
2026-02-07T10:30:00.000Z,103.71
2026-02-07T10:45:00.000Z,101.71
2026-02-07T11:00:00.000Z,103.65
2026-02-07T11:15:00.000Z,101.21
2026-02-07T11:30:00.000Z,100.57
2026-02-07T11:45:00.000Z,100.05
2026-02-07T12:00:00.000Z,98.42
2026-02-07T12:15:00.000Z,97.95
2026-02-07T12:30:00.000Z,97.91
2026-02-07T12:45:00.000Z,97.42
2026-02-07T13:00:00.000Z,96.00
2026-02-07T13:15:00.000Z,96.74
2026-02-07T13:30:00.000Z,97.77
2026-02-07T13:45:00.000Z,100.34
2026-02-07T14:00:00.000Z,99.36
2026-02-07T14:15:00.000Z,101.55
2026-02-07T14:30:00.000Z,105.32
2026-02-07T14:45:00.000Z,108.72
2026-02-07T15:00:00.000Z,106.19
2026-02-07T15:15:00.000Z,111.45
2026-02-07T15:30:00.000Z,116.49
2026-02-07T15:45:00.000Z,124.55
2026-02-07T16:00:00.000Z,117.83
2026-02-07T16:15:00.000Z,122.41
2026-02-07T16:30:00.000Z,128.45
2026-02-07T16:45:00.000Z,133.94
2026-02-07T17:00:00.000Z,132.40
2026-02-07T17:15:00.000Z,128.85
2026-02-07T17:30:00.000Z,127.03
2026-02-07T17:45:00.000Z,125.55
2026-02-07T18:00:00.000Z,122.76
2026-02-07T18:15:00.000Z,122.69
2026-02-07T18:30:00.000Z,117.88
2026-02-07T18:45:00.000Z,112.09
2026-02-07T19:00:00.000Z,114.75
2026-02-07T19:15:00.000Z,107.50
2026-02-07T19:30:00.000Z,105.46
2026-02-07T19:45:00.000Z,103.22
2026-02-07T20:00:00.000Z,105.05
2026-02-07T20:15:00.000Z,103.65
2026-02-07T20:30:00.000Z,101.56
2026-02-07T20:45:00.000Z,100.18
2026-02-07T21:00:00.000Z,104.99
2026-02-07T21:15:00.000Z,103.88
2026-02-07T21:30:00.000Z,102.92
2026-02-07T21:45:00.000Z,104.13
2026-02-07T22:00:00.000Z,103.43
2026-02-07T22:15:00.000Z,101.58
2026-02-07T22:30:00.000Z,103.94
2026-02-07T22:45:00.000Z,103.92
2026-02-07T23:00:00.000Z,107.59
2026-02-07T23:15:00.000Z,102.91
2026-02-07T23:30:00.000Z,100.43
2026-02-07T23:45:00.000Z,98.08
2026-02-08T00:00:00.000Z,101.63
2026-02-08T00:15:00.000Z,101.49
2026-02-08T00:30:00.000Z,101.15
2026-02-08T00:45:00.000Z,100.20
2026-02-08T01:00:00.000Z,101.68
2026-02-08T01:15:00.000Z,101.37
2026-02-08T01:30:00.000Z,100.87
2026-02-08T01:45:00.000Z,100.47
2026-02-08T02:00:00.000Z,103.84
2026-02-08T02:15:00.000Z,103.59
2026-02-08T02:30:00.000Z,103.12
2026-02-08T02:45:00.000Z,102.59
2026-02-08T03:00:00.000Z,104.01
2026-02-08T03:15:00.000Z,104.36
2026-02-08T03:30:00.000Z,104.89
2026-02-08T03:45:00.000Z,105.36
2026-02-08T04:00:00.000Z,101.57
2026-02-08T04:15:00.000Z,104.86
2026-02-08T04:30:00.000Z,104.86
2026-02-08T04:45:00.000Z,104.86
2026-02-08T05:00:00.000Z,102.55
2026-02-08T05:15:00.000Z,102.38
2026-02-08T05:30:00.000Z,102.04
2026-02-08T05:45:00.000Z,102.10
2026-02-08T06:00:00.000Z,103.26
2026-02-08T06:15:00.000Z,103.56
2026-02-08T06:30:00.000Z,103.88
2026-02-08T06:45:00.000Z,103.64
2026-02-08T07:00:00.000Z,105.27
2026-02-08T07:15:00.000Z,105.15
2026-02-08T07:30:00.000Z,105.38
2026-02-08T07:45:00.000Z,105.78
2026-02-08T08:00:00.000Z,105.08
2026-02-08T08:15:00.000Z,105.20
2026-02-08T08:30:00.000Z,105.25
2026-02-08T08:45:00.000Z,105.27
2026-02-08T09:00:00.000Z,104.39
2026-02-08T09:15:00.000Z,103.86
2026-02-08T09:30:00.000Z,104.58
2026-02-08T09:45:00.000Z,104.79
2026-02-08T10:00:00.000Z,103.88
2026-02-08T10:15:00.000Z,104.27
2026-02-08T10:30:00.000Z,103.42
2026-02-08T10:45:00.000Z,102.19
2026-02-08T11:00:00.000Z,102.25
2026-02-08T11:15:00.000Z,102.00
2026-02-08T11:30:00.000Z,101.94
2026-02-08T11:45:00.000Z,102.22
2026-02-08T12:00:00.000Z,100.79
2026-02-08T12:15:00.000Z,101.37
2026-02-08T12:30:00.000Z,100.92
2026-02-08T12:45:00.000Z,101.00
2026-02-08T13:00:00.000Z,101.05
2026-02-08T13:15:00.000Z,100.32
2026-02-08T13:30:00.000Z,101.31
2026-02-08T13:45:00.000Z,102.93
2026-02-08T14:00:00.000Z,101.48
2026-02-08T14:15:00.000Z,102.99
2026-02-08T14:30:00.000Z,104.28
2026-02-08T14:45:00.000Z,107.78
2026-02-08T15:00:00.000Z,103.24
2026-02-08T15:15:00.000Z,107.40
2026-02-08T15:30:00.000Z,114.65
2026-02-08T15:45:00.000Z,111.98
2026-02-08T16:00:00.000Z,106.78
2026-02-08T16:15:00.000Z,111.27
2026-02-08T16:30:00.000Z,116.34
2026-02-08T16:45:00.000Z,115.29
2026-02-08T17:00:00.000Z,118.99
2026-02-08T17:15:00.000Z,118.03
2026-02-08T17:30:00.000Z,118.10
2026-02-08T17:45:00.000Z,116.35
2026-02-08T18:00:00.000Z,118.16
2026-02-08T18:15:00.000Z,115.15
2026-02-08T18:30:00.000Z,113.85
2026-02-08T18:45:00.000Z,111.17
2026-02-08T19:00:00.000Z,109.19
2026-02-08T19:15:00.000Z,110.37
2026-02-08T19:30:00.000Z,109.69
2026-02-08T19:45:00.000Z,105.99
2026-02-08T20:00:00.000Z,110.54
2026-02-08T20:15:00.000Z,109.01
2026-02-08T20:30:00.000Z,106.73
2026-02-08T20:45:00.000Z,103.92
2026-02-08T21:00:00.000Z,107.45
2026-02-08T21:15:00.000Z,106.34
2026-02-08T21:30:00.000Z,104.08
2026-02-08T21:45:00.000Z,101.93
2026-02-08T22:00:00.000Z,103.25
2026-02-08T22:15:00.000Z,101.71
2026-02-08T22:30:00.000Z,100.28
2026-02-08T22:45:00.000Z,92.55
2026-02-08T23:00:00.000Z,100.91
2026-02-08T23:15:00.000Z,99.91
2026-02-08T23:30:00.000Z,97.93
2026-02-08T23:45:00.000Z,96.86
2026-02-09T00:00:00.000Z,99.73
2026-02-09T00:15:00.000Z,97.93
2026-02-09T00:30:00.000Z,97.31
2026-02-09T00:45:00.000Z,96.02
2026-02-09T01:00:00.000Z,97.66
2026-02-09T01:15:00.000Z,97.52
2026-02-09T01:30:00.000Z,98.26
2026-02-09T01:45:00.000Z,98.04
2026-02-09T02:00:00.000Z,97.94
2026-02-09T02:15:00.000Z,97.07
2026-02-09T02:30:00.000Z,97.69
2026-02-09T02:45:00.000Z,98.51
2026-02-09T03:00:00.000Z,95.79
2026-02-09T03:15:00.000Z,97.53
2026-02-09T03:30:00.000Z,99.19
2026-02-09T03:45:00.000Z,100.87
2026-02-09T04:00:00.000Z,97.24
2026-02-09T04:15:00.000Z,100.99
2026-02-09T04:30:00.000Z,105.44
2026-02-09T04:45:00.000Z,115.72
2026-02-09T05:00:00.000Z,105.60
2026-02-09T05:15:00.000Z,116.82
2026-02-09T05:30:00.000Z,133.52
2026-02-09T05:45:00.000Z,154.45
2026-02-09T06:00:00.000Z,120.61
2026-02-09T06:15:00.000Z,141.00
2026-02-09T06:30:00.000Z,154.48
2026-02-09T06:45:00.000Z,165.43
2026-02-09T07:00:00.000Z,155.20
2026-02-09T07:15:00.000Z,179.19
2026-02-09T07:30:00.000Z,186.18
2026-02-09T07:45:00.000Z,189.14
2026-02-09T08:00:00.000Z,181.52
2026-02-09T08:15:00.000Z,174.09
2026-02-09T08:30:00.000Z,155.75
2026-02-09T08:45:00.000Z,152.23
2026-02-09T09:00:00.000Z,165.33
2026-02-09T09:15:00.000Z,164.27
2026-02-09T09:30:00.000Z,152.45
2026-02-09T09:45:00.000Z,142.11
2026-02-09T10:00:00.000Z,151.70
2026-02-09T10:15:00.000Z,146.74
2026-02-09T10:30:00.000Z,142.69
2026-02-09T10:45:00.000Z,136.38
2026-02-09T11:00:00.000Z,139.97
2026-02-09T11:15:00.000Z,134.29
2026-02-09T11:30:00.000Z,131.25
2026-02-09T11:45:00.000Z,127.59
2026-02-09T12:00:00.000Z,132.83
2026-02-09T12:15:00.000Z,133.99
2026-02-09T12:30:00.000Z,129.83
2026-02-09T12:45:00.000Z,130.00
2026-02-09T13:00:00.000Z,123.97
2026-02-09T13:15:00.000Z,130.08
2026-02-09T13:30:00.000Z,139.37
2026-02-09T13:45:00.000Z,149.30
2026-02-09T14:00:00.000Z,126.51
2026-02-09T14:15:00.000Z,135.54
2026-02-09T14:30:00.000Z,154.61
2026-02-09T14:45:00.000Z,166.40
2026-02-09T15:00:00.000Z,140.39
2026-02-09T15:15:00.000Z,157.61
2026-02-09T15:30:00.000Z,184.23
2026-02-09T15:45:00.000Z,232.11
2026-02-09T16:00:00.000Z,227.53
2026-02-09T16:15:00.000Z,239.72
2026-02-09T16:30:00.000Z,249.68
2026-02-09T16:45:00.000Z,248.57
2026-02-09T17:00:00.000Z,245.87
2026-02-09T17:15:00.000Z,231.98
2026-02-09T17:30:00.000Z,202.67
2026-02-09T17:45:00.000Z,181.46
2026-02-09T18:00:00.000Z,239.96
2026-02-09T18:15:00.000Z,210.25
2026-02-09T18:30:00.000Z,183.13
2026-02-09T18:45:00.000Z,155.92
2026-02-09T19:00:00.000Z,172.54
2026-02-09T19:15:00.000Z,151.40
2026-02-09T19:30:00.000Z,142.47
2026-02-09T19:45:00.000Z,128.49
2026-02-09T20:00:00.000Z,149.43
2026-02-09T20:15:00.000Z,145.69
2026-02-09T20:30:00.000Z,133.83
2026-02-09T20:45:00.000Z,122.07
2026-02-09T21:00:00.000Z,133.19
2026-02-09T21:15:00.000Z,127.00
2026-02-09T21:30:00.000Z,125.63
2026-02-09T21:45:00.000Z,116.17
2026-02-09T22:00:00.000Z,119.52
2026-02-09T22:15:00.000Z,112.20
2026-02-09T22:30:00.000Z,109.47
2026-02-09T22:45:00.000Z,108.30
2026-02-09T23:00:00.000Z,117.10
2026-02-09T23:15:00.000Z,112.46
2026-02-09T23:30:00.000Z,119.99
2026-02-09T23:45:00.000Z,116.43
2026-02-10T00:00:00.000Z,118.33
2026-02-10T00:15:00.000Z,114.12
2026-02-10T00:30:00.000Z,112.90
2026-02-10T00:45:00.000Z,112.06
2026-02-10T01:00:00.000Z,111.83
2026-02-10T01:15:00.000Z,111.96
2026-02-10T01:30:00.000Z,111.03
2026-02-10T01:45:00.000Z,110.06
2026-02-10T02:00:00.000Z,109.47
2026-02-10T02:15:00.000Z,110.78
2026-02-10T02:30:00.000Z,109.94
2026-02-10T02:45:00.000Z,108.59
2026-02-10T03:00:00.000Z,108.29
2026-02-10T03:15:00.000Z,108.46
2026-02-10T03:30:00.000Z,107.83
2026-02-10T03:45:00.000Z,106.93
2026-02-10T04:00:00.000Z,106.27
2026-02-10T04:15:00.000Z,106.97
2026-02-10T04:30:00.000Z,110.34
2026-02-10T04:45:00.000Z,114.83
2026-02-10T05:00:00.000Z,107.78
2026-02-10T05:15:00.000Z,115.04
2026-02-10T05:30:00.000Z,138.58
2026-02-10T05:45:00.000Z,222.07
2026-02-10T06:00:00.000Z,190.00
2026-02-10T06:15:00.000Z,248.63
2026-02-10T06:30:00.000Z,288.79
2026-02-10T06:45:00.000Z,334.60
2026-02-10T07:00:00.000Z,290.09
2026-02-10T07:15:00.000Z,304.74
2026-02-10T07:30:00.000Z,307.09
2026-02-10T07:45:00.000Z,320.81
2026-02-10T08:00:00.000Z,311.87
2026-02-10T08:15:00.000Z,321.54
2026-02-10T08:30:00.000Z,306.46
2026-02-10T08:45:00.000Z,307.19
2026-02-10T09:00:00.000Z,250.65
2026-02-10T09:15:00.000Z,241.03
2026-02-10T09:30:00.000Z,288.86
2026-02-10T09:45:00.000Z,278.95
2026-02-10T10:00:00.000Z,261.67
2026-02-10T10:15:00.000Z,241.38
2026-02-10T10:30:00.000Z,235.12
2026-02-10T10:45:00.000Z,225.03
2026-02-10T11:00:00.000Z,251.38
2026-02-10T11:15:00.000Z,240.43
2026-02-10T11:30:00.000Z,240.18
2026-02-10T11:45:00.000Z,229.52
2026-02-10T12:00:00.000Z,199.61
2026-02-10T12:15:00.000Z,194.01
2026-02-10T12:30:00.000Z,192.78
2026-02-10T12:45:00.000Z,190.00
2026-02-10T13:00:00.000Z,180.25
2026-02-10T13:15:00.000Z,163.15
2026-02-10T13:30:00.000Z,160.22
2026-02-10T13:45:00.000Z,170.07
2026-02-10T14:00:00.000Z,170.98
2026-02-10T14:15:00.000Z,186.74
2026-02-10T14:30:00.000Z,191.42
2026-02-10T14:45:00.000Z,206.41
2026-02-10T15:00:00.000Z,213.17
2026-02-10T15:15:00.000Z,241.28
2026-02-10T15:30:00.000Z,220.75
2026-02-10T15:45:00.000Z,249.98
2026-02-10T16:00:00.000Z,278.60
2026-02-10T16:15:00.000Z,288.01
2026-02-10T16:30:00.000Z,265.11
2026-02-10T16:45:00.000Z,243.95
2026-02-10T17:00:00.000Z,324.23
2026-02-10T17:15:00.000Z,295.15
2026-02-10T17:30:00.000Z,250.42
2026-02-10T17:45:00.000Z,214.85
2026-02-10T18:00:00.000Z,221.53
2026-02-10T18:15:00.000Z,195.11
2026-02-10T18:30:00.000Z,189.99
2026-02-10T18:45:00.000Z,156.78
2026-02-10T19:00:00.000Z,186.35
2026-02-10T19:15:00.000Z,156.92
2026-02-10T19:30:00.000Z,146.87
2026-02-10T19:45:00.000Z,134.98
2026-02-10T20:00:00.000Z,156.70
2026-02-10T20:15:00.000Z,139.03
2026-02-10T20:30:00.000Z,128.68
2026-02-10T20:45:00.000Z,118.94
2026-02-10T21:00:00.000Z,123.61
2026-02-10T21:15:00.000Z,117.49
2026-02-10T21:30:00.000Z,113.08
2026-02-10T21:45:00.000Z,109.43
2026-02-10T22:00:00.000Z,109.41
2026-02-10T22:15:00.000Z,107.60
2026-02-10T22:30:00.000Z,104.28
2026-02-10T22:45:00.000Z,102.19
2026-02-10T23:00:00.000Z,108.71
2026-02-10T23:15:00.000Z,107.30
2026-02-10T23:30:00.000Z,105.69
2026-02-10T23:45:00.000Z,104.42
2026-02-11T00:00:00.000Z,104.64
2026-02-11T00:15:00.000Z,103.95
2026-02-11T00:30:00.000Z,101.78
2026-02-11T00:45:00.000Z,101.18
2026-02-11T01:00:00.000Z,101.17
2026-02-11T01:15:00.000Z,100.61
2026-02-11T01:30:00.000Z,100.36
2026-02-11T01:45:00.000Z,100.04
2026-02-11T02:00:00.000Z,100.21
2026-02-11T02:15:00.000Z,100.00
2026-02-11T02:30:00.000Z,99.25
2026-02-11T02:45:00.000Z,99.00
2026-02-11T03:00:00.000Z,98.41
2026-02-11T03:15:00.000Z,98.80
2026-02-11T03:30:00.000Z,99.07
2026-02-11T03:45:00.000Z,100.13
2026-02-11T04:00:00.000Z,99.81
2026-02-11T04:15:00.000Z,101.34
2026-02-11T04:30:00.000Z,104.94
2026-02-11T04:45:00.000Z,108.07
2026-02-11T05:00:00.000Z,103.87
2026-02-11T05:15:00.000Z,109.11
2026-02-11T05:30:00.000Z,115.13
2026-02-11T05:45:00.000Z,135.11
2026-02-11T06:00:00.000Z,120.40
2026-02-11T06:15:00.000Z,133.42
2026-02-11T06:30:00.000Z,139.30
2026-02-11T06:45:00.000Z,163.32
2026-02-11T07:00:00.000Z,143.74
2026-02-11T07:15:00.000Z,158.09
2026-02-11T07:30:00.000Z,158.44
2026-02-11T07:45:00.000Z,158.30
2026-02-11T08:00:00.000Z,152.79
2026-02-11T08:15:00.000Z,152.04
2026-02-11T08:30:00.000Z,157.85
2026-02-11T08:45:00.000Z,157.50
2026-02-11T09:00:00.000Z,142.25
2026-02-11T09:15:00.000Z,152.08
2026-02-11T09:30:00.000Z,151.83
2026-02-11T09:45:00.000Z,148.23
2026-02-11T10:00:00.000Z,158.06
2026-02-11T10:15:00.000Z,150.65
2026-02-11T10:30:00.000Z,143.41
2026-02-11T10:45:00.000Z,141.50
2026-02-11T11:00:00.000Z,157.20
2026-02-11T11:15:00.000Z,150.50
2026-02-11T11:30:00.000Z,142.51
2026-02-11T11:45:00.000Z,138.06
2026-02-11T12:00:00.000Z,135.25
2026-02-11T12:15:00.000Z,134.98
2026-02-11T12:30:00.000Z,132.96
2026-02-11T12:45:00.000Z,132.09
2026-02-11T13:00:00.000Z,126.48
2026-02-11T13:15:00.000Z,126.80
2026-02-11T13:30:00.000Z,127.34
2026-02-11T13:45:00.000Z,126.78
2026-02-11T14:00:00.000Z,126.19
2026-02-11T14:15:00.000Z,130.09
2026-02-11T14:30:00.000Z,132.18
2026-02-11T14:45:00.000Z,134.99
2026-02-11T15:00:00.000Z,134.97
2026-02-11T15:15:00.000Z,140.43
2026-02-11T15:30:00.000Z,145.87
2026-02-11T15:45:00.000Z,148.84
2026-02-11T16:00:00.000Z,147.94
2026-02-11T16:15:00.000Z,148.72
2026-02-11T16:30:00.000Z,148.55
2026-02-11T16:45:00.000Z,148.50
2026-02-11T17:00:00.000Z,158.06
2026-02-11T17:15:00.000Z,151.92
2026-02-11T17:30:00.000Z,145.32
2026-02-11T17:45:00.000Z,134.98
2026-02-11T18:00:00.000Z,148.13
2026-02-11T18:15:00.000Z,137.67
2026-02-11T18:30:00.000Z,128.89
2026-02-11T18:45:00.000Z,118.00
2026-02-11T19:00:00.000Z,131.54
2026-02-11T19:15:00.000Z,128.26
2026-02-11T19:30:00.000Z,121.78
2026-02-11T19:45:00.000Z,114.46
2026-02-11T20:00:00.000Z,118.40
2026-02-11T20:15:00.000Z,113.06
2026-02-11T20:30:00.000Z,111.21
2026-02-11T20:45:00.000Z,108.30
2026-02-11T21:00:00.000Z,111.15
2026-02-11T21:15:00.000Z,108.01
2026-02-11T21:30:00.000Z,105.72
2026-02-11T21:45:00.000Z,104.02
2026-02-11T22:00:00.000Z,104.80
2026-02-11T22:15:00.000Z,100.30
2026-02-11T22:30:00.000Z,99.81
2026-02-11T22:45:00.000Z,97.48
2026-02-11T23:00:00.000Z,105.32
2026-02-11T23:15:00.000Z,104.43
2026-02-11T23:30:00.000Z,103.98
2026-02-11T23:45:00.000Z,102.88
2026-02-12T00:00:00.000Z,99.28
2026-02-12T00:15:00.000Z,99.23
2026-02-12T00:30:00.000Z,99.18
2026-02-12T00:45:00.000Z,98.74
2026-02-12T01:00:00.000Z,95.86
2026-02-12T01:15:00.000Z,96.83
2026-02-12T01:30:00.000Z,95.86
2026-02-12T01:45:00.000Z,95.14
2026-02-12T02:00:00.000Z,94.95
2026-02-12T02:15:00.000Z,94.69
2026-02-12T02:30:00.000Z,94.89
2026-02-12T02:45:00.000Z,94.86
2026-02-12T03:00:00.000Z,95.86
2026-02-12T03:15:00.000Z,95.83
2026-02-12T03:30:00.000Z,95.42
2026-02-12T03:45:00.000Z,95.18
2026-02-12T04:00:00.000Z,97.66
2026-02-12T04:15:00.000Z,99.64
2026-02-12T04:30:00.000Z,99.28
2026-02-12T04:45:00.000Z,100.89
2026-02-12T05:00:00.000Z,103.66
2026-02-12T05:15:00.000Z,104.42
2026-02-12T05:30:00.000Z,109.65
2026-02-12T05:45:00.000Z,139.05
2026-02-12T06:00:00.000Z,112.26
2026-02-12T06:15:00.000Z,123.47
2026-02-12T06:30:00.000Z,135.23
2026-02-12T06:45:00.000Z,167.21
2026-02-12T07:00:00.000Z,141.35
2026-02-12T07:15:00.000Z,144.75
2026-02-12T07:30:00.000Z,143.39
2026-02-12T07:45:00.000Z,163.34
2026-02-12T08:00:00.000Z,143.84
2026-02-12T08:15:00.000Z,149.47
2026-02-12T08:30:00.000Z,149.89
2026-02-12T08:45:00.000Z,148.78
2026-02-12T09:00:00.000Z,143.40
2026-02-12T09:15:00.000Z,142.96
2026-02-12T09:30:00.000Z,148.29
2026-02-12T09:45:00.000Z,139.38
2026-02-12T10:00:00.000Z,163.52
2026-02-12T10:15:00.000Z,142.58
2026-02-12T10:30:00.000Z,137.70
2026-02-12T10:45:00.000Z,132.96
2026-02-12T11:00:00.000Z,136.41
2026-02-12T11:15:00.000Z,130.84
2026-02-12T11:30:00.000Z,123.93
2026-02-12T11:45:00.000Z,120.36
2026-02-12T12:00:00.000Z,121.43
2026-02-12T12:15:00.000Z,120.20
2026-02-12T12:30:00.000Z,118.54
2026-02-12T12:45:00.000Z,117.95
2026-02-12T13:00:00.000Z,122.81
2026-02-12T13:15:00.000Z,121.40
2026-02-12T13:30:00.000Z,121.07
2026-02-12T13:45:00.000Z,120.54
2026-02-12T14:00:00.000Z,121.96
2026-02-12T14:15:00.000Z,124.09
2026-02-12T14:30:00.000Z,128.22
2026-02-12T14:45:00.000Z,132.51
2026-02-12T15:00:00.000Z,127.46
2026-02-12T15:15:00.000Z,133.08
2026-02-12T15:30:00.000Z,142.68
2026-02-12T15:45:00.000Z,168.66
2026-02-12T16:00:00.000Z,163.32
2026-02-12T16:15:00.000Z,169.67
2026-02-12T16:30:00.000Z,149.00
2026-02-12T16:45:00.000Z,145.87
2026-02-12T17:00:00.000Z,179.94
2026-02-12T17:15:00.000Z,147.60
2026-02-12T17:30:00.000Z,139.35
2026-02-12T17:45:00.000Z,124.89
2026-02-12T18:00:00.000Z,133.34
2026-02-12T18:15:00.000Z,134.05
2026-02-12T18:30:00.000Z,131.93
2026-02-12T18:45:00.000Z,126.48
2026-02-12T19:00:00.000Z,144.09
2026-02-12T19:15:00.000Z,118.46
2026-02-12T19:30:00.000Z,114.37
2026-02-12T19:45:00.000Z,109.95
2026-02-12T20:00:00.000Z,111.29
2026-02-12T20:15:00.000Z,108.58
2026-02-12T20:30:00.000Z,107.72
2026-02-12T20:45:00.000Z,106.72
2026-02-12T21:00:00.000Z,107.19
2026-02-12T21:15:00.000Z,106.36
2026-02-12T21:30:00.000Z,104.53
2026-02-12T21:45:00.000Z,101.64
2026-02-12T22:00:00.000Z,101.63
2026-02-12T22:15:00.000Z,99.98
2026-02-12T22:30:00.000Z,97.47
2026-02-12T22:45:00.000Z,95.06
2026-02-12T23:00:00.000Z,102.48
2026-02-12T23:15:00.000Z,99.99
2026-02-12T23:30:00.000Z,97.81
2026-02-12T23:45:00.000Z,94.80
2026-02-13T00:00:00.000Z,99.13
2026-02-13T00:15:00.000Z,97.11
2026-02-13T00:30:00.000Z,96.22
2026-02-13T00:45:00.000Z,95.09
2026-02-13T01:00:00.000Z,95.64
2026-02-13T01:15:00.000Z,96.84
2026-02-13T01:30:00.000Z,96.67
2026-02-13T01:45:00.000Z,95.07
2026-02-13T02:00:00.000Z,96.88
2026-02-13T02:15:00.000Z,97.82
2026-02-13T02:30:00.000Z,97.85
2026-02-13T02:45:00.000Z,97.81
2026-02-13T03:00:00.000Z,95.37
2026-02-13T03:15:00.000Z,97.97
2026-02-13T03:30:00.000Z,98.26
2026-02-13T03:45:00.000Z,100.02
2026-02-13T04:00:00.000Z,96.47
2026-02-13T04:15:00.000Z,101.26
2026-02-13T04:30:00.000Z,104.27
2026-02-13T04:45:00.000Z,105.65
2026-02-13T05:00:00.000Z,104.76
2026-02-13T05:15:00.000Z,106.88
2026-02-13T05:30:00.000Z,111.12
2026-02-13T05:45:00.000Z,137.53
2026-02-13T06:00:00.000Z,110.30
2026-02-13T06:15:00.000Z,121.96
2026-02-13T06:30:00.000Z,135.06
2026-02-13T06:45:00.000Z,170.87
2026-02-13T07:00:00.000Z,143.34
2026-02-13T07:15:00.000Z,158.72
2026-02-13T07:30:00.000Z,176.03
2026-02-13T07:45:00.000Z,185.12
2026-02-13T08:00:00.000Z,166.41
2026-02-13T08:15:00.000Z,172.40
2026-02-13T08:30:00.000Z,182.77
2026-02-13T08:45:00.000Z,179.58
2026-02-13T09:00:00.000Z,168.51
2026-02-13T09:15:00.000Z,165.21
2026-02-13T09:30:00.000Z,170.77
2026-02-13T09:45:00.000Z,162.84
2026-02-13T10:00:00.000Z,149.00
2026-02-13T10:15:00.000Z,156.03
2026-02-13T10:30:00.000Z,160.60
2026-02-13T10:45:00.000Z,160.57
2026-02-13T11:00:00.000Z,161.56
2026-02-13T11:15:00.000Z,164.05
2026-02-13T11:30:00.000Z,161.86
2026-02-13T11:45:00.000Z,145.76
2026-02-13T12:00:00.000Z,154.86
2026-02-13T12:15:00.000Z,147.18
2026-02-13T12:30:00.000Z,146.56
2026-02-13T12:45:00.000Z,144.72
2026-02-13T13:00:00.000Z,141.92
2026-02-13T13:15:00.000Z,141.92
2026-02-13T13:30:00.000Z,141.92
2026-02-13T13:45:00.000Z,142.12
2026-02-13T14:00:00.000Z,144.33
2026-02-13T14:15:00.000Z,147.14
2026-02-13T14:30:00.000Z,149.61
2026-02-13T14:45:00.000Z,155.00
2026-02-13T15:00:00.000Z,147.54
2026-02-13T15:15:00.000Z,161.81
2026-02-13T15:30:00.000Z,185.93
2026-02-13T15:45:00.000Z,189.70
2026-02-13T16:00:00.000Z,194.33
2026-02-13T16:15:00.000Z,192.82
2026-02-13T16:30:00.000Z,189.19
2026-02-13T16:45:00.000Z,182.07
2026-02-13T17:00:00.000Z,195.53
2026-02-13T17:15:00.000Z,189.66
2026-02-13T17:30:00.000Z,168.52
2026-02-13T17:45:00.000Z,143.91
2026-02-13T18:00:00.000Z,177.98
2026-02-13T18:15:00.000Z,148.68
2026-02-13T18:30:00.000Z,135.99
2026-02-13T18:45:00.000Z,124.60
2026-02-13T19:00:00.000Z,145.46
2026-02-13T19:15:00.000Z,133.35
2026-02-13T19:30:00.000Z,124.51
2026-02-13T19:45:00.000Z,116.84
2026-02-13T20:00:00.000Z,130.11
2026-02-13T20:15:00.000Z,124.38
2026-02-13T20:30:00.000Z,117.14
2026-02-13T20:45:00.000Z,108.90
2026-02-13T21:00:00.000Z,122.38
2026-02-13T21:15:00.000Z,112.71
2026-02-13T21:30:00.000Z,108.86
2026-02-13T21:45:00.000Z,105.71
2026-02-13T22:00:00.000Z,108.44
2026-02-13T22:15:00.000Z,105.68
2026-02-13T22:30:00.000Z,103.72
2026-02-13T22:45:00.000Z,103.16
2026-02-13T23:00:00.000Z,106.30
2026-02-13T23:15:00.000Z,104.52
2026-02-13T23:30:00.000Z,105.25
2026-02-13T23:45:00.000Z,105.42
2026-02-14T00:00:00.000Z,104.69
2026-02-14T00:15:00.000Z,104.63
2026-02-14T00:30:00.000Z,104.39
2026-02-14T00:45:00.000Z,103.61
2026-02-14T01:00:00.000Z,103.91
2026-02-14T01:15:00.000Z,103.21
2026-02-14T01:30:00.000Z,103.13
2026-02-14T01:45:00.000Z,102.72
2026-02-14T02:00:00.000Z,102.45
2026-02-14T02:15:00.000Z,102.56
2026-02-14T02:30:00.000Z,102.56
2026-02-14T02:45:00.000Z,102.56
2026-02-14T03:00:00.000Z,102.53
2026-02-14T03:15:00.000Z,102.46
2026-02-14T03:30:00.000Z,101.86
2026-02-14T03:45:00.000Z,101.94
2026-02-14T04:00:00.000Z,99.70
2026-02-14T04:15:00.000Z,101.64
2026-02-14T04:30:00.000Z,98.82
2026-02-14T04:45:00.000Z,101.37
2026-02-14T05:00:00.000Z,100.53
2026-02-14T05:15:00.000Z,102.96
2026-02-14T05:30:00.000Z,104.29
2026-02-14T05:45:00.000Z,105.56
2026-02-14T06:00:00.000Z,105.79
2026-02-14T06:15:00.000Z,107.51
2026-02-14T06:30:00.000Z,108.07
2026-02-14T06:45:00.000Z,112.85
2026-02-14T07:00:00.000Z,108.22
2026-02-14T07:15:00.000Z,114.06
2026-02-14T07:30:00.000Z,125.08
2026-02-14T07:45:00.000Z,130.17
2026-02-14T08:00:00.000Z,119.85
2026-02-14T08:15:00.000Z,125.13
2026-02-14T08:30:00.000Z,126.07
2026-02-14T08:45:00.000Z,126.02
2026-02-14T09:00:00.000Z,122.78
2026-02-14T09:15:00.000Z,122.94
2026-02-14T09:30:00.000Z,118.74
2026-02-14T09:45:00.000Z,114.35
2026-02-14T10:00:00.000Z,111.12
2026-02-14T10:15:00.000Z,109.71
2026-02-14T10:30:00.000Z,108.46
2026-02-14T10:45:00.000Z,108.33
2026-02-14T11:00:00.000Z,107.64
2026-02-14T11:15:00.000Z,107.57
2026-02-14T11:30:00.000Z,107.30
2026-02-14T11:45:00.000Z,107.23
2026-02-14T12:00:00.000Z,106.01
2026-02-14T12:15:00.000Z,106.05
2026-02-14T12:30:00.000Z,105.95
2026-02-14T12:45:00.000Z,105.31
2026-02-14T13:00:00.000Z,106.01
2026-02-14T13:15:00.000Z,105.50
2026-02-14T13:30:00.000Z,105.31
2026-02-14T13:45:00.000Z,105.81
2026-02-14T14:00:00.000Z,104.76
2026-02-14T14:15:00.000Z,105.79
2026-02-14T14:30:00.000Z,108.18
2026-02-14T14:45:00.000Z,111.04
2026-02-14T15:00:00.000Z,107.38
2026-02-14T15:15:00.000Z,114.56
2026-02-14T15:30:00.000Z,122.40
2026-02-14T15:45:00.000Z,131.79
2026-02-14T16:00:00.000Z,113.86
2026-02-14T16:15:00.000Z,118.16
2026-02-14T16:30:00.000Z,116.86
2026-02-14T16:45:00.000Z,117.53
2026-02-14T17:00:00.000Z,111.67
2026-02-14T17:15:00.000Z,111.48
2026-02-14T17:30:00.000Z,109.33
2026-02-14T17:45:00.000Z,106.67
2026-02-14T18:00:00.000Z,112.16
2026-02-14T18:15:00.000Z,106.23
2026-02-14T18:30:00.000Z,105.41
2026-02-14T18:45:00.000Z,101.46
2026-02-14T19:00:00.000Z,108.35
2026-02-14T19:15:00.000Z,106.19
2026-02-14T19:30:00.000Z,102.21
2026-02-14T19:45:00.000Z,102.94
2026-02-14T20:00:00.000Z,107.06
2026-02-14T20:15:00.000Z,103.47
2026-02-14T20:30:00.000Z,99.37
2026-02-14T20:45:00.000Z,98.66
2026-02-14T21:00:00.000Z,104.59
2026-02-14T21:15:00.000Z,99.17
2026-02-14T21:30:00.000Z,104.38
2026-02-14T21:45:00.000Z,104.84
2026-02-14T22:00:00.000Z,98.89
2026-02-14T22:15:00.000Z,96.61
2026-02-14T22:30:00.000Z,97.12
2026-02-14T22:45:00.000Z,99.21
2026-02-14T23:00:00.000Z,107.09
2026-02-14T23:15:00.000Z,104.00
2026-02-14T23:30:00.000Z,102.01
2026-02-14T23:45:00.000Z,101.26
2026-02-15T00:00:00.000Z,103.73
2026-02-15T00:15:00.000Z,102.70
2026-02-15T00:30:00.000Z,101.42
2026-02-15T00:45:00.000Z,98.82
2026-02-15T01:00:00.000Z,101.48
2026-02-15T01:15:00.000Z,101.19
2026-02-15T01:30:00.000Z,100.77
2026-02-15T01:45:00.000Z,100.70
2026-02-15T02:00:00.000Z,100.18
2026-02-15T02:15:00.000Z,99.10
2026-02-15T02:30:00.000Z,97.88
2026-02-15T02:45:00.000Z,97.66
2026-02-15T03:00:00.000Z,98.23
2026-02-15T03:15:00.000Z,97.51
2026-02-15T03:30:00.000Z,97.47
2026-02-15T03:45:00.000Z,97.17
2026-02-15T04:00:00.000Z,97.10
2026-02-15T04:15:00.000Z,96.30
2026-02-15T04:30:00.000Z,95.58
2026-02-15T04:45:00.000Z,95.98
2026-02-15T05:00:00.000Z,95.33
2026-02-15T05:15:00.000Z,96.61
2026-02-15T05:30:00.000Z,97.16
2026-02-15T05:45:00.000Z,97.33
2026-02-15T06:00:00.000Z,98.93
2026-02-15T06:15:00.000Z,97.46
2026-02-15T06:30:00.000Z,98.66
2026-02-15T06:45:00.000Z,99.09
2026-02-15T07:00:00.000Z,100.14
2026-02-15T07:15:00.000Z,99.82
2026-02-15T07:30:00.000Z,98.00
2026-02-15T07:45:00.000Z,96.30
2026-02-15T08:00:00.000Z,100.19
2026-02-15T08:15:00.000Z,97.12
2026-02-15T08:30:00.000Z,94.86
2026-02-15T08:45:00.000Z,93.60
2026-02-15T09:00:00.000Z,94.99
2026-02-15T09:15:00.000Z,94.54
2026-02-15T09:30:00.000Z,95.45
2026-02-15T09:45:00.000Z,95.69
2026-02-15T10:00:00.000Z,95.99
2026-02-15T10:15:00.000Z,95.65
2026-02-15T10:30:00.000Z,94.61
2026-02-15T10:45:00.000Z,92.53
2026-02-15T11:00:00.000Z,96.29
2026-02-15T11:15:00.000Z,94.96
2026-02-15T11:30:00.000Z,93.38
2026-02-15T11:45:00.000Z,92.10
2026-02-15T12:00:00.000Z,95.23
2026-02-15T12:15:00.000Z,93.22
2026-02-15T12:30:00.000Z,93.36
2026-02-15T12:45:00.000Z,91.05
2026-02-15T13:00:00.000Z,92.57
2026-02-15T13:15:00.000Z,90.34
2026-02-15T13:30:00.000Z,90.00
2026-02-15T13:45:00.000Z,88.61
2026-02-15T14:00:00.000Z,88.62
2026-02-15T14:15:00.000Z,82.95
2026-02-15T14:30:00.000Z,82.42
2026-02-15T14:45:00.000Z,84.14
2026-02-15T15:00:00.000Z,79.98
2026-02-15T15:15:00.000Z,83.92
2026-02-15T15:30:00.000Z,76.52
2026-02-15T15:45:00.000Z,73.05
2026-02-15T16:00:00.000Z,78.47
2026-02-15T16:15:00.000Z,74.86
2026-02-15T16:30:00.000Z,69.87
2026-02-15T16:45:00.000Z,66.22
2026-02-15T17:00:00.000Z,76.12
2026-02-15T17:15:00.000Z,73.02
2026-02-15T17:30:00.000Z,68.43
2026-02-15T17:45:00.000Z,64.98
2026-02-15T18:00:00.000Z,71.94
2026-02-15T18:15:00.000Z,68.04
2026-02-15T18:30:00.000Z,66.97
2026-02-15T18:45:00.000Z,59.42
2026-02-15T19:00:00.000Z,72.37
2026-02-15T19:15:00.000Z,64.36
2026-02-15T19:30:00.000Z,60.04
2026-02-15T19:45:00.000Z,57.08
2026-02-15T20:00:00.000Z,67.14
2026-02-15T20:15:00.000Z,61.22
2026-02-15T20:30:00.000Z,55.04
2026-02-15T20:45:00.000Z,54.68
2026-02-15T21:00:00.000Z,57.46
2026-02-15T21:15:00.000Z,55.80
2026-02-15T21:30:00.000Z,53.75
2026-02-15T21:45:00.000Z,51.96
2026-02-15T22:00:00.000Z,53.85
2026-02-15T22:15:00.000Z,52.26
2026-02-15T22:30:00.000Z,50.28
2026-02-15T22:45:00.000Z,49.70
2026-02-15T23:00:00.000Z,48.82
2026-02-15T23:15:00.000Z,49.02
2026-02-15T23:30:00.000Z,48.88
2026-02-15T23:45:00.000Z,48.63
2026-02-16T00:00:00.000Z,49.56
2026-02-16T00:15:00.000Z,49.30
2026-02-16T00:30:00.000Z,49.18
2026-02-16T00:45:00.000Z,48.83
2026-02-16T01:00:00.000Z,49.40
2026-02-16T01:15:00.000Z,49.38
2026-02-16T01:30:00.000Z,49.48
2026-02-16T01:45:00.000Z,50.10
2026-02-16T02:00:00.000Z,49.11
2026-02-16T02:15:00.000Z,49.24
2026-02-16T02:30:00.000Z,49.31
2026-02-16T02:45:00.000Z,49.72
2026-02-16T03:00:00.000Z,49.58
2026-02-16T03:15:00.000Z,50.10
2026-02-16T03:30:00.000Z,50.21
2026-02-16T03:45:00.000Z,50.27
2026-02-16T04:00:00.000Z,50.03
2026-02-16T04:15:00.000Z,51.86
2026-02-16T04:30:00.000Z,52.62
2026-02-16T04:45:00.000Z,53.51
2026-02-16T05:00:00.000Z,51.62
2026-02-16T05:15:00.000Z,53.01
2026-02-16T05:30:00.000Z,59.47
2026-02-16T05:45:00.000Z,73.05
2026-02-16T06:00:00.000Z,75.00
2026-02-16T06:15:00.000Z,71.61
2026-02-16T06:30:00.000Z,70.66
2026-02-16T06:45:00.000Z,69.99
2026-02-16T07:00:00.000Z,75.77
2026-02-16T07:15:00.000Z,69.09
2026-02-16T07:30:00.000Z,68.86
2026-02-16T07:45:00.000Z,75.96
2026-02-16T08:00:00.000Z,60.78
2026-02-16T08:15:00.000Z,68.90
2026-02-16T08:30:00.000Z,71.76
2026-02-16T08:45:00.000Z,72.66
2026-02-16T09:00:00.000Z,61.15
2026-02-16T09:15:00.000Z,73.04
2026-02-16T09:30:00.000Z,77.10
2026-02-16T09:45:00.000Z,83.26
2026-02-16T10:00:00.000Z,77.05
2026-02-16T10:15:00.000Z,81.92
2026-02-16T10:30:00.000Z,86.32
2026-02-16T10:45:00.000Z,88.57
2026-02-16T11:00:00.000Z,78.26
2026-02-16T11:15:00.000Z,76.52
2026-02-16T11:30:00.000Z,76.52
2026-02-16T11:45:00.000Z,76.52
2026-02-16T12:00:00.000Z,76.52
2026-02-16T12:15:00.000Z,73.63
2026-02-16T12:30:00.000Z,71.97
2026-02-16T12:45:00.000Z,70.81
2026-02-16T13:00:00.000Z,76.98
2026-02-16T13:15:00.000Z,73.11
2026-02-16T13:30:00.000Z,69.33
2026-02-16T13:45:00.000Z,63.18
2026-02-16T14:00:00.000Z,76.01
2026-02-16T14:15:00.000Z,70.59
2026-02-16T14:30:00.000Z,67.40
2026-02-16T14:45:00.000Z,62.77
2026-02-16T15:00:00.000Z,72.28
2026-02-16T15:15:00.000Z,70.56
2026-02-16T15:30:00.000Z,62.55
2026-02-16T15:45:00.000Z,59.43
2026-02-16T16:00:00.000Z,73.65
2026-02-16T16:15:00.000Z,66.25
2026-02-16T16:30:00.000Z,62.53
2026-02-16T16:45:00.000Z,62.20
2026-02-16T17:00:00.000Z,74.57
2026-02-16T17:15:00.000Z,63.84
2026-02-16T17:30:00.000Z,61.73
2026-02-16T17:45:00.000Z,62.52
2026-02-16T18:00:00.000Z,66.58
2026-02-16T18:15:00.000Z,63.64
2026-02-16T18:30:00.000Z,62.75
2026-02-16T18:45:00.000Z,61.82
2026-02-16T19:00:00.000Z,62.75
2026-02-16T19:15:00.000Z,61.56
2026-02-16T19:30:00.000Z,61.07
2026-02-16T19:45:00.000Z,58.37
2026-02-16T20:00:00.000Z,59.72
2026-02-16T20:15:00.000Z,58.80
2026-02-16T20:30:00.000Z,57.36
2026-02-16T20:45:00.000Z,56.95
2026-02-16T21:00:00.000Z,57.03
2026-02-16T21:15:00.000Z,56.09
2026-02-16T21:30:00.000Z,55.05
2026-02-16T21:45:00.000Z,53.77
2026-02-16T22:00:00.000Z,54.84
2026-02-16T22:15:00.000Z,53.27
2026-02-16T22:30:00.000Z,51.28
2026-02-16T22:45:00.000Z,50.59
2026-02-16T23:00:00.000Z,96.14
2026-02-16T23:15:00.000Z,96.00
2026-02-16T23:30:00.000Z,96.52
2026-02-16T23:45:00.000Z,96.76
2026-02-17T00:00:00.000Z,97.70
2026-02-17T00:15:00.000Z,96.44
2026-02-17T00:30:00.000Z,96.54
2026-02-17T00:45:00.000Z,95.11
2026-02-17T01:00:00.000Z,97.74
2026-02-17T01:15:00.000Z,96.81
2026-02-17T01:30:00.000Z,96.49
2026-02-17T01:45:00.000Z,94.75
2026-02-17T02:00:00.000Z,97.56
2026-02-17T02:15:00.000Z,97.02
2026-02-17T02:30:00.000Z,95.71
2026-02-17T02:45:00.000Z,95.15
2026-02-17T03:00:00.000Z,98.44
2026-02-17T03:15:00.000Z,96.92
2026-02-17T03:30:00.000Z,92.48
2026-02-17T03:45:00.000Z,85.33
2026-02-17T04:00:00.000Z,96.91
2026-02-17T04:15:00.000Z,85.00
2026-02-17T04:30:00.000Z,79.02
2026-02-17T04:45:00.000Z,79.55
2026-02-17T05:00:00.000Z,80.08
2026-02-17T05:15:00.000Z,77.27
2026-02-17T05:30:00.000Z,80.83
2026-02-17T05:45:00.000Z,77.55
2026-02-17T06:00:00.000Z,74.54
2026-02-17T06:15:00.000Z,77.33
2026-02-17T06:30:00.000Z,74.29
2026-02-17T06:45:00.000Z,76.61
2026-02-17T07:00:00.000Z,73.96
2026-02-17T07:15:00.000Z,73.96
2026-02-17T07:30:00.000Z,73.96
2026-02-17T07:45:00.000Z,74.99
2026-02-17T08:00:00.000Z,70.02
2026-02-17T08:15:00.000Z,73.15
2026-02-17T08:30:00.000Z,77.75
2026-02-17T08:45:00.000Z,83.99
2026-02-17T09:00:00.000Z,73.96
2026-02-17T09:15:00.000Z,78.25
2026-02-17T09:30:00.000Z,84.47
2026-02-17T09:45:00.000Z,88.92
2026-02-17T10:00:00.000Z,79.70
2026-02-17T10:15:00.000Z,84.59
2026-02-17T10:30:00.000Z,91.18
2026-02-17T10:45:00.000Z,97.25
2026-02-17T11:00:00.000Z,92.25
2026-02-17T11:15:00.000Z,96.21
2026-02-17T11:30:00.000Z,98.16
2026-02-17T11:45:00.000Z,103.90
2026-02-17T12:00:00.000Z,96.98
2026-02-17T12:15:00.000Z,99.14
2026-02-17T12:30:00.000Z,101.12
2026-02-17T12:45:00.000Z,101.46
2026-02-17T13:00:00.000Z,102.86
2026-02-17T13:15:00.000Z,99.56
2026-02-17T13:30:00.000Z,96.41
2026-02-17T13:45:00.000Z,93.37
2026-02-17T14:00:00.000Z,94.95
2026-02-17T14:15:00.000Z,92.40
2026-02-17T14:30:00.000Z,92.07
2026-02-17T14:45:00.000Z,91.15
2026-02-17T15:00:00.000Z,95.63
2026-02-17T15:15:00.000Z,93.09
2026-02-17T15:30:00.000Z,91.81
2026-02-17T15:45:00.000Z,96.54
2026-02-17T16:00:00.000Z,94.42
2026-02-17T16:15:00.000Z,94.51
2026-02-17T16:30:00.000Z,96.96
2026-02-17T16:45:00.000Z,92.62
2026-02-17T17:00:00.000Z,91.32
2026-02-17T17:15:00.000Z,91.60
2026-02-17T17:30:00.000Z,95.94
2026-02-17T17:45:00.000Z,97.09
2026-02-17T18:00:00.000Z,96.74
2026-02-17T18:15:00.000Z,95.91
2026-02-17T18:30:00.000Z,93.14
2026-02-17T18:45:00.000Z,93.00
2026-02-17T19:00:00.000Z,89.73
2026-02-17T19:15:00.000Z,87.33
2026-02-17T19:30:00.000Z,88.53
2026-02-17T19:45:00.000Z,89.46
2026-02-17T20:00:00.000Z,86.23
2026-02-17T20:15:00.000Z,89.98
2026-02-17T20:30:00.000Z,96.25
2026-02-17T20:45:00.000Z,101.13
2026-02-17T21:00:00.000Z,94.52
2026-02-17T21:15:00.000Z,93.41
2026-02-17T21:30:00.000Z,94.57
2026-02-17T21:45:00.000Z,95.46
2026-02-17T22:00:00.000Z,93.62
2026-02-17T22:15:00.000Z,95.49
2026-02-17T22:30:00.000Z,94.57
2026-02-17T22:45:00.000Z,94.04
2026-02-17T23:00:00.000Z,69.02
2026-02-17T23:15:00.000Z,71.83
2026-02-17T23:30:00.000Z,74.15
2026-02-17T23:45:00.000Z,77.10
2026-02-18T00:00:00.000Z,72.55
2026-02-18T00:15:00.000Z,76.17
2026-02-18T00:30:00.000Z,79.94
2026-02-18T00:45:00.000Z,82.91
2026-02-18T01:00:00.000Z,77.80
2026-02-18T01:15:00.000Z,82.73
2026-02-18T01:30:00.000Z,82.38
2026-02-18T01:45:00.000Z,87.85
2026-02-18T02:00:00.000Z,79.19
2026-02-18T02:15:00.000Z,81.45
2026-02-18T02:30:00.000Z,86.60
2026-02-18T02:45:00.000Z,91.91
2026-02-18T03:00:00.000Z,86.20
2026-02-18T03:15:00.000Z,92.37
2026-02-18T03:30:00.000Z,94.37
2026-02-18T03:45:00.000Z,95.79
2026-02-18T04:00:00.000Z,96.65
2026-02-18T04:15:00.000Z,96.86
2026-02-18T04:30:00.000Z,100.85
2026-02-18T04:45:00.000Z,107.33
2026-02-18T05:00:00.000Z,100.57
2026-02-18T05:15:00.000Z,110.07
2026-02-18T05:30:00.000Z,127.70
2026-02-18T05:45:00.000Z,148.69
2026-02-18T06:00:00.000Z,146.42
2026-02-18T06:15:00.000Z,167.81
2026-02-18T06:30:00.000Z,191.69
2026-02-18T06:45:00.000Z,205.51
2026-02-18T07:00:00.000Z,206.12
2026-02-18T07:15:00.000Z,209.03
2026-02-18T07:30:00.000Z,192.92
2026-02-18T07:45:00.000Z,178.94
2026-02-18T08:00:00.000Z,159.70
2026-02-18T08:15:00.000Z,162.17
2026-02-18T08:30:00.000Z,167.26
2026-02-18T08:45:00.000Z,186.22
2026-02-18T09:00:00.000Z,181.29
2026-02-18T09:15:00.000Z,176.32
2026-02-18T09:30:00.000Z,183.70
2026-02-18T09:45:00.000Z,176.30
2026-02-18T10:00:00.000Z,147.71
2026-02-18T10:15:00.000Z,140.64
2026-02-18T10:30:00.000Z,133.59
2026-02-18T10:45:00.000Z,130.71
2026-02-18T11:00:00.000Z,149.49
2026-02-18T11:15:00.000Z,147.28
2026-02-18T11:30:00.000Z,140.39
2026-02-18T11:45:00.000Z,133.33
2026-02-18T12:00:00.000Z,135.73
2026-02-18T12:15:00.000Z,134.14
2026-02-18T12:30:00.000Z,133.82
2026-02-18T12:45:00.000Z,134.08
2026-02-18T13:00:00.000Z,134.23
2026-02-18T13:15:00.000Z,134.09
2026-02-18T13:30:00.000Z,133.36
2026-02-18T13:45:00.000Z,137.20
2026-02-18T14:00:00.000Z,128.88
2026-02-18T14:15:00.000Z,133.20
2026-02-18T14:30:00.000Z,137.53
2026-02-18T14:45:00.000Z,148.39
2026-02-18T15:00:00.000Z,133.57
2026-02-18T15:15:00.000Z,141.97
2026-02-18T15:30:00.000Z,148.72
2026-02-18T15:45:00.000Z,162.02
2026-02-18T16:00:00.000Z,166.50
2026-02-18T16:15:00.000Z,181.20
2026-02-18T16:30:00.000Z,186.48
2026-02-18T16:45:00.000Z,186.86
2026-02-18T17:00:00.000Z,183.72
2026-02-18T17:15:00.000Z,179.83
2026-02-18T17:30:00.000Z,162.73
2026-02-18T17:45:00.000Z,138.60
2026-02-18T18:00:00.000Z,161.70
2026-02-18T18:15:00.000Z,141.63
2026-02-18T18:30:00.000Z,127.40
2026-02-18T18:45:00.000Z,123.12
2026-02-18T19:00:00.000Z,133.99
2026-02-18T19:15:00.000Z,124.85
2026-02-18T19:30:00.000Z,119.80
2026-02-18T19:45:00.000Z,114.62
2026-02-18T20:00:00.000Z,124.76
2026-02-18T20:15:00.000Z,118.86
2026-02-18T20:30:00.000Z,118.60
2026-02-18T20:45:00.000Z,110.71
2026-02-18T21:00:00.000Z,113.84
2026-02-18T21:15:00.000Z,108.29
2026-02-18T21:30:00.000Z,105.66
2026-02-18T21:45:00.000Z,104.56
2026-02-18T22:00:00.000Z,103.89
2026-02-18T22:15:00.000Z,103.11
2026-02-18T22:30:00.000Z,102.09
2026-02-18T22:45:00.000Z,100.04
2026-02-18T23:00:00.000Z,101.22
2026-02-18T23:15:00.000Z,100.88
2026-02-18T23:30:00.000Z,100.39
2026-02-18T23:45:00.000Z,100.22
2026-02-19T00:00:00.000Z,99.94
2026-02-19T00:15:00.000Z,100.11
2026-02-19T00:30:00.000Z,100.43
2026-02-19T00:45:00.000Z,100.67
2026-02-19T01:00:00.000Z,99.48
2026-02-19T01:15:00.000Z,99.89
2026-02-19T01:30:00.000Z,99.89
2026-02-19T01:45:00.000Z,99.89
2026-02-19T02:00:00.000Z,99.45
2026-02-19T02:15:00.000Z,99.33
2026-02-19T02:30:00.000Z,99.83
2026-02-19T02:45:00.000Z,100.00
2026-02-19T03:00:00.000Z,99.15
2026-02-19T03:15:00.000Z,100.07
2026-02-19T03:30:00.000Z,100.95
2026-02-19T03:45:00.000Z,101.41
2026-02-19T04:00:00.000Z,99.17
2026-02-19T04:15:00.000Z,101.28
2026-02-19T04:30:00.000Z,100.56
2026-02-19T04:45:00.000Z,106.46
2026-02-19T05:00:00.000Z,103.57
2026-02-19T05:15:00.000Z,106.26
2026-02-19T05:30:00.000Z,121.78
2026-02-19T05:45:00.000Z,195.15
2026-02-19T06:00:00.000Z,184.43
2026-02-19T06:15:00.000Z,235.64
2026-02-19T06:30:00.000Z,264.32
2026-02-19T06:45:00.000Z,276.57
2026-02-19T07:00:00.000Z,359.94
2026-02-19T07:15:00.000Z,367.58
2026-02-19T07:30:00.000Z,367.60
2026-02-19T07:45:00.000Z,361.85
2026-02-19T08:00:00.000Z,270.57
2026-02-19T08:15:00.000Z,260.63
2026-02-19T08:30:00.000Z,245.83
2026-02-19T08:45:00.000Z,217.69
2026-02-19T09:00:00.000Z,214.94
2026-02-19T09:15:00.000Z,176.58
2026-02-19T09:30:00.000Z,166.86
2026-02-19T09:45:00.000Z,149.99
2026-02-19T10:00:00.000Z,165.59
2026-02-19T10:15:00.000Z,150.00
2026-02-19T10:30:00.000Z,127.64
2026-02-19T10:45:00.000Z,117.81
2026-02-19T11:00:00.000Z,136.03
2026-02-19T11:15:00.000Z,127.12
2026-02-19T11:30:00.000Z,114.38
2026-02-19T11:45:00.000Z,108.17
2026-02-19T12:00:00.000Z,114.98
2026-02-19T12:15:00.000Z,110.79
2026-02-19T12:30:00.000Z,107.92
2026-02-19T12:45:00.000Z,104.22
2026-02-19T13:00:00.000Z,107.20
2026-02-19T13:15:00.000Z,105.83
2026-02-19T13:30:00.000Z,105.77
2026-02-19T13:45:00.000Z,108.20
2026-02-19T14:00:00.000Z,107.12
2026-02-19T14:15:00.000Z,112.68
2026-02-19T14:30:00.000Z,121.35
2026-02-19T14:45:00.000Z,130.58
2026-02-19T15:00:00.000Z,101.91
2026-02-19T15:15:00.000Z,114.54
2026-02-19T15:30:00.000Z,130.38
2026-02-19T15:45:00.000Z,138.89
2026-02-19T16:00:00.000Z,138.73
2026-02-19T16:15:00.000Z,138.26
2026-02-19T16:30:00.000Z,126.11
2026-02-19T16:45:00.000Z,114.81
2026-02-19T17:00:00.000Z,148.91
2026-02-19T17:15:00.000Z,122.65
2026-02-19T17:30:00.000Z,107.65
2026-02-19T17:45:00.000Z,100.82
2026-02-19T18:00:00.000Z,126.98
2026-02-19T18:15:00.000Z,108.83
2026-02-19T18:30:00.000Z,103.09
2026-02-19T18:45:00.000Z,99.16
2026-02-19T19:00:00.000Z,101.83
2026-02-19T19:15:00.000Z,102.29
2026-02-19T19:30:00.000Z,97.78
2026-02-19T19:45:00.000Z,95.62
2026-02-19T20:00:00.000Z,99.20
2026-02-19T20:15:00.000Z,94.85
2026-02-19T20:30:00.000Z,91.89
2026-02-19T20:45:00.000Z,89.23
2026-02-19T21:00:00.000Z,88.99
2026-02-19T21:15:00.000Z,90.33
2026-02-19T21:30:00.000Z,93.45
2026-02-19T21:45:00.000Z,94.94
2026-02-19T22:00:00.000Z,90.75
2026-02-19T22:15:00.000Z,93.12
2026-02-19T22:30:00.000Z,92.36
2026-02-19T22:45:00.000Z,90.49
2026-02-19T23:00:00.000Z,80.15
2026-02-19T23:15:00.000Z,73.35
2026-02-19T23:30:00.000Z,70.06
2026-02-19T23:45:00.000Z,64.50
2026-02-20T00:00:00.000Z,70.98
2026-02-20T00:15:00.000Z,67.92
2026-02-20T00:30:00.000Z,65.55
2026-02-20T00:45:00.000Z,60.64
2026-02-20T01:00:00.000Z,67.81
2026-02-20T01:15:00.000Z,64.50
2026-02-20T01:30:00.000Z,60.29
2026-02-20T01:45:00.000Z,58.82
2026-02-20T02:00:00.000Z,66.92
2026-02-20T02:15:00.000Z,62.33
2026-02-20T02:30:00.000Z,58.22
2026-02-20T02:45:00.000Z,54.95
2026-02-20T03:00:00.000Z,59.45
2026-02-20T03:15:00.000Z,56.81
2026-02-20T03:30:00.000Z,52.70
2026-02-20T03:45:00.000Z,50.23
2026-02-20T04:00:00.000Z,57.50
2026-02-20T04:15:00.000Z,57.60
2026-02-20T04:30:00.000Z,53.72
2026-02-20T04:45:00.000Z,53.38
2026-02-20T05:00:00.000Z,65.71
2026-02-20T05:15:00.000Z,62.30
2026-02-20T05:30:00.000Z,58.54
2026-02-20T05:45:00.000Z,58.37
2026-02-20T06:00:00.000Z,68.61
2026-02-20T06:15:00.000Z,66.87
2026-02-20T06:30:00.000Z,66.91
2026-02-20T06:45:00.000Z,65.90
2026-02-20T07:00:00.000Z,66.80
2026-02-20T07:15:00.000Z,70.23
2026-02-20T07:30:00.000Z,69.07
2026-02-20T07:45:00.000Z,70.37
2026-02-20T08:00:00.000Z,65.60
2026-02-20T08:15:00.000Z,64.74
2026-02-20T08:30:00.000Z,66.61
2026-02-20T08:45:00.000Z,67.95
2026-02-20T09:00:00.000Z,61.05
2026-02-20T09:15:00.000Z,62.33
2026-02-20T09:30:00.000Z,62.09
2026-02-20T09:45:00.000Z,63.59
2026-02-20T10:00:00.000Z,63.30
2026-02-20T10:15:00.000Z,62.55
2026-02-20T10:30:00.000Z,61.94
2026-02-20T10:45:00.000Z,59.49
2026-02-20T11:00:00.000Z,63.77
2026-02-20T11:15:00.000Z,63.47
2026-02-20T11:30:00.000Z,59.56
2026-02-20T11:45:00.000Z,56.69
2026-02-20T12:00:00.000Z,62.18
2026-02-20T12:15:00.000Z,60.33
2026-02-20T12:30:00.000Z,54.12
2026-02-20T12:45:00.000Z,50.50
2026-02-20T13:00:00.000Z,59.81
2026-02-20T13:15:00.000Z,57.00
2026-02-20T13:30:00.000Z,52.79
2026-02-20T13:45:00.000Z,51.01
2026-02-20T14:00:00.000Z,58.17
2026-02-20T14:15:00.000Z,53.38
2026-02-20T14:30:00.000Z,52.47
2026-02-20T14:45:00.000Z,51.17
2026-02-20T15:00:00.000Z,52.89
2026-02-20T15:15:00.000Z,53.22
2026-02-20T15:30:00.000Z,52.26
2026-02-20T15:45:00.000Z,53.24
2026-02-20T16:00:00.000Z,56.59
2026-02-20T16:15:00.000Z,56.14
2026-02-20T16:30:00.000Z,54.98
2026-02-20T16:45:00.000Z,54.51
2026-02-20T17:00:00.000Z,55.53
2026-02-20T17:15:00.000Z,52.44
2026-02-20T17:30:00.000Z,51.62
2026-02-20T17:45:00.000Z,50.73
2026-02-20T18:00:00.000Z,54.46
2026-02-20T18:15:00.000Z,53.48
2026-02-20T18:30:00.000Z,51.49
2026-02-20T18:45:00.000Z,50.84
2026-02-20T19:00:00.000Z,52.55
2026-02-20T19:15:00.000Z,51.53
2026-02-20T19:30:00.000Z,50.75
2026-02-20T19:45:00.000Z,49.85
2026-02-20T20:00:00.000Z,56.75
2026-02-20T20:15:00.000Z,55.15
2026-02-20T20:30:00.000Z,60.39
2026-02-20T20:45:00.000Z,59.17
2026-02-20T21:00:00.000Z,60.38
2026-02-20T21:15:00.000Z,57.01
2026-02-20T21:30:00.000Z,61.90
2026-02-20T21:45:00.000Z,55.12
2026-02-20T22:00:00.000Z,53.38
2026-02-20T22:15:00.000Z,51.80
2026-02-20T22:30:00.000Z,52.14
2026-02-20T22:45:00.000Z,51.49
2026-02-20T23:00:00.000Z,67.91
2026-02-20T23:15:00.000Z,72.97
2026-02-20T23:30:00.000Z,71.33
2026-02-20T23:45:00.000Z,71.02
2026-02-21T00:00:00.000Z,76.35
2026-02-21T00:15:00.000Z,75.83
2026-02-21T00:30:00.000Z,76.07
2026-02-21T00:45:00.000Z,74.72
2026-02-21T01:00:00.000Z,75.88
2026-02-21T01:15:00.000Z,73.80
2026-02-21T01:30:00.000Z,73.03
2026-02-21T01:45:00.000Z,69.71
2026-02-21T02:00:00.000Z,79.97
2026-02-21T02:15:00.000Z,74.97
2026-02-21T02:30:00.000Z,69.31
2026-02-21T02:45:00.000Z,68.72
2026-02-21T03:00:00.000Z,75.72
2026-02-21T03:15:00.000Z,71.02
2026-02-21T03:30:00.000Z,69.23
2026-02-21T03:45:00.000Z,66.37
2026-02-21T04:00:00.000Z,72.60
2026-02-21T04:15:00.000Z,68.44
2026-02-21T04:30:00.000Z,69.12
2026-02-21T04:45:00.000Z,72.64
2026-02-21T05:00:00.000Z,65.52
2026-02-21T05:15:00.000Z,65.88
2026-02-21T05:30:00.000Z,69.09
2026-02-21T05:45:00.000Z,75.17
2026-02-21T06:00:00.000Z,72.42
2026-02-21T06:15:00.000Z,72.76
2026-02-21T06:30:00.000Z,78.42
2026-02-21T06:45:00.000Z,79.97
2026-02-21T07:00:00.000Z,75.60
2026-02-21T07:15:00.000Z,75.06
2026-02-21T07:30:00.000Z,79.98
2026-02-21T07:45:00.000Z,81.96
2026-02-21T08:00:00.000Z,82.59
2026-02-21T08:15:00.000Z,75.67
2026-02-21T08:30:00.000Z,77.15
2026-02-21T08:45:00.000Z,76.78
2026-02-21T09:00:00.000Z,78.80
2026-02-21T09:15:00.000Z,78.46
2026-02-21T09:30:00.000Z,76.82
2026-02-21T09:45:00.000Z,75.24
2026-02-21T10:00:00.000Z,78.78
2026-02-21T10:15:00.000Z,76.97
2026-02-21T10:30:00.000Z,77.04
2026-02-21T10:45:00.000Z,77.09
2026-02-21T11:00:00.000Z,80.03
2026-02-21T11:15:00.000Z,78.25
2026-02-21T11:30:00.000Z,77.25
2026-02-21T11:45:00.000Z,75.99
2026-02-21T12:00:00.000Z,78.53
2026-02-21T12:15:00.000Z,78.69
2026-02-21T12:30:00.000Z,75.35
2026-02-21T12:45:00.000Z,75.48
2026-02-21T13:00:00.000Z,71.77
2026-02-21T13:15:00.000Z,72.73
2026-02-21T13:30:00.000Z,75.90
2026-02-21T13:45:00.000Z,80.81
2026-02-21T14:00:00.000Z,71.52
2026-02-21T14:15:00.000Z,76.73
2026-02-21T14:30:00.000Z,84.85
2026-02-21T14:45:00.000Z,87.90
2026-02-21T15:00:00.000Z,86.91
2026-02-21T15:15:00.000Z,90.02
2026-02-21T15:30:00.000Z,92.70
2026-02-21T15:45:00.000Z,95.21
2026-02-21T16:00:00.000Z,96.59
2026-02-21T16:15:00.000Z,96.46
2026-02-21T16:30:00.000Z,94.75
2026-02-21T16:45:00.000Z,91.11
2026-02-21T17:00:00.000Z,96.31
2026-02-21T17:15:00.000Z,95.17
2026-02-21T17:30:00.000Z,92.47
2026-02-21T17:45:00.000Z,98.78
2026-02-21T18:00:00.000Z,97.21
2026-02-21T18:15:00.000Z,101.82
2026-02-21T18:30:00.000Z,96.29
2026-02-21T18:45:00.000Z,99.54
2026-02-21T19:00:00.000Z,90.00
2026-02-21T19:15:00.000Z,95.71
2026-02-21T19:30:00.000Z,98.80
2026-02-21T19:45:00.000Z,99.16
2026-02-21T20:00:00.000Z,99.17
2026-02-21T20:15:00.000Z,98.24
2026-02-21T20:30:00.000Z,95.81
2026-02-21T20:45:00.000Z,92.85
2026-02-21T21:00:00.000Z,94.04
2026-02-21T21:15:00.000Z,91.10
2026-02-21T21:30:00.000Z,91.89
2026-02-21T21:45:00.000Z,89.73
2026-02-21T22:00:00.000Z,89.21
2026-02-21T22:15:00.000Z,87.37
2026-02-21T22:30:00.000Z,86.12
2026-02-21T22:45:00.000Z,87.23
2026-02-21T23:00:00.000Z,92.97
2026-02-21T23:15:00.000Z,88.86
2026-02-21T23:30:00.000Z,90.00
2026-02-21T23:45:00.000Z,88.15
2026-02-22T00:00:00.000Z,88.75
2026-02-22T00:15:00.000Z,87.87
2026-02-22T00:30:00.000Z,87.83
2026-02-22T00:45:00.000Z,88.02
2026-02-22T01:00:00.000Z,84.85
2026-02-22T01:15:00.000Z,85.57
2026-02-22T01:30:00.000Z,87.69
2026-02-22T01:45:00.000Z,89.36
2026-02-22T02:00:00.000Z,86.90
2026-02-22T02:15:00.000Z,86.22
2026-02-22T02:30:00.000Z,86.28
2026-02-22T02:45:00.000Z,85.97
2026-02-22T03:00:00.000Z,84.39
2026-02-22T03:15:00.000Z,85.57
2026-02-22T03:30:00.000Z,88.68
2026-02-22T03:45:00.000Z,88.64
2026-02-22T04:00:00.000Z,88.69
2026-02-22T04:15:00.000Z,88.30
2026-02-22T04:30:00.000Z,83.09
2026-02-22T04:45:00.000Z,82.39
2026-02-22T05:00:00.000Z,89.01
2026-02-22T05:15:00.000Z,89.05
2026-02-22T05:30:00.000Z,87.59
2026-02-22T05:45:00.000Z,83.14
2026-02-22T06:00:00.000Z,93.82
2026-02-22T06:15:00.000Z,89.38
2026-02-22T06:30:00.000Z,85.90
2026-02-22T06:45:00.000Z,87.57
2026-02-22T07:00:00.000Z,86.58
2026-02-22T07:15:00.000Z,87.57
2026-02-22T07:30:00.000Z,88.81
2026-02-22T07:45:00.000Z,89.09
2026-02-22T08:00:00.000Z,89.67
2026-02-22T08:15:00.000Z,89.22
2026-02-22T08:30:00.000Z,88.60
2026-02-22T08:45:00.000Z,84.70
2026-02-22T09:00:00.000Z,85.92
2026-02-22T09:15:00.000Z,84.74
2026-02-22T09:30:00.000Z,81.70
2026-02-22T09:45:00.000Z,81.67
2026-02-22T10:00:00.000Z,84.31
2026-02-22T10:15:00.000Z,82.58
2026-02-22T10:30:00.000Z,82.52
2026-02-22T10:45:00.000Z,82.58
2026-02-22T11:00:00.000Z,83.46
2026-02-22T11:15:00.000Z,82.82
2026-02-22T11:30:00.000Z,83.25
2026-02-22T11:45:00.000Z,82.77
2026-02-22T12:00:00.000Z,82.39
2026-02-22T12:15:00.000Z,82.89
2026-02-22T12:30:00.000Z,82.43
2026-02-22T12:45:00.000Z,82.69
2026-02-22T13:00:00.000Z,80.52
2026-02-22T13:15:00.000Z,80.39
2026-02-22T13:30:00.000Z,79.98
2026-02-22T13:45:00.000Z,79.98
2026-02-22T14:00:00.000Z,79.98
2026-02-22T14:15:00.000Z,80.60
2026-02-22T14:30:00.000Z,80.98
2026-02-22T14:45:00.000Z,81.58
2026-02-22T15:00:00.000Z,86.14
2026-02-22T15:15:00.000Z,87.20
2026-02-22T15:30:00.000Z,84.76
2026-02-22T15:45:00.000Z,85.02
2026-02-22T16:00:00.000Z,86.52
2026-02-22T16:15:00.000Z,89.62
2026-02-22T16:30:00.000Z,91.91
2026-02-22T16:45:00.000Z,93.97
2026-02-22T17:00:00.000Z,94.96
2026-02-22T17:15:00.000Z,94.49
2026-02-22T17:30:00.000Z,94.59
2026-02-22T17:45:00.000Z,94.45
2026-02-22T18:00:00.000Z,95.35
2026-02-22T18:15:00.000Z,94.43
2026-02-22T18:30:00.000Z,92.48
2026-02-22T18:45:00.000Z,91.51
2026-02-22T19:00:00.000Z,90.28
2026-02-22T19:15:00.000Z,88.72
2026-02-22T19:30:00.000Z,87.31
2026-02-22T19:45:00.000Z,87.58
2026-02-22T20:00:00.000Z,83.66
2026-02-22T20:15:00.000Z,83.76
2026-02-22T20:30:00.000Z,84.78
2026-02-22T20:45:00.000Z,85.11
2026-02-22T21:00:00.000Z,82.47
2026-02-22T21:15:00.000Z,81.84
2026-02-22T21:30:00.000Z,83.07
2026-02-22T21:45:00.000Z,86.44
2026-02-22T22:00:00.000Z,82.38
2026-02-22T22:15:00.000Z,81.65
2026-02-22T22:30:00.000Z,82.21
2026-02-22T22:45:00.000Z,81.96
2026-02-22T23:00:00.000Z,85.79
2026-02-22T23:15:00.000Z,86.21
2026-02-22T23:30:00.000Z,87.05
2026-02-22T23:45:00.000Z,86.37
2026-02-23T00:00:00.000Z,87.64
2026-02-23T00:15:00.000Z,87.58
2026-02-23T00:30:00.000Z,87.34
2026-02-23T00:45:00.000Z,86.75
2026-02-23T01:00:00.000Z,85.63
2026-02-23T01:15:00.000Z,86.09
2026-02-23T01:30:00.000Z,86.09
2026-02-23T01:45:00.000Z,86.09
2026-02-23T02:00:00.000Z,84.36
2026-02-23T02:15:00.000Z,84.35
2026-02-23T02:30:00.000Z,84.57
2026-02-23T02:45:00.000Z,84.82
2026-02-23T03:00:00.000Z,83.94
2026-02-23T03:15:00.000Z,84.31
2026-02-23T03:30:00.000Z,84.56
2026-02-23T03:45:00.000Z,85.81
2026-02-23T04:00:00.000Z,85.12
2026-02-23T04:15:00.000Z,86.52
2026-02-23T04:30:00.000Z,84.31
2026-02-23T04:45:00.000Z,75.90
2026-02-23T05:00:00.000Z,90.37
2026-02-23T05:15:00.000Z,85.16
2026-02-23T05:30:00.000Z,87.14
2026-02-23T05:45:00.000Z,89.79
2026-02-23T06:00:00.000Z,91.29
2026-02-23T06:15:00.000Z,94.47
2026-02-23T06:30:00.000Z,94.95
2026-02-23T06:45:00.000Z,97.19
2026-02-23T07:00:00.000Z,99.15
2026-02-23T07:15:00.000Z,98.91
2026-02-23T07:30:00.000Z,97.78
2026-02-23T07:45:00.000Z,94.59
2026-02-23T08:00:00.000Z,97.37
2026-02-23T08:15:00.000Z,94.96
2026-02-23T08:30:00.000Z,93.62
2026-02-23T08:45:00.000Z,92.67
2026-02-23T09:00:00.000Z,95.29
2026-02-23T09:15:00.000Z,93.17
2026-02-23T09:30:00.000Z,93.04
2026-02-23T09:45:00.000Z,92.31
2026-02-23T10:00:00.000Z,89.95
2026-02-23T10:15:00.000Z,89.29
2026-02-23T10:30:00.000Z,89.10
2026-02-23T10:45:00.000Z,89.08
2026-02-23T11:00:00.000Z,89.41
2026-02-23T11:15:00.000Z,89.16
2026-02-23T11:30:00.000Z,89.07
2026-02-23T11:45:00.000Z,89.07
2026-02-23T12:00:00.000Z,89.07
2026-02-23T12:15:00.000Z,89.07
2026-02-23T12:30:00.000Z,89.07
2026-02-23T12:45:00.000Z,89.84
2026-02-23T13:00:00.000Z,90.46
2026-02-23T13:15:00.000Z,90.83
2026-02-23T13:30:00.000Z,90.96
2026-02-23T13:45:00.000Z,91.60
2026-02-23T14:00:00.000Z,93.16
2026-02-23T14:15:00.000Z,93.49
2026-02-23T14:30:00.000Z,94.39
2026-02-23T14:45:00.000Z,96.63
2026-02-23T15:00:00.000Z,92.10
2026-02-23T15:15:00.000Z,93.26
2026-02-23T15:30:00.000Z,95.98
2026-02-23T15:45:00.000Z,102.16
2026-02-23T16:00:00.000Z,96.53
2026-02-23T16:15:00.000Z,99.55
2026-02-23T16:30:00.000Z,101.81
2026-02-23T16:45:00.000Z,104.69
2026-02-23T17:00:00.000Z,105.94
2026-02-23T17:15:00.000Z,105.96
2026-02-23T17:30:00.000Z,106.10
2026-02-23T17:45:00.000Z,113.73
2026-02-23T18:00:00.000Z,109.12
2026-02-23T18:15:00.000Z,110.56
2026-02-23T18:30:00.000Z,110.93
2026-02-23T18:45:00.000Z,113.15
2026-02-23T19:00:00.000Z,102.80
2026-02-23T19:15:00.000Z,102.86
2026-02-23T19:30:00.000Z,100.04
2026-02-23T19:45:00.000Z,99.30
2026-02-23T20:00:00.000Z,101.06
2026-02-23T20:15:00.000Z,100.04
2026-02-23T20:30:00.000Z,97.80
2026-02-23T20:45:00.000Z,95.38
2026-02-23T21:00:00.000Z,97.81
2026-02-23T21:15:00.000Z,97.01
2026-02-23T21:30:00.000Z,95.39
2026-02-23T21:45:00.000Z,93.36
2026-02-23T22:00:00.000Z,93.72
2026-02-23T22:15:00.000Z,91.33
2026-02-23T22:30:00.000Z,89.51
2026-02-23T22:45:00.000Z,88.72
2026-02-23T23:00:00.000Z,89.39
2026-02-23T23:15:00.000Z,88.59
2026-02-23T23:30:00.000Z,88.12
2026-02-23T23:45:00.000Z,87.85
2026-02-24T00:00:00.000Z,87.64
2026-02-24T00:15:00.000Z,87.04
2026-02-24T00:30:00.000Z,86.89
2026-02-24T00:45:00.000Z,87.61
2026-02-24T01:00:00.000Z,87.35
2026-02-24T01:15:00.000Z,88.41
2026-02-24T01:30:00.000Z,88.56
2026-02-24T01:45:00.000Z,89.47
2026-02-24T02:00:00.000Z,86.28
2026-02-24T02:15:00.000Z,87.86
2026-02-24T02:30:00.000Z,88.71
2026-02-24T02:45:00.000Z,89.38
2026-02-24T03:00:00.000Z,88.04
2026-02-24T03:15:00.000Z,88.41
2026-02-24T03:30:00.000Z,88.89
2026-02-24T03:45:00.000Z,89.96
2026-02-24T04:00:00.000Z,88.46
2026-02-24T04:15:00.000Z,91.02
2026-02-24T04:30:00.000Z,95.06
2026-02-24T04:45:00.000Z,100.42
2026-02-24T05:00:00.000Z,96.43
2026-02-24T05:15:00.000Z,103.39
2026-02-24T05:30:00.000Z,114.08
2026-02-24T05:45:00.000Z,122.10
2026-02-24T06:00:00.000Z,118.71
2026-02-24T06:15:00.000Z,129.50
2026-02-24T06:30:00.000Z,138.44
2026-02-24T06:45:00.000Z,146.30
2026-02-24T07:00:00.000Z,140.62
2026-02-24T07:15:00.000Z,147.17
2026-02-24T07:30:00.000Z,151.47
2026-02-24T07:45:00.000Z,150.95
2026-02-24T08:00:00.000Z,147.06
2026-02-24T08:15:00.000Z,146.28
2026-02-24T08:30:00.000Z,143.70
2026-02-24T08:45:00.000Z,139.88
2026-02-24T09:00:00.000Z,152.88
2026-02-24T09:15:00.000Z,134.78
2026-02-24T09:30:00.000Z,123.65
2026-02-24T09:45:00.000Z,114.07
2026-02-24T10:00:00.000Z,142.43
2026-02-24T10:15:00.000Z,117.17
2026-02-24T10:30:00.000Z,111.80
2026-02-24T10:45:00.000Z,105.47
2026-02-24T11:00:00.000Z,109.33
2026-02-24T11:15:00.000Z,104.43
2026-02-24T11:30:00.000Z,103.18
2026-02-24T11:45:00.000Z,103.25
2026-02-24T12:00:00.000Z,101.96
2026-02-24T12:15:00.000Z,101.79
2026-02-24T12:30:00.000Z,101.93
2026-02-24T12:45:00.000Z,102.19
2026-02-24T13:00:00.000Z,101.62
2026-02-24T13:15:00.000Z,101.61
2026-02-24T13:30:00.000Z,101.70
2026-02-24T13:45:00.000Z,106.70
2026-02-24T14:00:00.000Z,102.69
2026-02-24T14:15:00.000Z,105.32
2026-02-24T14:30:00.000Z,105.77
2026-02-24T14:45:00.000Z,114.99
2026-02-24T15:00:00.000Z,108.34
2026-02-24T15:15:00.000Z,111.99
2026-02-24T15:30:00.000Z,119.26
2026-02-24T15:45:00.000Z,138.52
2026-02-24T16:00:00.000Z,124.92
2026-02-24T16:15:00.000Z,156.20
2026-02-24T16:30:00.000Z,194.64
2026-02-24T16:45:00.000Z,186.91
2026-02-24T17:00:00.000Z,154.74
2026-02-24T17:15:00.000Z,151.42
2026-02-24T17:30:00.000Z,144.97
2026-02-24T17:45:00.000Z,135.25
2026-02-24T18:00:00.000Z,135.35
2026-02-24T18:15:00.000Z,120.16
2026-02-24T18:30:00.000Z,117.25
2026-02-24T18:45:00.000Z,107.39
2026-02-24T19:00:00.000Z,116.44
2026-02-24T19:15:00.000Z,113.45
2026-02-24T19:30:00.000Z,108.20
2026-02-24T19:45:00.000Z,101.00
2026-02-24T20:00:00.000Z,107.57
2026-02-24T20:15:00.000Z,103.24
2026-02-24T20:30:00.000Z,100.06
2026-02-24T20:45:00.000Z,95.98
2026-02-24T21:00:00.000Z,97.76
2026-02-24T21:15:00.000Z,95.22
2026-02-24T21:30:00.000Z,94.49
2026-02-24T21:45:00.000Z,92.00
2026-02-24T22:00:00.000Z,92.26
2026-02-24T22:15:00.000Z,91.12
2026-02-24T22:30:00.000Z,86.37
2026-02-24T22:45:00.000Z,84.24
2026-02-24T23:00:00.000Z,89.23
2026-02-24T23:15:00.000Z,85.02
2026-02-24T23:30:00.000Z,83.04
2026-02-24T23:45:00.000Z,80.06
2026-02-25T00:00:00.000Z,83.15
2026-02-25T00:15:00.000Z,81.43
2026-02-25T00:30:00.000Z,79.83
2026-02-25T00:45:00.000Z,80.59
2026-02-25T01:00:00.000Z,79.27
2026-02-25T01:15:00.000Z,78.97
2026-02-25T01:30:00.000Z,79.12
2026-02-25T01:45:00.000Z,75.78
2026-02-25T02:00:00.000Z,75.82
2026-02-25T02:15:00.000Z,74.93
2026-02-25T02:30:00.000Z,74.01
2026-02-25T02:45:00.000Z,72.63
2026-02-25T03:00:00.000Z,77.42
2026-02-25T03:15:00.000Z,77.08
2026-02-25T03:30:00.000Z,76.97
2026-02-25T03:45:00.000Z,72.61
2026-02-25T04:00:00.000Z,69.13
2026-02-25T04:15:00.000Z,70.89
2026-02-25T04:30:00.000Z,69.11
2026-02-25T04:45:00.000Z,74.30
2026-02-25T05:00:00.000Z,69.01
2026-02-25T05:15:00.000Z,64.74
2026-02-25T05:30:00.000Z,67.50
2026-02-25T05:45:00.000Z,66.91
2026-02-25T06:00:00.000Z,69.05
2026-02-25T06:15:00.000Z,70.60
2026-02-25T06:30:00.000Z,69.56
2026-02-25T06:45:00.000Z,62.65
2026-02-25T07:00:00.000Z,77.36
2026-02-25T07:15:00.000Z,66.80
2026-02-25T07:30:00.000Z,61.76
2026-02-25T07:45:00.000Z,58.05
2026-02-25T08:00:00.000Z,66.58
2026-02-25T08:15:00.000Z,64.41
2026-02-25T08:30:00.000Z,61.64
2026-02-25T08:45:00.000Z,57.72
2026-02-25T09:00:00.000Z,57.06
2026-02-25T09:15:00.000Z,55.78
2026-02-25T09:30:00.000Z,60.95
2026-02-25T09:45:00.000Z,65.23
2026-02-25T10:00:00.000Z,63.96
2026-02-25T10:15:00.000Z,64.29
2026-02-25T10:30:00.000Z,64.11
2026-02-25T10:45:00.000Z,65.39
2026-02-25T11:00:00.000Z,64.74
2026-02-25T11:15:00.000Z,64.30
2026-02-25T11:30:00.000Z,65.55
2026-02-25T11:45:00.000Z,64.73
2026-02-25T12:00:00.000Z,64.90
2026-02-25T12:15:00.000Z,65.40
2026-02-25T12:30:00.000Z,66.93
2026-02-25T12:45:00.000Z,66.79
2026-02-25T13:00:00.000Z,69.21
2026-02-25T13:15:00.000Z,70.96
2026-02-25T13:30:00.000Z,65.23
2026-02-25T13:45:00.000Z,59.96
2026-02-25T14:00:00.000Z,72.65
2026-02-25T14:15:00.000Z,71.74
2026-02-25T14:30:00.000Z,65.83
2026-02-25T14:45:00.000Z,60.67
2026-02-25T15:00:00.000Z,79.05
2026-02-25T15:15:00.000Z,69.61
2026-02-25T15:30:00.000Z,60.85
2026-02-25T15:45:00.000Z,57.71
2026-02-25T16:00:00.000Z,71.50
2026-02-25T16:15:00.000Z,70.50
2026-02-25T16:30:00.000Z,64.98
2026-02-25T16:45:00.000Z,65.85
2026-02-25T17:00:00.000Z,70.74
2026-02-25T17:15:00.000Z,70.67
2026-02-25T17:30:00.000Z,73.29
2026-02-25T17:45:00.000Z,72.29
2026-02-25T18:00:00.000Z,78.30
2026-02-25T18:15:00.000Z,75.08
2026-02-25T18:30:00.000Z,72.31
2026-02-25T18:45:00.000Z,71.37
2026-02-25T19:00:00.000Z,68.94
2026-02-25T19:15:00.000Z,70.19
2026-02-25T19:30:00.000Z,72.43
2026-02-25T19:45:00.000Z,72.29
2026-02-25T20:00:00.000Z,69.98
2026-02-25T20:15:00.000Z,70.67
2026-02-25T20:30:00.000Z,71.30
2026-02-25T20:45:00.000Z,74.34
2026-02-25T21:00:00.000Z,67.79
2026-02-25T21:15:00.000Z,69.51
2026-02-25T21:30:00.000Z,71.41
2026-02-25T21:45:00.000Z,71.14
2026-02-25T22:00:00.000Z,67.84
2026-02-25T22:15:00.000Z,65.75
2026-02-25T22:30:00.000Z,66.34
2026-02-25T22:45:00.000Z,71.85
2026-02-25T23:00:00.000Z,79.39
2026-02-25T23:15:00.000Z,80.46
2026-02-25T23:30:00.000Z,82.53
2026-02-25T23:45:00.000Z,82.64
2026-02-26T00:00:00.000Z,86.02
2026-02-26T00:15:00.000Z,82.07
2026-02-26T00:30:00.000Z,80.19
2026-02-26T00:45:00.000Z,76.75
2026-02-26T01:00:00.000Z,79.34
2026-02-26T01:15:00.000Z,78.32
2026-02-26T01:30:00.000Z,78.49
2026-02-26T01:45:00.000Z,80.00
2026-02-26T02:00:00.000Z,80.09
2026-02-26T02:15:00.000Z,79.99
2026-02-26T02:30:00.000Z,78.36
2026-02-26T02:45:00.000Z,75.30
2026-02-26T03:00:00.000Z,74.27
2026-02-26T03:15:00.000Z,75.63
2026-02-26T03:30:00.000Z,76.81
2026-02-26T03:45:00.000Z,78.11
2026-02-26T04:00:00.000Z,75.36
2026-02-26T04:15:00.000Z,79.95
2026-02-26T04:30:00.000Z,83.74
2026-02-26T04:45:00.000Z,86.55
2026-02-26T05:00:00.000Z,90.79
2026-02-26T05:15:00.000Z,93.98
2026-02-26T05:30:00.000Z,94.13
2026-02-26T05:45:00.000Z,94.52
2026-02-26T06:00:00.000Z,78.92
2026-02-26T06:15:00.000Z,84.79
2026-02-26T06:30:00.000Z,89.80
2026-02-26T06:45:00.000Z,92.50
2026-02-26T07:00:00.000Z,84.58
2026-02-26T07:15:00.000Z,88.23
2026-02-26T07:30:00.000Z,90.10
2026-02-26T07:45:00.000Z,97.23
2026-02-26T08:00:00.000Z,97.10
2026-02-26T08:15:00.000Z,97.01
2026-02-26T08:30:00.000Z,96.00
2026-02-26T08:45:00.000Z,96.96
2026-02-26T09:00:00.000Z,93.65
2026-02-26T09:15:00.000Z,92.73
2026-02-26T09:30:00.000Z,91.45
2026-02-26T09:45:00.000Z,91.23
2026-02-26T10:00:00.000Z,87.73
2026-02-26T10:15:00.000Z,89.67
2026-02-26T10:30:00.000Z,89.46
2026-02-26T10:45:00.000Z,88.64
2026-02-26T11:00:00.000Z,86.24
2026-02-26T11:15:00.000Z,85.39
2026-02-26T11:30:00.000Z,84.98
2026-02-26T11:45:00.000Z,84.80
2026-02-26T12:00:00.000Z,81.82
2026-02-26T12:15:00.000Z,82.19
2026-02-26T12:30:00.000Z,81.76
2026-02-26T12:45:00.000Z,81.62
2026-02-26T13:00:00.000Z,80.03
2026-02-26T13:15:00.000Z,77.78
2026-02-26T13:30:00.000Z,80.70
2026-02-26T13:45:00.000Z,80.74
2026-02-26T14:00:00.000Z,77.99
2026-02-26T14:15:00.000Z,79.94
2026-02-26T14:30:00.000Z,82.32
2026-02-26T14:45:00.000Z,77.01
2026-02-26T15:00:00.000Z,88.89
2026-02-26T15:15:00.000Z,79.18
2026-02-26T15:30:00.000Z,75.07
2026-02-26T15:45:00.000Z,76.18
2026-02-26T16:00:00.000Z,81.66
2026-02-26T16:15:00.000Z,84.23
2026-02-26T16:30:00.000Z,81.30
2026-02-26T16:45:00.000Z,83.51
2026-02-26T17:00:00.000Z,84.50
2026-02-26T17:15:00.000Z,84.45
2026-02-26T17:30:00.000Z,83.20
2026-02-26T17:45:00.000Z,81.10
2026-02-26T18:00:00.000Z,82.20
2026-02-26T18:15:00.000Z,82.28
2026-02-26T18:30:00.000Z,83.92
2026-02-26T18:45:00.000Z,85.82
2026-02-26T19:00:00.000Z,84.14
2026-02-26T19:15:00.000Z,88.82
2026-02-26T19:30:00.000Z,94.75
2026-02-26T19:45:00.000Z,96.48
2026-02-26T20:00:00.000Z,96.68
2026-02-26T20:15:00.000Z,95.88
2026-02-26T20:30:00.000Z,93.04
2026-02-26T20:45:00.000Z,90.42
2026-02-26T21:00:00.000Z,90.70
2026-02-26T21:15:00.000Z,90.65
2026-02-26T21:30:00.000Z,87.64
2026-02-26T21:45:00.000Z,83.89
2026-02-26T22:00:00.000Z,88.51
2026-02-26T22:15:00.000Z,83.08
2026-02-26T22:30:00.000Z,78.25
2026-02-26T22:45:00.000Z,74.33
2026-02-26T23:00:00.000Z,78.25
2026-02-26T23:15:00.000Z,76.91
2026-02-26T23:30:00.000Z,76.12
2026-02-26T23:45:00.000Z,76.05
2026-02-27T00:00:00.000Z,74.56
2026-02-27T00:15:00.000Z,74.55
2026-02-27T00:30:00.000Z,73.76
2026-02-27T00:45:00.000Z,72.99
2026-02-27T01:00:00.000Z,75.35
2026-02-27T01:15:00.000Z,75.33
2026-02-27T01:30:00.000Z,75.42
2026-02-27T01:45:00.000Z,75.57
2026-02-27T02:00:00.000Z,72.49
2026-02-27T02:15:00.000Z,72.47
2026-02-27T02:30:00.000Z,72.46
2026-02-27T02:45:00.000Z,73.78
2026-02-27T03:00:00.000Z,75.81
2026-02-27T03:15:00.000Z,76.29
2026-02-27T03:30:00.000Z,76.50
2026-02-27T03:45:00.000Z,76.49
2026-02-27T04:00:00.000Z,75.94
2026-02-27T04:15:00.000Z,76.43
2026-02-27T04:30:00.000Z,76.59
2026-02-27T04:45:00.000Z,79.12
2026-02-27T05:00:00.000Z,79.76
2026-02-27T05:15:00.000Z,81.78
2026-02-27T05:30:00.000Z,84.00
2026-02-27T05:45:00.000Z,85.92
2026-02-27T06:00:00.000Z,88.03
2026-02-27T06:15:00.000Z,89.00
2026-02-27T06:30:00.000Z,88.86
2026-02-27T06:45:00.000Z,90.80
2026-02-27T07:00:00.000Z,104.64
2026-02-27T07:15:00.000Z,102.66
2026-02-27T07:30:00.000Z,100.71
2026-02-27T07:45:00.000Z,114.11
2026-02-27T08:00:00.000Z,95.09
2026-02-27T08:15:00.000Z,105.22
2026-02-27T08:30:00.000Z,115.07
2026-02-27T08:45:00.000Z,117.78
2026-02-27T09:00:00.000Z,105.51
2026-02-27T09:15:00.000Z,99.99
2026-02-27T09:30:00.000Z,87.70
2026-02-27T09:45:00.000Z,87.03
2026-02-27T10:00:00.000Z,94.54
2026-02-27T10:15:00.000Z,93.29
2026-02-27T10:30:00.000Z,90.00
2026-02-27T10:45:00.000Z,95.97
2026-02-27T11:00:00.000Z,100.32
2026-02-27T11:15:00.000Z,102.70
2026-02-27T11:30:00.000Z,100.26
2026-02-27T11:45:00.000Z,110.78
2026-02-27T12:00:00.000Z,97.47
2026-02-27T12:15:00.000Z,97.74
2026-02-27T12:30:00.000Z,110.08
2026-02-27T12:45:00.000Z,99.13
2026-02-27T13:00:00.000Z,97.21
2026-02-27T13:15:00.000Z,101.93
2026-02-27T13:30:00.000Z,93.40
2026-02-27T13:45:00.000Z,92.91
2026-02-27T14:00:00.000Z,107.97
2026-02-27T14:15:00.000Z,109.92
2026-02-27T14:30:00.000Z,99.94
2026-02-27T14:45:00.000Z,91.30
2026-02-27T15:00:00.000Z,90.83
2026-02-27T15:15:00.000Z,95.79
2026-02-27T15:30:00.000Z,98.05
2026-02-27T15:45:00.000Z,93.74
2026-02-27T16:00:00.000Z,92.64
2026-02-27T16:15:00.000Z,87.59
2026-02-27T16:30:00.000Z,88.50
2026-02-27T16:45:00.000Z,87.16
2026-02-27T17:00:00.000Z,86.18
2026-02-27T17:15:00.000Z,84.24
2026-02-27T17:30:00.000Z,83.05
2026-02-27T17:45:00.000Z,77.08
2026-02-27T18:00:00.000Z,84.39
2026-02-27T18:15:00.000Z,82.70
2026-02-27T18:30:00.000Z,85.73
2026-02-27T18:45:00.000Z,86.23
2026-02-27T19:00:00.000Z,89.00
2026-02-27T19:15:00.000Z,88.84
2026-02-27T19:30:00.000Z,84.98
2026-02-27T19:45:00.000Z,84.51
2026-02-27T20:00:00.000Z,91.05
2026-02-27T20:15:00.000Z,97.94
2026-02-27T20:30:00.000Z,95.65
2026-02-27T20:45:00.000Z,95.02
2026-02-27T21:00:00.000Z,94.59
2026-02-27T21:15:00.000Z,91.49
2026-02-27T21:30:00.000Z,94.58
2026-02-27T21:45:00.000Z,93.25
2026-02-27T22:00:00.000Z,94.55
2026-02-27T22:15:00.000Z,93.70
2026-02-27T22:30:00.000Z,90.50
2026-02-27T22:45:00.000Z,87.42
2026-02-27T23:00:00.000Z,75.30
2026-02-27T23:15:00.000Z,73.24
2026-02-27T23:30:00.000Z,70.60
2026-02-27T23:45:00.000Z,68.55
2026-02-28T00:00:00.000Z,71.71
2026-02-28T00:15:00.000Z,69.63
2026-02-28T00:30:00.000Z,68.93
2026-02-28T00:45:00.000Z,67.89
2026-02-28T01:00:00.000Z,68.35
2026-02-28T01:15:00.000Z,68.09
2026-02-28T01:30:00.000Z,67.06
2026-02-28T01:45:00.000Z,67.13
2026-02-28T02:00:00.000Z,69.76
2026-02-28T02:15:00.000Z,68.80
2026-02-28T02:30:00.000Z,68.44
2026-02-28T02:45:00.000Z,68.22
2026-02-28T03:00:00.000Z,67.94
2026-02-28T03:15:00.000Z,67.54
2026-02-28T03:30:00.000Z,68.17
2026-02-28T03:45:00.000Z,69.18
2026-02-28T04:00:00.000Z,67.00
2026-02-28T04:15:00.000Z,67.54
2026-02-28T04:30:00.000Z,67.96
2026-02-28T04:45:00.000Z,69.04
2026-02-28T05:00:00.000Z,68.94
2026-02-28T05:15:00.000Z,67.82
2026-02-28T05:30:00.000Z,67.67
2026-02-28T05:45:00.000Z,67.42
2026-02-28T06:00:00.000Z,66.39
2026-02-28T06:15:00.000Z,65.50
2026-02-28T06:30:00.000Z,69.14
2026-02-28T06:45:00.000Z,76.09
2026-02-28T07:00:00.000Z,69.43
2026-02-28T07:15:00.000Z,77.90
2026-02-28T07:30:00.000Z,78.86
2026-02-28T07:45:00.000Z,79.31
2026-02-28T08:00:00.000Z,74.99
2026-02-28T08:15:00.000Z,77.36
2026-02-28T08:30:00.000Z,80.31
2026-02-28T08:45:00.000Z,83.57
2026-02-28T09:00:00.000Z,75.63
2026-02-28T09:15:00.000Z,78.42
2026-02-28T09:30:00.000Z,83.02
2026-02-28T09:45:00.000Z,87.95
2026-02-28T10:00:00.000Z,76.95
2026-02-28T10:15:00.000Z,77.98
2026-02-28T10:30:00.000Z,81.01
2026-02-28T10:45:00.000Z,85.41
2026-02-28T11:00:00.000Z,75.02
2026-02-28T11:15:00.000Z,78.28
2026-02-28T11:30:00.000Z,83.43
2026-02-28T11:45:00.000Z,87.09
2026-02-28T12:00:00.000Z,86.43
2026-02-28T12:15:00.000Z,86.44
2026-02-28T12:30:00.000Z,85.62
2026-02-28T12:45:00.000Z,85.45
2026-02-28T13:00:00.000Z,84.40
2026-02-28T13:15:00.000Z,84.38
2026-02-28T13:30:00.000Z,84.31
2026-02-28T13:45:00.000Z,84.31
2026-02-28T14:00:00.000Z,84.31
2026-02-28T14:15:00.000Z,84.31
2026-02-28T14:30:00.000Z,84.31
2026-02-28T14:45:00.000Z,86.69
2026-02-28T15:00:00.000Z,84.79
2026-02-28T15:15:00.000Z,88.20
2026-02-28T15:30:00.000Z,77.90
2026-02-28T15:45:00.000Z,74.81
2026-02-28T16:00:00.000Z,83.40
2026-02-28T16:15:00.000Z,81.74
2026-02-28T16:30:00.000Z,74.11
2026-02-28T16:45:00.000Z,69.84
2026-02-28T17:00:00.000Z,76.72
2026-02-28T17:15:00.000Z,77.41
2026-02-28T17:30:00.000Z,76.39
2026-02-28T17:45:00.000Z,78.90
2026-02-28T18:00:00.000Z,78.12
2026-02-28T18:15:00.000Z,78.45
2026-02-28T18:30:00.000Z,79.80
2026-02-28T18:45:00.000Z,84.27
2026-02-28T19:00:00.000Z,78.56
2026-02-28T19:15:00.000Z,81.97
2026-02-28T19:30:00.000Z,92.01
2026-02-28T19:45:00.000Z,94.31
2026-02-28T20:00:00.000Z,85.25
2026-02-28T20:15:00.000Z,84.56
2026-02-28T20:30:00.000Z,85.22
2026-02-28T20:45:00.000Z,91.14
2026-02-28T21:00:00.000Z,84.06
2026-02-28T21:15:00.000Z,88.35
2026-02-28T21:30:00.000Z,90.22
2026-02-28T21:45:00.000Z,91.93
2026-02-28T22:00:00.000Z,90.79
2026-02-28T22:15:00.000Z,92.01
2026-02-28T22:30:00.000Z,89.84
2026-02-28T22:45:00.000Z,87.62
2026-02-28T23:00:00.000Z,92.36
2026-02-28T23:15:00.000Z,90.59
2026-02-28T23:30:00.000Z,88.09
2026-02-28T23:45:00.000Z,88.96
2026-03-01T00:00:00.000Z,88.79
2026-03-01T00:15:00.000Z,90.63
2026-03-01T00:30:00.000Z,90.98
2026-03-01T00:45:00.000Z,89.84
2026-03-01T01:00:00.000Z,87.82
2026-03-01T01:15:00.000Z,88.10
2026-03-01T01:30:00.000Z,88.12
2026-03-01T01:45:00.000Z,88.41
2026-03-01T02:00:00.000Z,84.00
2026-03-01T02:15:00.000Z,84.69
2026-03-01T02:30:00.000Z,85.07
2026-03-01T02:45:00.000Z,84.80
2026-03-01T03:00:00.000Z,81.70
2026-03-01T03:15:00.000Z,82.15
2026-03-01T03:30:00.000Z,81.92
2026-03-01T03:45:00.000Z,81.88
2026-03-01T04:00:00.000Z,78.20
2026-03-01T04:15:00.000Z,79.29
2026-03-01T04:30:00.000Z,79.55
2026-03-01T04:45:00.000Z,79.15
2026-03-01T05:00:00.000Z,77.71
2026-03-01T05:15:00.000Z,77.77
2026-03-01T05:30:00.000Z,79.97
2026-03-01T05:45:00.000Z,79.67
2026-03-01T06:00:00.000Z,79.22
2026-03-01T06:15:00.000Z,79.37
2026-03-01T06:30:00.000Z,77.56
2026-03-01T06:45:00.000Z,77.68
2026-03-01T07:00:00.000Z,79.32
2026-03-01T07:15:00.000Z,79.67
2026-03-01T07:30:00.000Z,76.31
2026-03-01T07:45:00.000Z,69.44
2026-03-01T08:00:00.000Z,77.35
2026-03-01T08:15:00.000Z,65.24
2026-03-01T08:30:00.000Z,55.97
2026-03-01T08:45:00.000Z,55.57
2026-03-01T09:00:00.000Z,57.93
2026-03-01T09:15:00.000Z,57.83
2026-03-01T09:30:00.000Z,55.08
2026-03-01T09:45:00.000Z,52.83
2026-03-01T10:00:00.000Z,50.47
2026-03-01T10:15:00.000Z,50.36
2026-03-01T10:30:00.000Z,49.33
2026-03-01T10:45:00.000Z,48.89
2026-03-01T11:00:00.000Z,50.16
2026-03-01T11:15:00.000Z,50.05
2026-03-01T11:30:00.000Z,50.00
2026-03-01T11:45:00.000Z,49.98
2026-03-01T12:00:00.000Z,49.71
2026-03-01T12:15:00.000Z,49.51
2026-03-01T12:30:00.000Z,49.28
2026-03-01T12:45:00.000Z,51.38
2026-03-01T13:00:00.000Z,49.99
2026-03-01T13:15:00.000Z,52.08
2026-03-01T13:30:00.000Z,57.78
2026-03-01T13:45:00.000Z,60.39
2026-03-01T14:00:00.000Z,49.99
2026-03-01T14:15:00.000Z,55.46
2026-03-01T14:30:00.000Z,69.60
2026-03-01T14:45:00.000Z,80.32
2026-03-01T15:00:00.000Z,77.88
2026-03-01T15:15:00.000Z,88.81
2026-03-01T15:30:00.000Z,89.97
2026-03-01T15:45:00.000Z,90.95
2026-03-01T16:00:00.000Z,90.18
2026-03-01T16:15:00.000Z,92.79
2026-03-01T16:30:00.000Z,93.45
2026-03-01T16:45:00.000Z,94.04
2026-03-01T17:00:00.000Z,94.47
2026-03-01T17:15:00.000Z,94.73
2026-03-01T17:30:00.000Z,95.20
2026-03-01T17:45:00.000Z,95.28
2026-03-01T18:00:00.000Z,95.87
2026-03-01T18:15:00.000Z,96.67
2026-03-01T18:30:00.000Z,95.32
2026-03-01T18:45:00.000Z,94.89
2026-03-01T19:00:00.000Z,95.88
2026-03-01T19:15:00.000Z,95.56
2026-03-01T19:30:00.000Z,95.25
2026-03-01T19:45:00.000Z,93.98
2026-03-01T20:00:00.000Z,90.86
2026-03-01T20:15:00.000Z,89.03
2026-03-01T20:30:00.000Z,86.17
2026-03-01T20:45:00.000Z,84.08
2026-03-01T21:00:00.000Z,85.79
2026-03-01T21:15:00.000Z,84.54
2026-03-01T21:30:00.000Z,80.67
2026-03-01T21:45:00.000Z,79.02
2026-03-01T22:00:00.000Z,79.83
2026-03-01T22:15:00.000Z,78.78
2026-03-01T22:30:00.000Z,79.00
2026-03-01T22:45:00.000Z,79.92
2026-03-01T23:00:00.000Z,81.59
2026-03-01T23:15:00.000Z,81.73
2026-03-01T23:30:00.000Z,81.45
2026-03-01T23:45:00.000Z,80.90
2026-03-02T00:00:00.000Z,80.38
2026-03-02T00:15:00.000Z,80.11
2026-03-02T00:30:00.000Z,79.78
2026-03-02T00:45:00.000Z,79.42
2026-03-02T01:00:00.000Z,79.83
2026-03-02T01:15:00.000Z,80.05
2026-03-02T01:30:00.000Z,79.92
2026-03-02T01:45:00.000Z,79.52
2026-03-02T02:00:00.000Z,78.97
2026-03-02T02:15:00.000Z,79.83
2026-03-02T02:30:00.000Z,81.24
2026-03-02T02:45:00.000Z,82.47
2026-03-02T03:00:00.000Z,79.93
2026-03-02T03:15:00.000Z,83.31
2026-03-02T03:30:00.000Z,87.54
2026-03-02T03:45:00.000Z,93.41
2026-03-02T04:00:00.000Z,90.43
2026-03-02T04:15:00.000Z,95.84
2026-03-02T04:30:00.000Z,103.25
2026-03-02T04:45:00.000Z,104.31
2026-03-02T05:00:00.000Z,104.20
2026-03-02T05:15:00.000Z,107.55
2026-03-02T05:30:00.000Z,115.02
2026-03-02T05:45:00.000Z,124.30
2026-03-02T06:00:00.000Z,140.68
2026-03-02T06:15:00.000Z,179.41
2026-03-02T06:30:00.000Z,156.27
2026-03-02T06:45:00.000Z,141.03
2026-03-02T07:00:00.000Z,173.84
2026-03-02T07:15:00.000Z,134.41
2026-03-02T07:30:00.000Z,124.99
2026-03-02T07:45:00.000Z,107.77
2026-03-02T08:00:00.000Z,132.01
2026-03-02T08:15:00.000Z,122.15
2026-03-02T08:30:00.000Z,114.83
2026-03-02T08:45:00.000Z,125.50
2026-03-02T09:00:00.000Z,115.69
2026-03-02T09:15:00.000Z,118.71
2026-03-02T09:30:00.000Z,117.41
2026-03-02T09:45:00.000Z,112.79
2026-03-02T10:00:00.000Z,120.12
2026-03-02T10:15:00.000Z,121.36
2026-03-02T10:30:00.000Z,116.74
2026-03-02T10:45:00.000Z,116.12
2026-03-02T11:00:00.000Z,116.72
2026-03-02T11:15:00.000Z,117.34
2026-03-02T11:30:00.000Z,115.30
2026-03-02T11:45:00.000Z,114.64
2026-03-02T12:00:00.000Z,107.93
2026-03-02T12:15:00.000Z,107.80
2026-03-02T12:30:00.000Z,108.18
2026-03-02T12:45:00.000Z,106.87
2026-03-02T13:00:00.000Z,107.09
2026-03-02T13:15:00.000Z,105.46
2026-03-02T13:30:00.000Z,103.56
2026-03-02T13:45:00.000Z,109.31
2026-03-02T14:00:00.000Z,99.90
2026-03-02T14:15:00.000Z,102.33
2026-03-02T14:30:00.000Z,104.94
2026-03-02T14:45:00.000Z,117.03
2026-03-02T15:00:00.000Z,104.19
2026-03-02T15:15:00.000Z,110.66
2026-03-02T15:30:00.000Z,118.95
2026-03-02T15:45:00.000Z,105.46
2026-03-02T16:00:00.000Z,116.12
2026-03-02T16:15:00.000Z,103.90
2026-03-02T16:30:00.000Z,102.92
2026-03-02T16:45:00.000Z,89.14
2026-03-02T17:00:00.000Z,129.82
2026-03-02T17:15:00.000Z,122.71
2026-03-02T17:30:00.000Z,101.20
2026-03-02T17:45:00.000Z,85.01
2026-03-02T18:00:00.000Z,122.93
2026-03-02T18:15:00.000Z,86.95
2026-03-02T18:30:00.000Z,75.68
2026-03-02T18:45:00.000Z,73.78
2026-03-02T19:00:00.000Z,72.77
2026-03-02T19:15:00.000Z,71.03
2026-03-02T19:30:00.000Z,69.90
2026-03-02T19:45:00.000Z,67.15
2026-03-02T20:00:00.000Z,67.98
2026-03-02T20:15:00.000Z,67.58
2026-03-02T20:30:00.000Z,68.53
2026-03-02T20:45:00.000Z,69.77
2026-03-02T21:00:00.000Z,61.53
2026-03-02T21:15:00.000Z,63.84
2026-03-02T21:30:00.000Z,66.59
2026-03-02T21:45:00.000Z,67.22
2026-03-02T22:00:00.000Z,66.85
2026-03-02T22:15:00.000Z,70.11
2026-03-02T22:30:00.000Z,68.06
2026-03-02T22:45:00.000Z,64.83
2026-03-02T23:00:00.000Z,63.66
2026-03-02T23:15:00.000Z,66.04
2026-03-02T23:30:00.000Z,67.27
2026-03-02T23:45:00.000Z,66.82
2026-03-03T00:00:00.000Z,69.18
2026-03-03T00:15:00.000Z,68.83
2026-03-03T00:30:00.000Z,66.61
2026-03-03T00:45:00.000Z,66.23
2026-03-03T01:00:00.000Z,67.74
2026-03-03T01:15:00.000Z,66.24
2026-03-03T01:30:00.000Z,65.31
2026-03-03T01:45:00.000Z,60.32
2026-03-03T02:00:00.000Z,66.65
2026-03-03T02:15:00.000Z,66.34
2026-03-03T02:30:00.000Z,64.61
2026-03-03T02:45:00.000Z,64.69
2026-03-03T03:00:00.000Z,65.36
2026-03-03T03:15:00.000Z,65.87
2026-03-03T03:30:00.000Z,66.78
2026-03-03T03:45:00.000Z,67.95
2026-03-03T04:00:00.000Z,69.18
2026-03-03T04:15:00.000Z,67.84
2026-03-03T04:30:00.000Z,66.32
2026-03-03T04:45:00.000Z,59.88
2026-03-03T05:00:00.000Z,69.57
2026-03-03T05:15:00.000Z,67.45
2026-03-03T05:30:00.000Z,59.72
2026-03-03T05:45:00.000Z,57.36
2026-03-03T06:00:00.000Z,61.21
2026-03-03T06:15:00.000Z,60.70
2026-03-03T06:30:00.000Z,63.93
2026-03-03T06:45:00.000Z,65.01
2026-03-03T07:00:00.000Z,59.80
2026-03-03T07:15:00.000Z,58.79
2026-03-03T07:30:00.000Z,63.95
2026-03-03T07:45:00.000Z,75.82
2026-03-03T08:00:00.000Z,55.89
2026-03-03T08:15:00.000Z,69.10
2026-03-03T08:30:00.000Z,72.12
2026-03-03T08:45:00.000Z,79.13
2026-03-03T09:00:00.000Z,64.27
2026-03-03T09:15:00.000Z,68.33
2026-03-03T09:30:00.000Z,69.64
2026-03-03T09:45:00.000Z,69.41
2026-03-03T10:00:00.000Z,65.84
2026-03-03T10:15:00.000Z,68.48
2026-03-03T10:30:00.000Z,69.99
2026-03-03T10:45:00.000Z,68.57
2026-03-03T11:00:00.000Z,73.25
2026-03-03T11:15:00.000Z,70.98
2026-03-03T11:30:00.000Z,66.16
2026-03-03T11:45:00.000Z,63.90
2026-03-03T12:00:00.000Z,63.02
2026-03-03T12:15:00.000Z,63.69
2026-03-03T12:30:00.000Z,64.07
2026-03-03T12:45:00.000Z,74.26
2026-03-03T13:00:00.000Z,60.37
2026-03-03T13:15:00.000Z,73.18
2026-03-03T13:30:00.000Z,80.72
2026-03-03T13:45:00.000Z,78.52
2026-03-03T14:00:00.000Z,77.46
2026-03-03T14:15:00.000Z,72.99
2026-03-03T14:30:00.000Z,70.11
2026-03-03T14:45:00.000Z,68.32
2026-03-03T15:00:00.000Z,75.31
2026-03-03T15:15:00.000Z,68.59
2026-03-03T15:30:00.000Z,66.82
2026-03-03T15:45:00.000Z,66.92
2026-03-03T16:00:00.000Z,71.28
2026-03-03T16:15:00.000Z,69.21
2026-03-03T16:30:00.000Z,69.02
2026-03-03T16:45:00.000Z,67.50
2026-03-03T17:00:00.000Z,68.62
2026-03-03T17:15:00.000Z,65.30
2026-03-03T17:30:00.000Z,63.62
2026-03-03T17:45:00.000Z,69.20
2026-03-03T18:00:00.000Z,67.84
2026-03-03T18:15:00.000Z,69.96
2026-03-03T18:30:00.000Z,70.89
2026-03-03T18:45:00.000Z,70.83
2026-03-03T19:00:00.000Z,57.84
2026-03-03T19:15:00.000Z,62.75
2026-03-03T19:30:00.000Z,65.82
2026-03-03T19:45:00.000Z,67.92
2026-03-03T20:00:00.000Z,63.41
2026-03-03T20:15:00.000Z,64.81
2026-03-03T20:30:00.000Z,65.33
2026-03-03T20:45:00.000Z,65.60
2026-03-03T21:00:00.000Z,62.98
2026-03-03T21:15:00.000Z,62.71
2026-03-03T21:30:00.000Z,63.29
2026-03-03T21:45:00.000Z,64.96
2026-03-03T22:00:00.000Z,65.01
2026-03-03T22:15:00.000Z,65.54
2026-03-03T22:30:00.000Z,64.83
2026-03-03T22:45:00.000Z,63.73
2026-03-03T23:00:00.000Z,71.07
2026-03-03T23:15:00.000Z,67.65
2026-03-03T23:30:00.000Z,67.42
2026-03-03T23:45:00.000Z,65.75
2026-03-04T00:00:00.000Z,69.20
2026-03-04T00:15:00.000Z,67.60
2026-03-04T00:30:00.000Z,65.83
2026-03-04T00:45:00.000Z,65.50
2026-03-04T01:00:00.000Z,67.89
2026-03-04T01:15:00.000Z,65.87
2026-03-04T01:30:00.000Z,65.22
2026-03-04T01:45:00.000Z,64.69
2026-03-04T02:00:00.000Z,67.49
2026-03-04T02:15:00.000Z,68.26
2026-03-04T02:30:00.000Z,68.62
2026-03-04T02:45:00.000Z,68.63
2026-03-04T03:00:00.000Z,69.11
2026-03-04T03:15:00.000Z,67.88
2026-03-04T03:30:00.000Z,66.18
2026-03-04T03:45:00.000Z,59.59
2026-03-04T04:00:00.000Z,61.61
2026-03-04T04:15:00.000Z,59.46
2026-03-04T04:30:00.000Z,60.75
2026-03-04T04:45:00.000Z,53.51
2026-03-04T05:00:00.000Z,59.93
2026-03-04T05:15:00.000Z,55.81
2026-03-04T05:30:00.000Z,57.83
2026-03-04T05:45:00.000Z,62.43
2026-03-04T06:00:00.000Z,59.58
2026-03-04T06:15:00.000Z,62.54
2026-03-04T06:30:00.000Z,62.82
2026-03-04T06:45:00.000Z,62.92
2026-03-04T07:00:00.000Z,64.56
2026-03-04T07:15:00.000Z,61.88
2026-03-04T07:30:00.000Z,61.08
2026-03-04T07:45:00.000Z,70.18
2026-03-04T08:00:00.000Z,62.77
2026-03-04T08:15:00.000Z,59.60
2026-03-04T08:30:00.000Z,58.43
2026-03-04T08:45:00.000Z,70.09
2026-03-04T09:00:00.000Z,57.09
2026-03-04T09:15:00.000Z,65.23
2026-03-04T09:30:00.000Z,69.64
2026-03-04T09:45:00.000Z,73.08
2026-03-04T10:00:00.000Z,69.91
2026-03-04T10:15:00.000Z,72.89
2026-03-04T10:30:00.000Z,72.87
2026-03-04T10:45:00.000Z,72.90
2026-03-04T11:00:00.000Z,73.62
2026-03-04T11:15:00.000Z,74.05
2026-03-04T11:30:00.000Z,72.99
2026-03-04T11:45:00.000Z,72.87
2026-03-04T12:00:00.000Z,72.81
2026-03-04T12:15:00.000Z,71.47
2026-03-04T12:30:00.000Z,71.25
2026-03-04T12:45:00.000Z,69.99
2026-03-04T13:00:00.000Z,65.53
2026-03-04T13:15:00.000Z,64.45
2026-03-04T13:30:00.000Z,67.19
2026-03-04T13:45:00.000Z,67.17
2026-03-04T14:00:00.000Z,66.30
2026-03-04T14:15:00.000Z,67.59
2026-03-04T14:30:00.000Z,68.83
2026-03-04T14:45:00.000Z,54.43
2026-03-04T15:00:00.000Z,67.94
2026-03-04T15:15:00.000Z,57.90
2026-03-04T15:30:00.000Z,54.99
2026-03-04T15:45:00.000Z,57.56
2026-03-04T16:00:00.000Z,55.62
2026-03-04T16:15:00.000Z,60.28
2026-03-04T16:30:00.000Z,61.09
2026-03-04T16:45:00.000Z,61.12
2026-03-04T17:00:00.000Z,59.97
2026-03-04T17:15:00.000Z,60.57
2026-03-04T17:30:00.000Z,61.44
2026-03-04T17:45:00.000Z,62.44
2026-03-04T18:00:00.000Z,60.49
2026-03-04T18:15:00.000Z,62.02
2026-03-04T18:30:00.000Z,63.10
2026-03-04T18:45:00.000Z,63.23
2026-03-04T19:00:00.000Z,62.99
2026-03-04T19:15:00.000Z,63.71
2026-03-04T19:30:00.000Z,63.65
2026-03-04T19:45:00.000Z,64.10
2026-03-04T20:00:00.000Z,64.00
2026-03-04T20:15:00.000Z,64.38
2026-03-04T20:30:00.000Z,62.74
2026-03-04T20:45:00.000Z,69.78
2026-03-04T21:00:00.000Z,64.64
2026-03-04T21:15:00.000Z,62.49
2026-03-04T21:30:00.000Z,66.78
2026-03-04T21:45:00.000Z,71.97
2026-03-04T22:00:00.000Z,64.61
2026-03-04T22:15:00.000Z,69.04
2026-03-04T22:30:00.000Z,68.18
2026-03-04T22:45:00.000Z,71.03
2026-03-04T23:00:00.000Z,67.40
2026-03-04T23:15:00.000Z,74.91
2026-03-04T23:30:00.000Z,77.33
2026-03-04T23:45:00.000Z,77.04
2026-03-05T00:00:00.000Z,75.94
2026-03-05T00:15:00.000Z,76.91
2026-03-05T00:30:00.000Z,77.36
2026-03-05T00:45:00.000Z,77.35
2026-03-05T01:00:00.000Z,74.40
2026-03-05T01:15:00.000Z,75.47
2026-03-05T01:30:00.000Z,76.92
2026-03-05T01:45:00.000Z,78.55
2026-03-05T02:00:00.000Z,74.17
2026-03-05T02:15:00.000Z,75.54
2026-03-05T02:30:00.000Z,77.54
2026-03-05T02:45:00.000Z,79.63
2026-03-05T03:00:00.000Z,72.71
2026-03-05T03:15:00.000Z,75.54
2026-03-05T03:30:00.000Z,77.65
2026-03-05T03:45:00.000Z,79.04
2026-03-05T04:00:00.000Z,75.67
2026-03-05T04:15:00.000Z,76.25
2026-03-05T04:30:00.000Z,71.44
2026-03-05T04:45:00.000Z,74.40
2026-03-05T05:00:00.000Z,75.06
2026-03-05T05:15:00.000Z,70.99
2026-03-05T05:30:00.000Z,75.88
2026-03-05T05:45:00.000Z,83.76
2026-03-05T06:00:00.000Z,83.75
2026-03-05T06:15:00.000Z,85.69
2026-03-05T06:30:00.000Z,82.85
2026-03-05T06:45:00.000Z,80.14
2026-03-05T07:00:00.000Z,84.19
2026-03-05T07:15:00.000Z,79.20
2026-03-05T07:30:00.000Z,75.67
2026-03-05T07:45:00.000Z,90.83
2026-03-05T08:00:00.000Z,72.82
2026-03-05T08:15:00.000Z,89.39
2026-03-05T08:30:00.000Z,96.04
2026-03-05T08:45:00.000Z,107.89
2026-03-05T09:00:00.000Z,97.79
2026-03-05T09:15:00.000Z,108.53
2026-03-05T09:30:00.000Z,107.29
2026-03-05T09:45:00.000Z,106.35
2026-03-05T10:00:00.000Z,104.73
2026-03-05T10:15:00.000Z,104.44
2026-03-05T10:30:00.000Z,104.27
2026-03-05T10:45:00.000Z,104.11
2026-03-05T11:00:00.000Z,103.90
2026-03-05T11:15:00.000Z,103.72
2026-03-05T11:30:00.000Z,103.71
2026-03-05T11:45:00.000Z,103.41
2026-03-05T12:00:00.000Z,104.51
2026-03-05T12:15:00.000Z,104.46
2026-03-05T12:30:00.000Z,104.40
2026-03-05T12:45:00.000Z,104.35
2026-03-05T13:00:00.000Z,103.37
2026-03-05T13:15:00.000Z,104.52
2026-03-05T13:30:00.000Z,104.79
2026-03-05T13:45:00.000Z,103.15
2026-03-05T14:00:00.000Z,99.99
2026-03-05T14:15:00.000Z,97.41
2026-03-05T14:30:00.000Z,97.41
2026-03-05T14:45:00.000Z,97.41
2026-03-05T15:00:00.000Z,112.34
2026-03-05T15:15:00.000Z,82.22
2026-03-05T15:30:00.000Z,76.88
2026-03-05T15:45:00.000Z,79.68
2026-03-05T16:00:00.000Z,87.02
2026-03-05T16:15:00.000Z,86.13
2026-03-05T16:30:00.000Z,91.87
2026-03-05T16:45:00.000Z,108.51
2026-03-05T17:00:00.000Z,115.23
2026-03-05T17:15:00.000Z,103.47
2026-03-05T17:30:00.000Z,92.22
2026-03-05T17:45:00.000Z,85.13
2026-03-05T18:00:00.000Z,98.10
2026-03-05T18:15:00.000Z,85.93
2026-03-05T18:30:00.000Z,78.93
2026-03-05T18:45:00.000Z,76.44
2026-03-05T19:00:00.000Z,77.23
2026-03-05T19:15:00.000Z,75.51
2026-03-05T19:30:00.000Z,75.44
2026-03-05T19:45:00.000Z,72.88
2026-03-05T20:00:00.000Z,71.58
2026-03-05T20:15:00.000Z,70.47
2026-03-05T20:30:00.000Z,74.28
2026-03-05T20:45:00.000Z,75.55
2026-03-05T21:00:00.000Z,69.26
2026-03-05T21:15:00.000Z,70.90
2026-03-05T21:30:00.000Z,71.14
2026-03-05T21:45:00.000Z,71.72
2026-03-05T22:00:00.000Z,69.50
2026-03-05T22:15:00.000Z,72.83
2026-03-05T22:30:00.000Z,71.08
2026-03-05T22:45:00.000Z,72.06
2026-03-05T23:00:00.000Z,80.13
2026-03-05T23:15:00.000Z,77.10
2026-03-05T23:30:00.000Z,75.20
2026-03-05T23:45:00.000Z,73.65
2026-03-06T00:00:00.000Z,76.14
2026-03-06T00:15:00.000Z,73.09
2026-03-06T00:30:00.000Z,73.01
2026-03-06T00:45:00.000Z,71.83
2026-03-06T01:00:00.000Z,74.39
2026-03-06T01:15:00.000Z,74.93
2026-03-06T01:30:00.000Z,74.48
2026-03-06T01:45:00.000Z,73.04
2026-03-06T02:00:00.000Z,75.86
2026-03-06T02:15:00.000Z,75.85
2026-03-06T02:30:00.000Z,75.70
2026-03-06T02:45:00.000Z,73.68
2026-03-06T03:00:00.000Z,76.13
2026-03-06T03:15:00.000Z,75.09
2026-03-06T03:30:00.000Z,71.57
2026-03-06T03:45:00.000Z,69.69
2026-03-06T04:00:00.000Z,74.04
2026-03-06T04:15:00.000Z,71.34
2026-03-06T04:30:00.000Z,66.55
2026-03-06T04:45:00.000Z,67.66
2026-03-06T05:00:00.000Z,69.24
2026-03-06T05:15:00.000Z,67.86
2026-03-06T05:30:00.000Z,72.27
2026-03-06T05:45:00.000Z,83.78
2026-03-06T06:00:00.000Z,86.05
2026-03-06T06:15:00.000Z,85.73
2026-03-06T06:30:00.000Z,77.31
2026-03-06T06:45:00.000Z,85.12
2026-03-06T07:00:00.000Z,79.28
2026-03-06T07:15:00.000Z,71.34
2026-03-06T07:30:00.000Z,75.59
2026-03-06T07:45:00.000Z,85.90
2026-03-06T08:00:00.000Z,64.85
2026-03-06T08:15:00.000Z,78.91
2026-03-06T08:30:00.000Z,80.78
2026-03-06T08:45:00.000Z,87.37
2026-03-06T09:00:00.000Z,73.79
2026-03-06T09:15:00.000Z,80.77
2026-03-06T09:30:00.000Z,83.01
2026-03-06T09:45:00.000Z,94.74
2026-03-06T10:00:00.000Z,84.54
2026-03-06T10:15:00.000Z,92.72
2026-03-06T10:30:00.000Z,93.58
2026-03-06T10:45:00.000Z,97.43
2026-03-06T11:00:00.000Z,93.04
2026-03-06T11:15:00.000Z,97.43
2026-03-06T11:30:00.000Z,96.37
2026-03-06T11:45:00.000Z,95.45
2026-03-06T12:00:00.000Z,96.49
2026-03-06T12:15:00.000Z,95.34
2026-03-06T12:30:00.000Z,93.47
2026-03-06T12:45:00.000Z,92.56
2026-03-06T13:00:00.000Z,82.37
2026-03-06T13:15:00.000Z,80.69
2026-03-06T13:30:00.000Z,78.10
2026-03-06T13:45:00.000Z,75.60
2026-03-06T14:00:00.000Z,85.77
2026-03-06T14:15:00.000Z,75.72
2026-03-06T14:30:00.000Z,76.27
2026-03-06T14:45:00.000Z,62.43
2026-03-06T15:00:00.000Z,86.39
2026-03-06T15:15:00.000Z,69.67
2026-03-06T15:30:00.000Z,64.65
2026-03-06T15:45:00.000Z,68.93
2026-03-06T16:00:00.000Z,71.23
2026-03-06T16:15:00.000Z,72.00
2026-03-06T16:30:00.000Z,81.68
2026-03-06T16:45:00.000Z,101.57
2026-03-06T17:00:00.000Z,98.32
2026-03-06T17:15:00.000Z,102.30
2026-03-06T17:30:00.000Z,93.55
2026-03-06T17:45:00.000Z,88.00
2026-03-06T18:00:00.000Z,98.14
2026-03-06T18:15:00.000Z,78.04
2026-03-06T18:30:00.000Z,72.17
2026-03-06T18:45:00.000Z,71.21
2026-03-06T19:00:00.000Z,72.25
2026-03-06T19:15:00.000Z,68.06
2026-03-06T19:30:00.000Z,66.71
2026-03-06T19:45:00.000Z,73.29
2026-03-06T20:00:00.000Z,68.02
2026-03-06T20:15:00.000Z,70.75
2026-03-06T20:30:00.000Z,73.29
2026-03-06T20:45:00.000Z,73.13
2026-03-06T21:00:00.000Z,67.69
2026-03-06T21:15:00.000Z,70.33
2026-03-06T21:30:00.000Z,69.74
2026-03-06T21:45:00.000Z,72.73
2026-03-06T22:00:00.000Z,62.94
2026-03-06T22:15:00.000Z,69.63
2026-03-06T22:30:00.000Z,69.96
2026-03-06T22:45:00.000Z,73.86
2026-03-06T23:00:00.000Z,65.78
2026-03-06T23:15:00.000Z,68.96
2026-03-06T23:30:00.000Z,70.17
2026-03-06T23:45:00.000Z,72.48
2026-03-07T00:00:00.000Z,66.33
2026-03-07T00:15:00.000Z,69.49
2026-03-07T00:30:00.000Z,72.47
2026-03-07T00:45:00.000Z,75.05
2026-03-07T01:00:00.000Z,69.13
2026-03-07T01:15:00.000Z,72.82
2026-03-07T01:30:00.000Z,73.26
2026-03-07T01:45:00.000Z,74.46
2026-03-07T02:00:00.000Z,70.22
2026-03-07T02:15:00.000Z,72.70
2026-03-07T02:30:00.000Z,74.43
2026-03-07T02:45:00.000Z,74.90
2026-03-07T03:00:00.000Z,74.33
2026-03-07T03:15:00.000Z,74.46
2026-03-07T03:30:00.000Z,74.41
2026-03-07T03:45:00.000Z,73.88
2026-03-07T04:00:00.000Z,74.37
2026-03-07T04:15:00.000Z,74.14
2026-03-07T04:30:00.000Z,74.06
2026-03-07T04:45:00.000Z,72.61
2026-03-07T05:00:00.000Z,71.58
2026-03-07T05:15:00.000Z,71.74
2026-03-07T05:30:00.000Z,72.27
2026-03-07T05:45:00.000Z,73.37
2026-03-07T06:00:00.000Z,70.98
2026-03-07T06:15:00.000Z,72.11
2026-03-07T06:30:00.000Z,72.29
2026-03-07T06:45:00.000Z,74.55
2026-03-07T07:00:00.000Z,70.17
2026-03-07T07:15:00.000Z,70.73
2026-03-07T07:30:00.000Z,73.26
2026-03-07T07:45:00.000Z,74.21
2026-03-07T08:00:00.000Z,66.41
2026-03-07T08:15:00.000Z,71.38
2026-03-07T08:30:00.000Z,72.22
2026-03-07T08:45:00.000Z,74.55
2026-03-07T09:00:00.000Z,62.23
2026-03-07T09:15:00.000Z,68.99
2026-03-07T09:30:00.000Z,74.58
2026-03-07T09:45:00.000Z,82.58
2026-03-07T10:00:00.000Z,69.91
2026-03-07T10:15:00.000Z,72.24
2026-03-07T10:30:00.000Z,71.65
2026-03-07T10:45:00.000Z,72.34
2026-03-07T11:00:00.000Z,71.27
2026-03-07T11:15:00.000Z,71.99
2026-03-07T11:30:00.000Z,71.66
2026-03-07T11:45:00.000Z,71.32
2026-03-07T12:00:00.000Z,73.72
2026-03-07T12:15:00.000Z,73.30
2026-03-07T12:30:00.000Z,73.29
2026-03-07T12:45:00.000Z,72.65
2026-03-07T13:00:00.000Z,74.59
2026-03-07T13:15:00.000Z,74.55
2026-03-07T13:30:00.000Z,74.54
2026-03-07T13:45:00.000Z,73.29
2026-03-07T14:00:00.000Z,79.59
2026-03-07T14:15:00.000Z,79.98
2026-03-07T14:30:00.000Z,74.35
2026-03-07T14:45:00.000Z,64.54
2026-03-07T15:00:00.000Z,76.96
2026-03-07T15:15:00.000Z,73.27
2026-03-07T15:30:00.000Z,70.62
2026-03-07T15:45:00.000Z,71.21
2026-03-07T16:00:00.000Z,76.82
2026-03-07T16:15:00.000Z,74.68
2026-03-07T16:30:00.000Z,74.32
2026-03-07T16:45:00.000Z,73.30
2026-03-07T17:00:00.000Z,78.55
2026-03-07T17:15:00.000Z,77.77
2026-03-07T17:30:00.000Z,76.91
2026-03-07T17:45:00.000Z,74.46
2026-03-07T18:00:00.000Z,83.46
2026-03-07T18:15:00.000Z,78.75
2026-03-07T18:30:00.000Z,73.19
2026-03-07T18:45:00.000Z,71.88
2026-03-07T19:00:00.000Z,72.63
2026-03-07T19:15:00.000Z,71.00
2026-03-07T19:30:00.000Z,68.89
2026-03-07T19:45:00.000Z,67.09
2026-03-07T20:00:00.000Z,68.21
2026-03-07T20:15:00.000Z,68.82
2026-03-07T20:30:00.000Z,69.09
2026-03-07T20:45:00.000Z,67.46
2026-03-07T21:00:00.000Z,68.43
2026-03-07T21:15:00.000Z,66.45
2026-03-07T21:30:00.000Z,63.21
2026-03-07T21:45:00.000Z,61.22
2026-03-07T22:00:00.000Z,64.11
2026-03-07T22:15:00.000Z,61.93
2026-03-07T22:30:00.000Z,60.71
2026-03-07T22:45:00.000Z,65.49
2026-03-07T23:00:00.000Z,68.31
2026-03-07T23:15:00.000Z,66.55
2026-03-07T23:30:00.000Z,64.62
2026-03-07T23:45:00.000Z,63.67
2026-03-08T00:00:00.000Z,65.94
2026-03-08T00:15:00.000Z,65.35
2026-03-08T00:30:00.000Z,64.71
2026-03-08T00:45:00.000Z,64.07
2026-03-08T01:00:00.000Z,65.21
2026-03-08T01:15:00.000Z,65.28
2026-03-08T01:30:00.000Z,64.83
2026-03-08T01:45:00.000Z,64.73
2026-03-08T02:00:00.000Z,67.43
2026-03-08T02:15:00.000Z,66.27
2026-03-08T02:30:00.000Z,66.80
2026-03-08T02:45:00.000Z,65.65
2026-03-08T03:00:00.000Z,66.51
2026-03-08T03:15:00.000Z,67.43
2026-03-08T03:30:00.000Z,67.79
2026-03-08T03:45:00.000Z,68.24
2026-03-08T04:00:00.000Z,65.35
2026-03-08T04:15:00.000Z,67.64
2026-03-08T04:30:00.000Z,68.96
2026-03-08T04:45:00.000Z,69.82
2026-03-08T05:00:00.000Z,67.53
2026-03-08T05:15:00.000Z,70.53
2026-03-08T05:30:00.000Z,70.65
2026-03-08T05:45:00.000Z,70.69
2026-03-08T06:00:00.000Z,65.32
2026-03-08T06:15:00.000Z,69.40
2026-03-08T06:30:00.000Z,72.09
2026-03-08T06:45:00.000Z,73.66
2026-03-08T07:00:00.000Z,68.84
2026-03-08T07:15:00.000Z,70.65
2026-03-08T07:30:00.000Z,70.68
2026-03-08T07:45:00.000Z,74.04
2026-03-08T08:00:00.000Z,69.78
2026-03-08T08:15:00.000Z,72.83
2026-03-08T08:30:00.000Z,75.18
2026-03-08T08:45:00.000Z,77.93
2026-03-08T09:00:00.000Z,70.69
2026-03-08T09:15:00.000Z,74.31
2026-03-08T09:30:00.000Z,80.14
2026-03-08T09:45:00.000Z,76.95
2026-03-08T10:00:00.000Z,76.51
2026-03-08T10:15:00.000Z,74.16
2026-03-08T10:30:00.000Z,73.54
2026-03-08T10:45:00.000Z,73.95
2026-03-08T11:00:00.000Z,74.81
2026-03-08T11:15:00.000Z,74.39
2026-03-08T11:30:00.000Z,74.04
2026-03-08T11:45:00.000Z,74.26
2026-03-08T12:00:00.000Z,72.73
2026-03-08T12:15:00.000Z,72.86
2026-03-08T12:30:00.000Z,72.95
2026-03-08T12:45:00.000Z,73.91
2026-03-08T13:00:00.000Z,72.93
2026-03-08T13:15:00.000Z,74.11
2026-03-08T13:30:00.000Z,75.70
2026-03-08T13:45:00.000Z,75.81
2026-03-08T14:00:00.000Z,74.11
2026-03-08T14:15:00.000Z,76.78
2026-03-08T14:30:00.000Z,72.98
2026-03-08T14:45:00.000Z,74.89
2026-03-08T15:00:00.000Z,82.79
2026-03-08T15:15:00.000Z,77.14
2026-03-08T15:30:00.000Z,82.71
2026-03-08T15:45:00.000Z,81.12
2026-03-08T16:00:00.000Z,84.39
2026-03-08T16:15:00.000Z,78.81
2026-03-08T16:30:00.000Z,81.22
2026-03-08T16:45:00.000Z,80.20
2026-03-08T17:00:00.000Z,80.62
2026-03-08T17:15:00.000Z,84.05
2026-03-08T17:30:00.000Z,81.51
2026-03-08T17:45:00.000Z,80.47
2026-03-08T18:00:00.000Z,83.86
2026-03-08T18:15:00.000Z,81.27
2026-03-08T18:30:00.000Z,79.38
2026-03-08T18:45:00.000Z,77.78
2026-03-08T19:00:00.000Z,78.69
2026-03-08T19:15:00.000Z,77.31
2026-03-08T19:30:00.000Z,75.94
2026-03-08T19:45:00.000Z,71.58
2026-03-08T20:00:00.000Z,75.31
2026-03-08T20:15:00.000Z,73.37
2026-03-08T20:30:00.000Z,71.55
2026-03-08T20:45:00.000Z,69.71
2026-03-08T21:00:00.000Z,72.44
2026-03-08T21:15:00.000Z,70.06
2026-03-08T21:30:00.000Z,68.03
2026-03-08T21:45:00.000Z,67.99
2026-03-08T22:00:00.000Z,67.01
2026-03-08T22:15:00.000Z,68.48
2026-03-08T22:30:00.000Z,70.40
2026-03-08T22:45:00.000Z,71.76
2026-03-08T23:00:00.000Z,74.15
2026-03-08T23:15:00.000Z,74.32
2026-03-08T23:30:00.000Z,74.64
2026-03-08T23:45:00.000Z,75.00
2026-03-09T00:00:00.000Z,73.65
2026-03-09T00:15:00.000Z,74.45
2026-03-09T00:30:00.000Z,74.90
2026-03-09T00:45:00.000Z,75.51
2026-03-09T01:00:00.000Z,75.46
2026-03-09T01:15:00.000Z,75.24
2026-03-09T01:30:00.000Z,74.37
2026-03-09T01:45:00.000Z,74.38
2026-03-09T02:00:00.000Z,74.38
2026-03-09T02:15:00.000Z,74.38
2026-03-09T02:30:00.000Z,74.15
2026-03-09T02:45:00.000Z,74.04
2026-03-09T03:00:00.000Z,75.23
2026-03-09T03:15:00.000Z,74.90
2026-03-09T03:30:00.000Z,74.06
2026-03-09T03:45:00.000Z,74.87
2026-03-09T04:00:00.000Z,69.29
2026-03-09T04:15:00.000Z,73.15
2026-03-09T04:30:00.000Z,74.02
2026-03-09T04:45:00.000Z,77.94
2026-03-09T05:00:00.000Z,75.28
2026-03-09T05:15:00.000Z,78.17
2026-03-09T05:30:00.000Z,85.23
2026-03-09T05:45:00.000Z,85.23
2026-03-09T06:00:00.000Z,85.23
2026-03-09T06:15:00.000Z,80.57
2026-03-09T06:30:00.000Z,86.77
2026-03-09T06:45:00.000Z,97.43
2026-03-09T07:00:00.000Z,136.58
2026-03-09T07:15:00.000Z,104.43
2026-03-09T07:30:00.000Z,99.86
2026-03-09T07:45:00.000Z,99.86
2026-03-09T08:00:00.000Z,99.86
2026-03-09T08:15:00.000Z,102.87
2026-03-09T08:30:00.000Z,106.72
2026-03-09T08:45:00.000Z,111.72
2026-03-09T09:00:00.000Z,104.52
2026-03-09T09:15:00.000Z,115.74
2026-03-09T09:30:00.000Z,112.21
2026-03-09T09:45:00.000Z,110.23
2026-03-09T10:00:00.000Z,104.67
2026-03-09T10:15:00.000Z,105.00
2026-03-09T10:30:00.000Z,108.91
2026-03-09T10:45:00.000Z,110.98
2026-03-09T11:00:00.000Z,103.32
2026-03-09T11:15:00.000Z,99.88
2026-03-09T11:30:00.000Z,99.16
2026-03-09T11:45:00.000Z,98.11
2026-03-09T12:00:00.000Z,103.74
2026-03-09T12:15:00.000Z,103.63
2026-03-09T12:30:00.000Z,102.68
2026-03-09T12:45:00.000Z,104.12
2026-03-09T13:00:00.000Z,99.82
2026-03-09T13:15:00.000Z,104.08
2026-03-09T13:30:00.000Z,111.15
2026-03-09T13:45:00.000Z,116.62
2026-03-09T14:00:00.000Z,120.65
2026-03-09T14:15:00.000Z,122.41
2026-03-09T14:30:00.000Z,123.01
2026-03-09T14:45:00.000Z,117.85
2026-03-09T15:00:00.000Z,120.07
2026-03-09T15:15:00.000Z,98.00
2026-03-09T15:30:00.000Z,83.16
2026-03-09T15:45:00.000Z,81.13
2026-03-09T16:00:00.000Z,93.26
2026-03-09T16:15:00.000Z,86.61
2026-03-09T16:30:00.000Z,81.13
2026-03-09T16:45:00.000Z,86.94
2026-03-09T17:00:00.000Z,107.87
2026-03-09T17:15:00.000Z,109.77
2026-03-09T17:30:00.000Z,93.24
2026-03-09T17:45:00.000Z,84.91
2026-03-09T18:00:00.000Z,88.75
2026-03-09T18:15:00.000Z,80.66
2026-03-09T18:30:00.000Z,78.18
2026-03-09T18:45:00.000Z,75.44
2026-03-09T19:00:00.000Z,83.22
2026-03-09T19:15:00.000Z,93.84
2026-03-09T19:30:00.000Z,79.62
2026-03-09T19:45:00.000Z,73.91
2026-03-09T20:00:00.000Z,82.87
2026-03-09T20:15:00.000Z,77.87
2026-03-09T20:30:00.000Z,72.23
2026-03-09T20:45:00.000Z,68.80
2026-03-09T21:00:00.000Z,73.69
2026-03-09T21:15:00.000Z,71.53
2026-03-09T21:30:00.000Z,68.01
2026-03-09T21:45:00.000Z,64.20
2026-03-09T22:00:00.000Z,67.26
2026-03-09T22:15:00.000Z,64.42
2026-03-09T22:30:00.000Z,62.60
2026-03-09T22:45:00.000Z,60.62
2026-03-09T23:00:00.000Z,65.05
2026-03-09T23:15:00.000Z,63.51
2026-03-09T23:30:00.000Z,62.91
2026-03-09T23:45:00.000Z,62.15
2026-03-10T00:00:00.000Z,63.86
2026-03-10T00:15:00.000Z,62.99
2026-03-10T00:30:00.000Z,61.94
2026-03-10T00:45:00.000Z,59.97
2026-03-10T01:00:00.000Z,64.08
2026-03-10T01:15:00.000Z,62.81
2026-03-10T01:30:00.000Z,62.40
2026-03-10T01:45:00.000Z,62.22
2026-03-10T02:00:00.000Z,62.65
2026-03-10T02:15:00.000Z,62.30
2026-03-10T02:30:00.000Z,62.24
2026-03-10T02:45:00.000Z,62.15
2026-03-10T03:00:00.000Z,61.81
2026-03-10T03:15:00.000Z,62.30
2026-03-10T03:30:00.000Z,63.88
2026-03-10T03:45:00.000Z,66.90
2026-03-10T04:00:00.000Z,66.54
2026-03-10T04:15:00.000Z,67.80
2026-03-10T04:30:00.000Z,70.44
2026-03-10T04:45:00.000Z,72.44
2026-03-10T05:00:00.000Z,72.03
2026-03-10T05:15:00.000Z,73.55
2026-03-10T05:30:00.000Z,75.24
2026-03-10T05:45:00.000Z,73.72
2026-03-10T06:00:00.000Z,82.13
2026-03-10T06:15:00.000Z,88.80
2026-03-10T06:30:00.000Z,80.80
2026-03-10T06:45:00.000Z,73.55
2026-03-10T07:00:00.000Z,104.51
2026-03-10T07:15:00.000Z,86.71
2026-03-10T07:30:00.000Z,77.01
2026-03-10T07:45:00.000Z,75.21
2026-03-10T08:00:00.000Z,84.42
2026-03-10T08:15:00.000Z,72.46
2026-03-10T08:30:00.000Z,73.20
2026-03-10T08:45:00.000Z,73.20
2026-03-10T09:00:00.000Z,73.20
2026-03-10T09:15:00.000Z,71.19
2026-03-10T09:30:00.000Z,73.04
2026-03-10T09:45:00.000Z,73.21
2026-03-10T10:00:00.000Z,71.78
2026-03-10T10:15:00.000Z,71.89
2026-03-10T10:30:00.000Z,72.03
2026-03-10T10:45:00.000Z,71.95
2026-03-10T11:00:00.000Z,73.03
2026-03-10T11:15:00.000Z,71.43
2026-03-10T11:30:00.000Z,70.08
2026-03-10T11:45:00.000Z,68.74
2026-03-10T12:00:00.000Z,71.73
2026-03-10T12:15:00.000Z,66.98
2026-03-10T12:30:00.000Z,67.87
2026-03-10T12:45:00.000Z,68.10
2026-03-10T13:00:00.000Z,67.61
2026-03-10T13:15:00.000Z,69.46
2026-03-10T13:30:00.000Z,70.55
2026-03-10T13:45:00.000Z,72.59
2026-03-10T14:00:00.000Z,72.79
2026-03-10T14:15:00.000Z,73.18
2026-03-10T14:30:00.000Z,73.16
2026-03-10T14:45:00.000Z,72.30
2026-03-10T15:00:00.000Z,76.33
2026-03-10T15:15:00.000Z,73.50
2026-03-10T15:30:00.000Z,73.39
2026-03-10T15:45:00.000Z,76.18
2026-03-10T16:00:00.000Z,73.77
2026-03-10T16:15:00.000Z,73.55
2026-03-10T16:30:00.000Z,73.48
2026-03-10T16:45:00.000Z,73.47
2026-03-10T17:00:00.000Z,92.94
2026-03-10T17:15:00.000Z,93.93
2026-03-10T17:30:00.000Z,90.06
2026-03-10T17:45:00.000Z,81.79
2026-03-10T18:00:00.000Z,110.19
2026-03-10T18:15:00.000Z,98.47
2026-03-10T18:30:00.000Z,96.46
2026-03-10T18:45:00.000Z,82.94
2026-03-10T19:00:00.000Z,86.70
2026-03-10T19:15:00.000Z,77.37
2026-03-10T19:30:00.000Z,73.30
2026-03-10T19:45:00.000Z,70.82
2026-03-10T20:00:00.000Z,70.12
2026-03-10T20:15:00.000Z,69.36
2026-03-10T20:30:00.000Z,68.48
2026-03-10T20:45:00.000Z,69.23
2026-03-10T21:00:00.000Z,66.07
2026-03-10T21:15:00.000Z,65.74
2026-03-10T21:30:00.000Z,66.78
2026-03-10T21:45:00.000Z,69.17
2026-03-10T22:00:00.000Z,61.19
2026-03-10T22:15:00.000Z,68.93
2026-03-10T22:30:00.000Z,72.11
2026-03-10T22:45:00.000Z,75.50
2026-03-10T23:00:00.000Z,65.29
2026-03-10T23:15:00.000Z,65.68
2026-03-10T23:30:00.000Z,69.14
2026-03-10T23:45:00.000Z,65.68
2026-03-11T00:00:00.000Z,66.96
2026-03-11T00:15:00.000Z,68.02
2026-03-11T00:30:00.000Z,73.17
2026-03-11T00:45:00.000Z,72.20
2026-03-11T01:00:00.000Z,69.48
2026-03-11T01:15:00.000Z,66.96
2026-03-11T01:30:00.000Z,67.49
2026-03-11T01:45:00.000Z,68.66
2026-03-11T02:00:00.000Z,63.17
2026-03-11T02:15:00.000Z,63.28
2026-03-11T02:30:00.000Z,63.48
2026-03-11T02:45:00.000Z,63.19
2026-03-11T03:00:00.000Z,62.85
2026-03-11T03:15:00.000Z,63.27
2026-03-11T03:30:00.000Z,64.46
2026-03-11T03:45:00.000Z,63.44
2026-03-11T04:00:00.000Z,71.81
2026-03-11T04:15:00.000Z,67.28
2026-03-11T04:30:00.000Z,68.64
2026-03-11T04:45:00.000Z,73.66
2026-03-11T05:00:00.000Z,71.32
2026-03-11T05:15:00.000Z,73.22
2026-03-11T05:30:00.000Z,72.04
2026-03-11T05:45:00.000Z,78.15
2026-03-11T06:00:00.000Z,64.36
2026-03-11T06:15:00.000Z,66.96
2026-03-11T06:30:00.000Z,71.90
2026-03-11T06:45:00.000Z,85.96
2026-03-11T07:00:00.000Z,73.27
2026-03-11T07:15:00.000Z,78.97
2026-03-11T07:30:00.000Z,76.08
2026-03-11T07:45:00.000Z,87.38
2026-03-11T08:00:00.000Z,77.96
2026-03-11T08:15:00.000Z,88.67
2026-03-11T08:30:00.000Z,95.95
2026-03-11T08:45:00.000Z,68.16
2026-03-11T09:00:00.000Z,93.40
2026-03-11T09:15:00.000Z,76.54
2026-03-11T09:30:00.000Z,71.21
2026-03-11T09:45:00.000Z,66.11
2026-03-11T10:00:00.000Z,77.79
2026-03-11T10:15:00.000Z,73.56
2026-03-11T10:30:00.000Z,72.12
2026-03-11T10:45:00.000Z,69.01
2026-03-11T11:00:00.000Z,73.27
2026-03-11T11:15:00.000Z,71.65
2026-03-11T11:30:00.000Z,71.67
2026-03-11T11:45:00.000Z,66.96
2026-03-11T12:00:00.000Z,71.85
2026-03-11T12:15:00.000Z,73.27
2026-03-11T12:30:00.000Z,70.58
2026-03-11T12:45:00.000Z,75.26
2026-03-11T13:00:00.000Z,67.05
2026-03-11T13:15:00.000Z,77.71
2026-03-11T13:30:00.000Z,93.21
2026-03-11T13:45:00.000Z,71.32
2026-03-11T14:00:00.000Z,86.67
2026-03-11T14:15:00.000Z,73.83
2026-03-11T14:30:00.000Z,63.18
2026-03-11T14:45:00.000Z,55.77
2026-03-11T15:00:00.000Z,71.21
2026-03-11T15:15:00.000Z,58.61
2026-03-11T15:30:00.000Z,54.27
2026-03-11T15:45:00.000Z,48.83
2026-03-11T16:00:00.000Z,58.76
2026-03-11T16:15:00.000Z,55.50
2026-03-11T16:30:00.000Z,54.33
2026-03-11T16:45:00.000Z,54.88
2026-03-11T17:00:00.000Z,59.73
2026-03-11T17:15:00.000Z,59.79
2026-03-11T17:30:00.000Z,58.56
2026-03-11T17:45:00.000Z,57.94
2026-03-11T18:00:00.000Z,59.13
2026-03-11T18:15:00.000Z,58.17
2026-03-11T18:30:00.000Z,58.30
2026-03-11T18:45:00.000Z,57.46
2026-03-11T19:00:00.000Z,57.75
2026-03-11T19:15:00.000Z,56.78
2026-03-11T19:30:00.000Z,54.30
2026-03-11T19:45:00.000Z,53.40
2026-03-11T20:00:00.000Z,54.88
2026-03-11T20:15:00.000Z,54.52
2026-03-11T20:30:00.000Z,53.96
2026-03-11T20:45:00.000Z,53.19
2026-03-11T21:00:00.000Z,52.27
2026-03-11T21:15:00.000Z,52.47
2026-03-11T21:30:00.000Z,52.09
2026-03-11T21:45:00.000Z,50.80
2026-03-11T22:00:00.000Z,50.76
2026-03-11T22:15:00.000Z,49.50
2026-03-11T22:30:00.000Z,48.09
2026-03-11T22:45:00.000Z,51.74
2026-03-11T23:00:00.000Z,46.08
2026-03-11T23:15:00.000Z,45.19
2026-03-11T23:30:00.000Z,47.94
2026-03-11T23:45:00.000Z,53.50
2026-03-12T00:00:00.000Z,50.21
2026-03-12T00:15:00.000Z,57.07
2026-03-12T00:30:00.000Z,57.96
2026-03-12T00:45:00.000Z,61.36
2026-03-12T01:00:00.000Z,62.24
2026-03-12T01:15:00.000Z,64.47
2026-03-12T01:30:00.000Z,63.15
2026-03-12T01:45:00.000Z,63.12
2026-03-12T02:00:00.000Z,63.31
2026-03-12T02:15:00.000Z,63.17
2026-03-12T02:30:00.000Z,62.88
2026-03-12T02:45:00.000Z,64.51
2026-03-12T03:00:00.000Z,63.11
2026-03-12T03:15:00.000Z,64.60
2026-03-12T03:30:00.000Z,65.65
2026-03-12T03:45:00.000Z,68.67
2026-03-12T04:00:00.000Z,61.44
2026-03-12T04:15:00.000Z,59.04
2026-03-12T04:30:00.000Z,55.21
2026-03-12T04:45:00.000Z,57.87
2026-03-12T05:00:00.000Z,51.35
2026-03-12T05:15:00.000Z,51.79
2026-03-12T05:30:00.000Z,50.60
2026-03-12T05:45:00.000Z,54.48
2026-03-12T06:00:00.000Z,52.17
2026-03-12T06:15:00.000Z,54.58
2026-03-12T06:30:00.000Z,58.02
2026-03-12T06:45:00.000Z,59.05
2026-03-12T07:00:00.000Z,58.33
2026-03-12T07:15:00.000Z,59.04
2026-03-12T07:30:00.000Z,59.33
2026-03-12T07:45:00.000Z,65.00
2026-03-12T08:00:00.000Z,61.23
2026-03-12T08:15:00.000Z,64.75
2026-03-12T08:30:00.000Z,74.93
2026-03-12T08:45:00.000Z,75.85
2026-03-12T09:00:00.000Z,72.43
2026-03-12T09:15:00.000Z,73.98
2026-03-12T09:30:00.000Z,63.90
2026-03-12T09:45:00.000Z,60.12
2026-03-12T10:00:00.000Z,62.84
2026-03-12T10:15:00.000Z,61.29
2026-03-12T10:30:00.000Z,62.23
2026-03-12T10:45:00.000Z,62.24
2026-03-12T11:00:00.000Z,59.34
2026-03-12T11:15:00.000Z,59.27
2026-03-12T11:30:00.000Z,59.04
2026-03-12T11:45:00.000Z,59.04
2026-03-12T12:00:00.000Z,59.04
2026-03-12T12:15:00.000Z,53.75
2026-03-12T12:30:00.000Z,53.59
2026-03-12T12:45:00.000Z,53.47
2026-03-12T13:00:00.000Z,55.30
2026-03-12T13:15:00.000Z,55.14
2026-03-12T13:30:00.000Z,54.24
2026-03-12T13:45:00.000Z,53.70
2026-03-12T14:00:00.000Z,51.03
2026-03-12T14:15:00.000Z,50.51
2026-03-12T14:30:00.000Z,50.64
2026-03-12T14:45:00.000Z,50.62
2026-03-12T15:00:00.000Z,54.20
2026-03-12T15:15:00.000Z,50.15
2026-03-12T15:30:00.000Z,47.53
2026-03-12T15:45:00.000Z,46.22
2026-03-12T16:00:00.000Z,50.41
2026-03-12T16:15:00.000Z,47.69
2026-03-12T16:30:00.000Z,47.27
2026-03-12T16:45:00.000Z,48.92
2026-03-12T17:00:00.000Z,49.42
2026-03-12T17:15:00.000Z,50.38
2026-03-12T17:30:00.000Z,51.64
2026-03-12T17:45:00.000Z,53.21
2026-03-12T18:00:00.000Z,53.92
2026-03-12T18:15:00.000Z,53.00
2026-03-12T18:30:00.000Z,52.09
2026-03-12T18:45:00.000Z,55.89
2026-03-12T19:00:00.000Z,54.82
2026-03-12T19:15:00.000Z,52.00
2026-03-12T19:30:00.000Z,51.61
2026-03-12T19:45:00.000Z,51.67
2026-03-12T20:00:00.000Z,55.97
2026-03-12T20:15:00.000Z,58.72
2026-03-12T20:30:00.000Z,61.21
2026-03-12T20:45:00.000Z,61.30
2026-03-12T21:00:00.000Z,61.21
2026-03-12T21:15:00.000Z,58.55
2026-03-12T21:30:00.000Z,61.21
2026-03-12T21:45:00.000Z,59.11
2026-03-12T22:00:00.000Z,49.13
2026-03-12T22:15:00.000Z,49.16
2026-03-12T22:30:00.000Z,49.18
2026-03-12T22:45:00.000Z,48.35
2026-03-12T23:00:00.000Z,39.10
2026-03-12T23:15:00.000Z,38.62
2026-03-12T23:30:00.000Z,37.83
2026-03-12T23:45:00.000Z,37.56
2026-03-13T00:00:00.000Z,47.83
2026-03-13T00:15:00.000Z,43.54
2026-03-13T00:30:00.000Z,43.54
2026-03-13T00:45:00.000Z,43.54
2026-03-13T01:00:00.000Z,40.64
2026-03-13T01:15:00.000Z,39.08
2026-03-13T01:30:00.000Z,39.00
2026-03-13T01:45:00.000Z,38.91
2026-03-13T02:00:00.000Z,38.22
2026-03-13T02:15:00.000Z,38.22
2026-03-13T02:30:00.000Z,38.22
2026-03-13T02:45:00.000Z,41.10
2026-03-13T03:00:00.000Z,37.25
2026-03-13T03:15:00.000Z,37.53
2026-03-13T03:30:00.000Z,38.38
2026-03-13T03:45:00.000Z,42.02
2026-03-13T04:00:00.000Z,42.19
2026-03-13T04:15:00.000Z,43.42
2026-03-13T04:30:00.000Z,44.61
2026-03-13T04:45:00.000Z,48.32
2026-03-13T05:00:00.000Z,40.43
2026-03-13T05:15:00.000Z,43.84
2026-03-13T05:30:00.000Z,43.88
2026-03-13T05:45:00.000Z,43.82
2026-03-13T06:00:00.000Z,44.23
2026-03-13T06:15:00.000Z,45.45
2026-03-13T06:30:00.000Z,45.43
2026-03-13T06:45:00.000Z,44.89
2026-03-13T07:00:00.000Z,46.12
2026-03-13T07:15:00.000Z,46.06
2026-03-13T07:30:00.000Z,45.97
2026-03-13T07:45:00.000Z,45.62
2026-03-13T08:00:00.000Z,45.54
2026-03-13T08:15:00.000Z,45.38
2026-03-13T08:30:00.000Z,45.38
2026-03-13T08:45:00.000Z,45.38
2026-03-13T09:00:00.000Z,44.99
2026-03-13T09:15:00.000Z,44.16
2026-03-13T09:30:00.000Z,46.27
2026-03-13T09:45:00.000Z,44.68
2026-03-13T10:00:00.000Z,55.90
2026-03-13T10:15:00.000Z,56.36
2026-03-13T10:30:00.000Z,55.77
2026-03-13T10:45:00.000Z,56.04
2026-03-13T11:00:00.000Z,56.58
2026-03-13T11:15:00.000Z,57.01
2026-03-13T11:30:00.000Z,56.30
2026-03-13T11:45:00.000Z,56.57
2026-03-13T12:00:00.000Z,56.66
2026-03-13T12:15:00.000Z,57.17
2026-03-13T12:30:00.000Z,56.84
2026-03-13T12:45:00.000Z,57.34
2026-03-13T13:00:00.000Z,50.58
2026-03-13T13:15:00.000Z,52.78
2026-03-13T13:30:00.000Z,53.47
2026-03-13T13:45:00.000Z,57.04
2026-03-13T14:00:00.000Z,45.05
2026-03-13T14:15:00.000Z,49.52
2026-03-13T14:30:00.000Z,49.59
2026-03-13T14:45:00.000Z,48.96
2026-03-13T15:00:00.000Z,50.11
2026-03-13T15:15:00.000Z,48.96
2026-03-13T15:30:00.000Z,48.63
2026-03-13T15:45:00.000Z,48.47
2026-03-13T16:00:00.000Z,48.49
2026-03-13T16:15:00.000Z,49.67
2026-03-13T16:30:00.000Z,50.39
2026-03-13T16:45:00.000Z,51.21
2026-03-13T17:00:00.000Z,51.78
2026-03-13T17:15:00.000Z,51.98
2026-03-13T17:30:00.000Z,52.99
2026-03-13T17:45:00.000Z,53.93
2026-03-13T18:00:00.000Z,53.00
2026-03-13T18:15:00.000Z,52.75
2026-03-13T18:30:00.000Z,52.58
2026-03-13T18:45:00.000Z,52.42
2026-03-13T19:00:00.000Z,52.18
2026-03-13T19:15:00.000Z,51.81
2026-03-13T19:30:00.000Z,51.64
2026-03-13T19:45:00.000Z,50.93
2026-03-13T20:00:00.000Z,51.27
2026-03-13T20:15:00.000Z,51.19
2026-03-13T20:30:00.000Z,51.10
2026-03-13T20:45:00.000Z,50.21
2026-03-13T21:00:00.000Z,50.59
2026-03-13T21:15:00.000Z,50.37
2026-03-13T21:30:00.000Z,50.25
2026-03-13T21:45:00.000Z,49.35
2026-03-13T22:00:00.000Z,49.77
2026-03-13T22:15:00.000Z,49.05
2026-03-13T22:30:00.000Z,47.77
2026-03-13T22:45:00.000Z,46.42
2026-03-13T23:00:00.000Z,50.66
2026-03-13T23:15:00.000Z,49.78
2026-03-13T23:30:00.000Z,48.84
2026-03-13T23:45:00.000Z,47.87
2026-03-14T00:00:00.000Z,47.33
2026-03-14T00:15:00.000Z,48.98
2026-03-14T00:30:00.000Z,49.34
2026-03-14T00:45:00.000Z,49.93
2026-03-14T01:00:00.000Z,60.66
2026-03-14T01:15:00.000Z,60.10
2026-03-14T01:30:00.000Z,60.28
2026-03-14T01:45:00.000Z,61.11
2026-03-14T02:00:00.000Z,61.00
2026-03-14T02:15:00.000Z,61.15
2026-03-14T02:30:00.000Z,61.40
2026-03-14T02:45:00.000Z,61.11
2026-03-14T03:00:00.000Z,56.56
2026-03-14T03:15:00.000Z,55.90
2026-03-14T03:30:00.000Z,55.71
2026-03-14T03:45:00.000Z,53.72
2026-03-14T04:00:00.000Z,54.04
2026-03-14T04:15:00.000Z,52.50
2026-03-14T04:30:00.000Z,49.99
2026-03-14T04:45:00.000Z,49.02
2026-03-14T05:00:00.000Z,51.85
2026-03-14T05:15:00.000Z,49.32
2026-03-14T05:30:00.000Z,49.48
2026-03-14T05:45:00.000Z,50.25
2026-03-14T06:00:00.000Z,52.61
2026-03-14T06:15:00.000Z,51.77
2026-03-14T06:30:00.000Z,51.65
2026-03-14T06:45:00.000Z,52.10
2026-03-14T07:00:00.000Z,54.14
2026-03-14T07:15:00.000Z,54.66
2026-03-14T07:30:00.000Z,55.04
2026-03-14T07:45:00.000Z,57.10
2026-03-14T08:00:00.000Z,53.78
2026-03-14T08:15:00.000Z,54.19
2026-03-14T08:30:00.000Z,56.38
2026-03-14T08:45:00.000Z,58.80
2026-03-14T09:00:00.000Z,53.49
2026-03-14T09:15:00.000Z,53.93
2026-03-14T09:30:00.000Z,61.13
2026-03-14T09:45:00.000Z,63.11
2026-03-14T10:00:00.000Z,58.71
2026-03-14T10:15:00.000Z,63.10
2026-03-14T10:30:00.000Z,61.17
2026-03-14T10:45:00.000Z,61.46
2026-03-14T11:00:00.000Z,57.36
2026-03-14T11:15:00.000Z,59.20
2026-03-14T11:30:00.000Z,59.25
2026-03-14T11:45:00.000Z,60.96
2026-03-14T12:00:00.000Z,54.41
2026-03-14T12:15:00.000Z,56.84
2026-03-14T12:30:00.000Z,60.22
2026-03-14T12:45:00.000Z,62.53
2026-03-14T13:00:00.000Z,57.54
2026-03-14T13:15:00.000Z,61.12
2026-03-14T13:30:00.000Z,63.14
2026-03-14T13:45:00.000Z,66.76
2026-03-14T14:00:00.000Z,63.91
2026-03-14T14:15:00.000Z,68.43
2026-03-14T14:30:00.000Z,72.17
2026-03-14T14:45:00.000Z,74.73
2026-03-14T15:00:00.000Z,70.52
2026-03-14T15:15:00.000Z,74.03
2026-03-14T15:30:00.000Z,76.33
2026-03-14T15:45:00.000Z,77.80
2026-03-14T16:00:00.000Z,76.25
2026-03-14T16:15:00.000Z,76.94
2026-03-14T16:30:00.000Z,78.29
2026-03-14T16:45:00.000Z,78.29
2026-03-14T17:00:00.000Z,78.29
2026-03-14T17:15:00.000Z,79.53
2026-03-14T17:30:00.000Z,77.86
2026-03-14T17:45:00.000Z,75.84
2026-03-14T18:00:00.000Z,77.24
2026-03-14T18:15:00.000Z,75.28
2026-03-14T18:30:00.000Z,73.87
2026-03-14T18:45:00.000Z,71.35
2026-03-14T19:00:00.000Z,74.73
2026-03-14T19:15:00.000Z,73.15
2026-03-14T19:30:00.000Z,70.75
2026-03-14T19:45:00.000Z,70.43
2026-03-14T20:00:00.000Z,72.33
2026-03-14T20:15:00.000Z,72.01
2026-03-14T20:30:00.000Z,71.34
2026-03-14T20:45:00.000Z,69.35
2026-03-14T21:00:00.000Z,71.39
2026-03-14T21:15:00.000Z,69.90
2026-03-14T21:30:00.000Z,69.14
2026-03-14T21:45:00.000Z,68.04
2026-03-14T22:00:00.000Z,70.97
2026-03-14T22:15:00.000Z,69.08
2026-03-14T22:30:00.000Z,68.71
2026-03-14T22:45:00.000Z,67.01
2026-03-14T23:00:00.000Z,66.11
2026-03-14T23:15:00.000Z,62.76
2026-03-14T23:30:00.000Z,62.01
2026-03-14T23:45:00.000Z,61.16
2026-03-15T00:00:00.000Z,66.16
2026-03-15T00:15:00.000Z,67.19
2026-03-15T00:30:00.000Z,69.02
2026-03-15T00:45:00.000Z,69.67
2026-03-15T01:00:00.000Z,70.00
2026-03-15T01:15:00.000Z,72.12
2026-03-15T01:30:00.000Z,73.54
2026-03-15T01:45:00.000Z,75.84
2026-03-15T02:00:00.000Z,72.32
2026-03-15T02:15:00.000Z,74.44
2026-03-15T02:30:00.000Z,76.21
2026-03-15T02:45:00.000Z,77.06
2026-03-15T03:00:00.000Z,75.73
2026-03-15T03:15:00.000Z,76.21
2026-03-15T03:30:00.000Z,76.69
2026-03-15T03:45:00.000Z,78.72
2026-03-15T04:00:00.000Z,78.12
2026-03-15T04:15:00.000Z,78.94
2026-03-15T04:30:00.000Z,83.34
2026-03-15T04:45:00.000Z,79.31
2026-03-15T05:00:00.000Z,76.21
2026-03-15T05:15:00.000Z,77.97
2026-03-15T05:30:00.000Z,79.95
2026-03-15T05:45:00.000Z,80.01
2026-03-15T06:00:00.000Z,76.32
2026-03-15T06:15:00.000Z,78.40
2026-03-15T06:30:00.000Z,77.88
2026-03-15T06:45:00.000Z,82.45
2026-03-15T07:00:00.000Z,69.21
2026-03-15T07:15:00.000Z,72.38
2026-03-15T07:30:00.000Z,76.21
2026-03-15T07:45:00.000Z,85.70
2026-03-15T08:00:00.000Z,68.58
2026-03-15T08:15:00.000Z,71.97
2026-03-15T08:30:00.000Z,82.06
2026-03-15T08:45:00.000Z,91.68
2026-03-15T09:00:00.000Z,77.33
2026-03-15T09:15:00.000Z,80.68
2026-03-15T09:30:00.000Z,86.37
2026-03-15T09:45:00.000Z,84.02
2026-03-15T10:00:00.000Z,82.47
2026-03-15T10:15:00.000Z,85.79
2026-03-15T10:30:00.000Z,82.12
2026-03-15T10:45:00.000Z,83.78
2026-03-15T11:00:00.000Z,94.98
2026-03-15T11:15:00.000Z,86.73
2026-03-15T11:30:00.000Z,81.89
2026-03-15T11:45:00.000Z,74.16
2026-03-15T12:00:00.000Z,83.72
2026-03-15T12:15:00.000Z,77.76
2026-03-15T12:30:00.000Z,70.01
2026-03-15T12:45:00.000Z,66.13
2026-03-15T13:00:00.000Z,66.17
2026-03-15T13:15:00.000Z,69.30
2026-03-15T13:30:00.000Z,76.07
2026-03-15T13:45:00.000Z,84.19
2026-03-15T14:00:00.000Z,84.83
2026-03-15T14:15:00.000Z,86.53
2026-03-15T14:30:00.000Z,90.97
2026-03-15T14:45:00.000Z,96.14
2026-03-15T15:00:00.000Z,98.97
2026-03-15T15:15:00.000Z,76.88
2026-03-15T15:30:00.000Z,79.69
2026-03-15T15:45:00.000Z,85.30
2026-03-15T16:00:00.000Z,82.06
2026-03-15T16:15:00.000Z,80.88
2026-03-15T16:30:00.000Z,79.21
2026-03-15T16:45:00.000Z,75.48
2026-03-15T17:00:00.000Z,87.81
2026-03-15T17:15:00.000Z,82.09
2026-03-15T17:30:00.000Z,73.77
2026-03-15T17:45:00.000Z,67.24
2026-03-15T18:00:00.000Z,89.56
2026-03-15T18:15:00.000Z,82.41
2026-03-15T18:30:00.000Z,73.05
2026-03-15T18:45:00.000Z,66.20
2026-03-15T19:00:00.000Z,80.36
2026-03-15T19:15:00.000Z,70.95
2026-03-15T19:30:00.000Z,64.90
2026-03-15T19:45:00.000Z,61.85
2026-03-15T20:00:00.000Z,66.14
2026-03-15T20:15:00.000Z,70.01
2026-03-15T20:30:00.000Z,72.09
2026-03-15T20:45:00.000Z,68.09
2026-03-15T21:00:00.000Z,72.71
2026-03-15T21:15:00.000Z,76.43
2026-03-15T21:30:00.000Z,76.19
2026-03-15T21:45:00.000Z,63.12
2026-03-15T22:00:00.000Z,67.84
2026-03-15T22:15:00.000Z,64.10
2026-03-15T22:30:00.000Z,63.04
2026-03-15T22:45:00.000Z,69.17
2026-03-15T23:00:00.000Z,61.83
2026-03-15T23:15:00.000Z,61.15
2026-03-15T23:30:00.000Z,61.11
2026-03-15T23:45:00.000Z,57.24
2026-03-16T00:00:00.000Z,68.48
2026-03-16T00:15:00.000Z,61.20
2026-03-16T00:30:00.000Z,58.15
2026-03-16T00:45:00.000Z,59.40
2026-03-16T01:00:00.000Z,61.96
2026-03-16T01:15:00.000Z,59.43
2026-03-16T01:30:00.000Z,58.19
2026-03-16T01:45:00.000Z,56.65
2026-03-16T02:00:00.000Z,55.01
2026-03-16T02:15:00.000Z,54.58
2026-03-16T02:30:00.000Z,56.83
2026-03-16T02:45:00.000Z,58.54
2026-03-16T03:00:00.000Z,55.98
2026-03-16T03:15:00.000Z,57.93
2026-03-16T03:30:00.000Z,61.31
2026-03-16T03:45:00.000Z,66.89
2026-03-16T04:00:00.000Z,61.14
2026-03-16T04:15:00.000Z,66.56
2026-03-16T04:30:00.000Z,70.33
2026-03-16T04:45:00.000Z,78.00
2026-03-16T05:00:00.000Z,71.02
2026-03-16T05:15:00.000Z,73.01
2026-03-16T05:30:00.000Z,75.74
2026-03-16T05:45:00.000Z,81.32
2026-03-16T06:00:00.000Z,74.70
2026-03-16T06:15:00.000Z,77.28
2026-03-16T06:30:00.000Z,78.80
2026-03-16T06:45:00.000Z,82.60
2026-03-16T07:00:00.000Z,73.01
2026-03-16T07:15:00.000Z,76.60
2026-03-16T07:30:00.000Z,81.23
2026-03-16T07:45:00.000Z,79.28
2026-03-16T08:00:00.000Z,85.91
2026-03-16T08:15:00.000Z,83.44
2026-03-16T08:30:00.000Z,79.78
2026-03-16T08:45:00.000Z,74.44
2026-03-16T09:00:00.000Z,82.38
2026-03-16T09:15:00.000Z,77.53
2026-03-16T09:30:00.000Z,70.42
2026-03-16T09:45:00.000Z,63.40
2026-03-16T10:00:00.000Z,68.39
2026-03-16T10:15:00.000Z,65.15
2026-03-16T10:30:00.000Z,64.60
2026-03-16T10:45:00.000Z,65.59
2026-03-16T11:00:00.000Z,65.92
2026-03-16T11:15:00.000Z,62.79
2026-03-16T11:30:00.000Z,61.18
2026-03-16T11:45:00.000Z,61.11
2026-03-16T12:00:00.000Z,64.82
2026-03-16T12:15:00.000Z,64.99
2026-03-16T12:30:00.000Z,66.74
2026-03-16T12:45:00.000Z,73.20
2026-03-16T13:00:00.000Z,64.39
2026-03-16T13:15:00.000Z,70.38
2026-03-16T13:30:00.000Z,85.27
2026-03-16T13:45:00.000Z,88.18
2026-03-16T14:00:00.000Z,69.53
2026-03-16T14:15:00.000Z,75.33
2026-03-16T14:30:00.000Z,91.65
2026-03-16T14:45:00.000Z,80.40
2026-03-16T15:00:00.000Z,89.68
2026-03-16T15:15:00.000Z,92.98
2026-03-16T15:30:00.000Z,69.05
2026-03-16T15:45:00.000Z,58.08
2026-03-16T16:00:00.000Z,94.65
2026-03-16T16:15:00.000Z,76.39
2026-03-16T16:30:00.000Z,63.29
2026-03-16T16:45:00.000Z,51.92
2026-03-16T17:00:00.000Z,71.28
2026-03-16T17:15:00.000Z,65.88
2026-03-16T17:30:00.000Z,63.24
2026-03-16T17:45:00.000Z,60.74
2026-03-16T18:00:00.000Z,70.59
2026-03-16T18:15:00.000Z,69.38
2026-03-16T18:30:00.000Z,69.36
2026-03-16T18:45:00.000Z,67.51
2026-03-16T19:00:00.000Z,73.23
2026-03-16T19:15:00.000Z,68.82
2026-03-16T19:30:00.000Z,68.56
2026-03-16T19:45:00.000Z,73.03
2026-03-16T20:00:00.000Z,66.31
2026-03-16T20:15:00.000Z,71.60
2026-03-16T20:30:00.000Z,76.98
2026-03-16T20:45:00.000Z,76.19
2026-03-16T21:00:00.000Z,72.83
2026-03-16T21:15:00.000Z,74.62
2026-03-16T21:30:00.000Z,72.06
2026-03-16T21:45:00.000Z,78.61
2026-03-16T22:00:00.000Z,74.49
2026-03-16T22:15:00.000Z,75.31
2026-03-16T22:30:00.000Z,78.10
2026-03-16T22:45:00.000Z,79.57
2026-03-16T23:00:00.000Z,74.50
2026-03-16T23:15:00.000Z,75.57
2026-03-16T23:30:00.000Z,78.48
2026-03-16T23:45:00.000Z,78.89
2026-03-17T00:00:00.000Z,79.91
2026-03-17T00:15:00.000Z,78.94
2026-03-17T00:30:00.000Z,80.90
2026-03-17T00:45:00.000Z,81.14
2026-03-17T01:00:00.000Z,75.53
2026-03-17T01:15:00.000Z,75.55
2026-03-17T01:30:00.000Z,76.57
2026-03-17T01:45:00.000Z,76.57
2026-03-17T02:00:00.000Z,76.57
2026-03-17T02:15:00.000Z,79.55
2026-03-17T02:30:00.000Z,80.18
2026-03-17T02:45:00.000Z,78.29
2026-03-17T03:00:00.000Z,77.45
2026-03-17T03:15:00.000Z,77.15
2026-03-17T03:30:00.000Z,73.79
2026-03-17T03:45:00.000Z,72.98
2026-03-17T04:00:00.000Z,79.20
2026-03-17T04:15:00.000Z,86.53
2026-03-17T04:30:00.000Z,78.39
2026-03-17T04:45:00.000Z,71.68
2026-03-17T05:00:00.000Z,71.81
2026-03-17T05:15:00.000Z,67.97
2026-03-17T05:30:00.000Z,66.74
2026-03-17T05:45:00.000Z,67.19
2026-03-17T06:00:00.000Z,60.81
2026-03-17T06:15:00.000Z,65.50
2026-03-17T06:30:00.000Z,67.44
2026-03-17T06:45:00.000Z,70.01
2026-03-17T07:00:00.000Z,57.34
2026-03-17T07:15:00.000Z,65.37
2026-03-17T07:30:00.000Z,71.68
2026-03-17T07:45:00.000Z,86.28
2026-03-17T08:00:00.000Z,65.86
2026-03-17T08:15:00.000Z,80.90
2026-03-17T08:30:00.000Z,87.29
2026-03-17T08:45:00.000Z,89.96
2026-03-17T09:00:00.000Z,92.43
2026-03-17T09:15:00.000Z,101.31
2026-03-17T09:30:00.000Z,101.79
2026-03-17T09:45:00.000Z,104.46
2026-03-17T10:00:00.000Z,101.33
2026-03-17T10:15:00.000Z,100.67
2026-03-17T10:30:00.000Z,99.97
2026-03-17T10:45:00.000Z,104.07
2026-03-17T11:00:00.000Z,103.13
2026-03-17T11:15:00.000Z,100.57
2026-03-17T11:30:00.000Z,100.66
2026-03-17T11:45:00.000Z,99.94
2026-03-17T12:00:00.000Z,101.37
2026-03-17T12:15:00.000Z,99.96
2026-03-17T12:30:00.000Z,98.19
2026-03-17T12:45:00.000Z,96.85
2026-03-17T13:00:00.000Z,110.36
2026-03-17T13:15:00.000Z,112.39
2026-03-17T13:30:00.000Z,104.06
2026-03-17T13:45:00.000Z,101.59
2026-03-17T14:00:00.000Z,101.33
2026-03-17T14:15:00.000Z,94.21
2026-03-17T14:30:00.000Z,84.10
2026-03-17T14:45:00.000Z,65.39
2026-03-17T15:00:00.000Z,93.07
2026-03-17T15:15:00.000Z,83.05
2026-03-17T15:30:00.000Z,75.59
2026-03-17T15:45:00.000Z,68.53
2026-03-17T16:00:00.000Z,85.21
2026-03-17T16:15:00.000Z,74.95
2026-03-17T16:30:00.000Z,74.21
2026-03-17T16:45:00.000Z,67.81
2026-03-17T17:00:00.000Z,69.78
2026-03-17T17:15:00.000Z,67.44
2026-03-17T17:30:00.000Z,71.86
2026-03-17T17:45:00.000Z,78.23
2026-03-17T18:00:00.000Z,61.26
2026-03-17T18:15:00.000Z,65.18
2026-03-17T18:30:00.000Z,69.97
2026-03-17T18:45:00.000Z,77.83
2026-03-17T19:00:00.000Z,71.42
2026-03-17T19:15:00.000Z,76.57
2026-03-17T19:30:00.000Z,77.12
2026-03-17T19:45:00.000Z,80.57
2026-03-17T20:00:00.000Z,76.57
2026-03-17T20:15:00.000Z,80.17
2026-03-17T20:30:00.000Z,81.49
2026-03-17T20:45:00.000Z,73.93
2026-03-17T21:00:00.000Z,79.91
2026-03-17T21:15:00.000Z,74.01
2026-03-17T21:30:00.000Z,76.69
2026-03-17T21:45:00.000Z,77.60
2026-03-17T22:00:00.000Z,77.40
2026-03-17T22:15:00.000Z,75.57
2026-03-17T22:30:00.000Z,74.59
2026-03-17T22:45:00.000Z,72.79
2026-03-17T23:00:00.000Z,65.33
2026-03-17T23:15:00.000Z,68.02
2026-03-17T23:30:00.000Z,68.32
2026-03-17T23:45:00.000Z,67.59
2026-03-18T00:00:00.000Z,65.19
2026-03-18T00:15:00.000Z,63.39
2026-03-18T00:30:00.000Z,62.69
2026-03-18T00:45:00.000Z,61.87
2026-03-18T01:00:00.000Z,60.22
2026-03-18T01:15:00.000Z,59.53
2026-03-18T01:30:00.000Z,59.27
2026-03-18T01:45:00.000Z,59.41
2026-03-18T02:00:00.000Z,58.83
2026-03-18T02:15:00.000Z,59.05
2026-03-18T02:30:00.000Z,59.53
2026-03-18T02:45:00.000Z,60.00
2026-03-18T03:00:00.000Z,62.89
2026-03-18T03:15:00.000Z,64.23
2026-03-18T03:30:00.000Z,64.87
2026-03-18T03:45:00.000Z,66.53
2026-03-18T04:00:00.000Z,70.88
2026-03-18T04:15:00.000Z,71.06
2026-03-18T04:30:00.000Z,65.50
2026-03-18T04:45:00.000Z,62.40
2026-03-18T05:00:00.000Z,63.68
2026-03-18T05:15:00.000Z,60.11
2026-03-18T05:30:00.000Z,62.34
2026-03-18T05:45:00.000Z,64.80
2026-03-18T06:00:00.000Z,49.38
2026-03-18T06:15:00.000Z,43.41
2026-03-18T06:30:00.000Z,47.91
2026-03-18T06:45:00.000Z,58.30
2026-03-18T07:00:00.000Z,49.65
2026-03-18T07:15:00.000Z,54.59
2026-03-18T07:30:00.000Z,61.34
2026-03-18T07:45:00.000Z,62.14
2026-03-18T08:00:00.000Z,57.99
2026-03-18T08:15:00.000Z,55.48
2026-03-18T08:30:00.000Z,53.38
2026-03-18T08:45:00.000Z,56.82
2026-03-18T09:00:00.000Z,54.26
2026-03-18T09:15:00.000Z,58.08
2026-03-18T09:30:00.000Z,57.73
2026-03-18T09:45:00.000Z,57.92
2026-03-18T10:00:00.000Z,62.18
2026-03-18T10:15:00.000Z,62.12
2026-03-18T10:30:00.000Z,62.08
2026-03-18T10:45:00.000Z,61.57
2026-03-18T11:00:00.000Z,63.71
2026-03-18T11:15:00.000Z,63.57
2026-03-18T11:30:00.000Z,63.47
2026-03-18T11:45:00.000Z,63.37
2026-03-18T12:00:00.000Z,62.14
2026-03-18T12:15:00.000Z,62.11
2026-03-18T12:30:00.000Z,62.09
2026-03-18T12:45:00.000Z,62.06
2026-03-18T13:00:00.000Z,56.91
2026-03-18T13:15:00.000Z,57.04
2026-03-18T13:30:00.000Z,57.05
2026-03-18T13:45:00.000Z,58.51
2026-03-18T14:00:00.000Z,54.85
2026-03-18T14:15:00.000Z,55.35
2026-03-18T14:30:00.000Z,58.85
2026-03-18T14:45:00.000Z,62.13
2026-03-18T15:00:00.000Z,58.75
2026-03-18T15:15:00.000Z,61.24
2026-03-18T15:30:00.000Z,56.72
2026-03-18T15:45:00.000Z,59.39
2026-03-18T16:00:00.000Z,55.38
2026-03-18T16:15:00.000Z,45.59
2026-03-18T16:30:00.000Z,39.57
2026-03-18T16:45:00.000Z,34.33
2026-03-18T17:00:00.000Z,42.55
2026-03-18T17:15:00.000Z,39.95
2026-03-18T17:30:00.000Z,39.06
2026-03-18T17:45:00.000Z,41.14
2026-03-18T18:00:00.000Z,36.28
2026-03-18T18:15:00.000Z,35.42
2026-03-18T18:30:00.000Z,40.12
2026-03-18T18:45:00.000Z,47.71
2026-03-18T19:00:00.000Z,40.21
2026-03-18T19:15:00.000Z,44.57
2026-03-18T19:30:00.000Z,46.55
2026-03-18T19:45:00.000Z,46.99
2026-03-18T20:00:00.000Z,38.56
2026-03-18T20:15:00.000Z,44.55
2026-03-18T20:30:00.000Z,43.64
2026-03-18T20:45:00.000Z,50.93
2026-03-18T21:00:00.000Z,41.98
2026-03-18T21:15:00.000Z,48.34
2026-03-18T21:30:00.000Z,53.16
2026-03-18T21:45:00.000Z,56.22
2026-03-18T22:00:00.000Z,48.72
2026-03-18T22:15:00.000Z,52.61
2026-03-18T22:30:00.000Z,57.05
2026-03-18T22:45:00.000Z,56.01
2026-03-18T23:00:00.000Z,62.88
2026-03-18T23:15:00.000Z,64.95
2026-03-18T23:30:00.000Z,65.00
2026-03-18T23:45:00.000Z,65.51
2026-03-19T00:00:00.000Z,67.80
2026-03-19T00:15:00.000Z,68.53
2026-03-19T00:30:00.000Z,66.27
2026-03-19T00:45:00.000Z,66.10
2026-03-19T01:00:00.000Z,67.92
2026-03-19T01:15:00.000Z,67.38
2026-03-19T01:30:00.000Z,66.66
2026-03-19T01:45:00.000Z,66.25
2026-03-19T02:00:00.000Z,67.39
2026-03-19T02:15:00.000Z,65.49
2026-03-19T02:30:00.000Z,65.22
2026-03-19T02:45:00.000Z,64.89
2026-03-19T03:00:00.000Z,64.50
2026-03-19T03:15:00.000Z,61.84
2026-03-19T03:30:00.000Z,64.57
2026-03-19T03:45:00.000Z,62.32
2026-03-19T04:00:00.000Z,57.57
2026-03-19T04:15:00.000Z,51.24
2026-03-19T04:30:00.000Z,46.87
2026-03-19T04:45:00.000Z,42.09
2026-03-19T05:00:00.000Z,47.46
2026-03-19T05:15:00.000Z,39.37
2026-03-19T05:30:00.000Z,33.44
2026-03-19T05:45:00.000Z,33.06
2026-03-19T06:00:00.000Z,37.64
2026-03-19T06:15:00.000Z,36.91
2026-03-19T06:30:00.000Z,46.29
2026-03-19T06:45:00.000Z,55.32
2026-03-19T07:00:00.000Z,36.60
2026-03-19T07:15:00.000Z,43.37
2026-03-19T07:30:00.000Z,53.66
2026-03-19T07:45:00.000Z,60.82
2026-03-19T08:00:00.000Z,52.45
2026-03-19T08:15:00.000Z,59.28
2026-03-19T08:30:00.000Z,57.54
2026-03-19T08:45:00.000Z,55.27
2026-03-19T09:00:00.000Z,55.69
2026-03-19T09:15:00.000Z,55.41
2026-03-19T09:30:00.000Z,56.61
2026-03-19T09:45:00.000Z,58.48
2026-03-19T10:00:00.000Z,56.55
2026-03-19T10:15:00.000Z,58.33
2026-03-19T10:30:00.000Z,58.64
2026-03-19T10:45:00.000Z,58.04
2026-03-19T11:00:00.000Z,56.46
2026-03-19T11:15:00.000Z,56.51
2026-03-19T11:30:00.000Z,55.96
2026-03-19T11:45:00.000Z,55.19
2026-03-19T12:00:00.000Z,55.63
2026-03-19T12:15:00.000Z,55.83
2026-03-19T12:30:00.000Z,55.71
2026-03-19T12:45:00.000Z,54.90
2026-03-19T13:00:00.000Z,54.35
2026-03-19T13:15:00.000Z,53.71
2026-03-19T13:30:00.000Z,52.04
2026-03-19T13:45:00.000Z,52.09
2026-03-19T14:00:00.000Z,51.58
2026-03-19T14:15:00.000Z,49.41
2026-03-19T14:30:00.000Z,52.54
2026-03-19T14:45:00.000Z,46.07
2026-03-19T15:00:00.000Z,55.16
2026-03-19T15:15:00.000Z,52.84
2026-03-19T15:30:00.000Z,49.08
2026-03-19T15:45:00.000Z,39.93
2026-03-19T16:00:00.000Z,58.35
2026-03-19T16:15:00.000Z,48.16
2026-03-19T16:30:00.000Z,39.01
2026-03-19T16:45:00.000Z,43.05
2026-03-19T17:00:00.000Z,40.08
2026-03-19T17:15:00.000Z,43.09
2026-03-19T17:30:00.000Z,46.52
2026-03-19T17:45:00.000Z,47.29
2026-03-19T18:00:00.000Z,49.05
2026-03-19T18:15:00.000Z,46.29
2026-03-19T18:30:00.000Z,43.62
2026-03-19T18:45:00.000Z,42.42
2026-03-19T19:00:00.000Z,41.15
2026-03-19T19:15:00.000Z,43.92
2026-03-19T19:30:00.000Z,50.39
2026-03-19T19:45:00.000Z,50.56
2026-03-19T20:00:00.000Z,39.77
2026-03-19T20:15:00.000Z,41.64
2026-03-19T20:30:00.000Z,45.00
2026-03-19T20:45:00.000Z,51.67
2026-03-19T21:00:00.000Z,43.43
2026-03-19T21:15:00.000Z,45.49
2026-03-19T21:30:00.000Z,49.00
2026-03-19T21:45:00.000Z,50.64
2026-03-19T22:00:00.000Z,46.33
2026-03-19T22:15:00.000Z,48.69
2026-03-19T22:30:00.000Z,52.15
2026-03-19T22:45:00.000Z,55.39
2026-03-19T23:00:00.000Z,44.33
2026-03-19T23:15:00.000Z,50.64
2026-03-19T23:30:00.000Z,52.70
2026-03-19T23:45:00.000Z,54.04
2026-03-20T00:00:00.000Z,51.88
2026-03-20T00:15:00.000Z,50.97
2026-03-20T00:30:00.000Z,50.54
2026-03-20T00:45:00.000Z,51.05
2026-03-20T01:00:00.000Z,52.54
2026-03-20T01:15:00.000Z,51.55
2026-03-20T01:30:00.000Z,49.83
2026-03-20T01:45:00.000Z,49.31
2026-03-20T02:00:00.000Z,50.84
2026-03-20T02:15:00.000Z,50.27
2026-03-20T02:30:00.000Z,47.71
2026-03-20T02:45:00.000Z,47.30
2026-03-20T03:00:00.000Z,48.45
2026-03-20T03:15:00.000Z,46.02
2026-03-20T03:30:00.000Z,45.21
2026-03-20T03:45:00.000Z,42.38
2026-03-20T04:00:00.000Z,45.17
2026-03-20T04:15:00.000Z,43.92
2026-03-20T04:30:00.000Z,37.18
2026-03-20T04:45:00.000Z,36.54
2026-03-20T05:00:00.000Z,41.59
2026-03-20T05:15:00.000Z,38.56
2026-03-20T05:30:00.000Z,42.26
2026-03-20T05:45:00.000Z,44.64
2026-03-20T06:00:00.000Z,48.97
2026-03-20T06:15:00.000Z,45.86
2026-03-20T06:30:00.000Z,44.66
2026-03-20T06:45:00.000Z,45.72
2026-03-20T07:00:00.000Z,44.65
2026-03-20T07:15:00.000Z,43.95
2026-03-20T07:30:00.000Z,49.06
2026-03-20T07:45:00.000Z,60.54
2026-03-20T08:00:00.000Z,41.13
2026-03-20T08:15:00.000Z,49.49
2026-03-20T08:30:00.000Z,64.00
2026-03-20T08:45:00.000Z,62.85
2026-03-20T09:00:00.000Z,58.06
2026-03-20T09:15:00.000Z,62.49
2026-03-20T09:30:00.000Z,68.63
2026-03-20T09:45:00.000Z,70.30
2026-03-20T10:00:00.000Z,63.59
2026-03-20T10:15:00.000Z,63.29
2026-03-20T10:30:00.000Z,64.22
2026-03-20T10:45:00.000Z,64.26
2026-03-20T11:00:00.000Z,70.30
2026-03-20T11:15:00.000Z,71.15
2026-03-20T11:30:00.000Z,71.36
2026-03-20T11:45:00.000Z,70.30
2026-03-20T12:00:00.000Z,64.40
2026-03-20T12:15:00.000Z,64.24
2026-03-20T12:30:00.000Z,65.23
2026-03-20T12:45:00.000Z,64.39
2026-03-20T13:00:00.000Z,63.02
2026-03-20T13:15:00.000Z,59.79
2026-03-20T13:30:00.000Z,57.80
2026-03-20T13:45:00.000Z,56.06
2026-03-20T14:00:00.000Z,61.82
2026-03-20T14:15:00.000Z,56.76
2026-03-20T14:30:00.000Z,56.38
2026-03-20T14:45:00.000Z,51.89
2026-03-20T15:00:00.000Z,65.11
2026-03-20T15:15:00.000Z,53.10
2026-03-20T15:30:00.000Z,48.98
2026-03-20T15:45:00.000Z,42.56
2026-03-20T16:00:00.000Z,64.16
2026-03-20T16:15:00.000Z,51.39
2026-03-20T16:30:00.000Z,45.72
2026-03-20T16:45:00.000Z,42.26
2026-03-20T17:00:00.000Z,49.34
2026-03-20T17:15:00.000Z,47.58
2026-03-20T17:30:00.000Z,43.96
2026-03-20T17:45:00.000Z,44.89
2026-03-20T18:00:00.000Z,49.85
2026-03-20T18:15:00.000Z,55.34
2026-03-20T18:30:00.000Z,64.67
2026-03-20T18:45:00.000Z,68.86
2026-03-20T19:00:00.000Z,58.42
2026-03-20T19:15:00.000Z,63.31
2026-03-20T19:30:00.000Z,67.48
2026-03-20T19:45:00.000Z,66.56
2026-03-20T20:00:00.000Z,66.70
2026-03-20T20:15:00.000Z,67.84
2026-03-20T20:30:00.000Z,66.83
2026-03-20T20:45:00.000Z,66.34
2026-03-20T21:00:00.000Z,66.26
2026-03-20T21:15:00.000Z,65.06
2026-03-20T21:30:00.000Z,64.38
2026-03-20T21:45:00.000Z,64.38
2026-03-20T22:00:00.000Z,64.38
2026-03-20T22:15:00.000Z,62.83
2026-03-20T22:30:00.000Z,62.81
2026-03-20T22:45:00.000Z,63.77
2026-03-20T23:00:00.000Z,65.03
2026-03-20T23:15:00.000Z,65.02
2026-03-20T23:30:00.000Z,65.14
2026-03-20T23:45:00.000Z,65.19
2026-03-21T00:00:00.000Z,66.84
2026-03-21T00:15:00.000Z,66.91
2026-03-21T00:30:00.000Z,67.15
2026-03-21T00:45:00.000Z,67.15
2026-03-21T01:00:00.000Z,67.15
2026-03-21T01:15:00.000Z,67.96
2026-03-21T01:30:00.000Z,67.99
2026-03-21T01:45:00.000Z,67.95
2026-03-21T02:00:00.000Z,68.05
2026-03-21T02:15:00.000Z,68.21
2026-03-21T02:30:00.000Z,68.13
2026-03-21T02:45:00.000Z,68.11
2026-03-21T03:00:00.000Z,68.34
2026-03-21T03:15:00.000Z,68.13
2026-03-21T03:30:00.000Z,67.89
2026-03-21T03:45:00.000Z,67.77
2026-03-21T04:00:00.000Z,64.87
2026-03-21T04:15:00.000Z,64.73
2026-03-21T04:30:00.000Z,64.83
2026-03-21T04:45:00.000Z,64.93
2026-03-21T05:00:00.000Z,68.33
2026-03-21T05:15:00.000Z,68.56
2026-03-21T05:30:00.000Z,68.46
2026-03-21T05:45:00.000Z,68.67
2026-03-21T06:00:00.000Z,70.29
2026-03-21T06:15:00.000Z,71.08
2026-03-21T06:30:00.000Z,71.61
2026-03-21T06:45:00.000Z,71.60
2026-03-21T07:00:00.000Z,67.17
2026-03-21T07:15:00.000Z,68.14
2026-03-21T07:30:00.000Z,70.16
2026-03-21T07:45:00.000Z,73.11
2026-03-21T08:00:00.000Z,70.40
2026-03-21T08:15:00.000Z,74.03
2026-03-21T08:30:00.000Z,76.98
2026-03-21T08:45:00.000Z,75.16
2026-03-21T09:00:00.000Z,74.26
2026-03-21T09:15:00.000Z,77.35
2026-03-21T09:30:00.000Z,73.14
2026-03-21T09:45:00.000Z,69.30
2026-03-21T10:00:00.000Z,70.02
2026-03-21T10:15:00.000Z,66.84
2026-03-21T10:30:00.000Z,65.53
2026-03-21T10:45:00.000Z,64.49
2026-03-21T11:00:00.000Z,64.12
2026-03-21T11:15:00.000Z,62.06
2026-03-21T11:30:00.000Z,61.79
2026-03-21T11:45:00.000Z,61.56
2026-03-21T12:00:00.000Z,62.30
2026-03-21T12:15:00.000Z,62.26
2026-03-21T12:30:00.000Z,62.66
2026-03-21T12:45:00.000Z,63.18
2026-03-21T13:00:00.000Z,63.14
2026-03-21T13:15:00.000Z,66.61
2026-03-21T13:30:00.000Z,69.46
2026-03-21T13:45:00.000Z,72.37
2026-03-21T14:00:00.000Z,69.99
2026-03-21T14:15:00.000Z,72.98
2026-03-21T14:30:00.000Z,77.48
2026-03-21T14:45:00.000Z,81.52
2026-03-21T15:00:00.000Z,82.64
2026-03-21T15:15:00.000Z,83.59
2026-03-21T15:30:00.000Z,81.17
2026-03-21T15:45:00.000Z,74.79
2026-03-21T16:00:00.000Z,72.90
2026-03-21T16:15:00.000Z,71.97
2026-03-21T16:30:00.000Z,71.52
2026-03-21T16:45:00.000Z,72.92
2026-03-21T17:00:00.000Z,72.09
2026-03-21T17:15:00.000Z,73.04
2026-03-21T17:30:00.000Z,72.92
2026-03-21T17:45:00.000Z,73.75
2026-03-21T18:00:00.000Z,72.04
2026-03-21T18:15:00.000Z,72.42
2026-03-21T18:30:00.000Z,72.92
2026-03-21T18:45:00.000Z,73.29
2026-03-21T19:00:00.000Z,71.00
2026-03-21T19:15:00.000Z,73.30
2026-03-21T19:30:00.000Z,73.43
2026-03-21T19:45:00.000Z,74.97
2026-03-21T20:00:00.000Z,71.48
2026-03-21T20:15:00.000Z,72.04
2026-03-21T20:30:00.000Z,73.42
2026-03-21T20:45:00.000Z,75.16
2026-03-21T21:00:00.000Z,74.16
2026-03-21T21:15:00.000Z,75.80
2026-03-21T21:30:00.000Z,78.67
2026-03-21T21:45:00.000Z,83.92
2026-03-21T22:00:00.000Z,76.84
2026-03-21T22:15:00.000Z,79.90
2026-03-21T22:30:00.000Z,80.03
2026-03-21T22:45:00.000Z,82.50
2026-03-21T23:00:00.000Z,70.65
2026-03-21T23:15:00.000Z,71.38
2026-03-21T23:30:00.000Z,71.89
2026-03-21T23:45:00.000Z,73.05
2026-03-22T00:00:00.000Z,70.10
2026-03-22T00:15:00.000Z,70.27
2026-03-22T00:30:00.000Z,72.48
2026-03-22T00:45:00.000Z,74.62
2026-03-22T01:00:00.000Z,71.07
2026-03-22T01:15:00.000Z,71.33
2026-03-22T01:30:00.000Z,71.67
2026-03-22T01:45:00.000Z,69.69
2026-03-22T02:00:00.000Z,74.93
2026-03-22T02:15:00.000Z,74.39
2026-03-22T02:30:00.000Z,72.52
2026-03-22T02:45:00.000Z,74.04
2026-03-22T03:00:00.000Z,74.73
2026-03-22T03:15:00.000Z,74.74
2026-03-22T03:30:00.000Z,73.16
2026-03-22T03:45:00.000Z,71.97
2026-03-22T04:00:00.000Z,74.21
2026-03-22T04:15:00.000Z,71.09
2026-03-22T04:30:00.000Z,69.77
2026-03-22T04:45:00.000Z,71.07
2026-03-22T05:00:00.000Z,74.34
2026-03-22T05:15:00.000Z,72.79
2026-03-22T05:30:00.000Z,71.38
2026-03-22T05:45:00.000Z,69.87
2026-03-22T06:00:00.000Z,81.10
2026-03-22T06:15:00.000Z,75.87
2026-03-22T06:30:00.000Z,70.54
2026-03-22T06:45:00.000Z,66.23
2026-03-22T07:00:00.000Z,76.08
2026-03-22T07:15:00.000Z,67.81
2026-03-22T07:30:00.000Z,62.70
2026-03-22T07:45:00.000Z,60.04
2026-03-22T08:00:00.000Z,62.11
2026-03-22T08:15:00.000Z,57.68
2026-03-22T08:30:00.000Z,56.37
2026-03-22T08:45:00.000Z,56.21
2026-03-22T09:00:00.000Z,56.22
2026-03-22T09:15:00.000Z,56.06
2026-03-22T09:30:00.000Z,55.89
2026-03-22T09:45:00.000Z,55.71
2026-03-22T10:00:00.000Z,55.72
2026-03-22T10:15:00.000Z,55.53
2026-03-22T10:30:00.000Z,55.39
2026-03-22T10:45:00.000Z,55.07
2026-03-22T11:00:00.000Z,55.66
2026-03-22T11:15:00.000Z,55.57
2026-03-22T11:30:00.000Z,55.47
2026-03-22T11:45:00.000Z,55.34
2026-03-22T12:00:00.000Z,59.44
2026-03-22T12:15:00.000Z,59.37
2026-03-22T12:30:00.000Z,59.08
2026-03-22T12:45:00.000Z,58.29
2026-03-22T13:00:00.000Z,57.43
2026-03-22T13:15:00.000Z,57.21
2026-03-22T13:30:00.000Z,57.26
2026-03-22T13:45:00.000Z,57.57
2026-03-22T14:00:00.000Z,55.97
2026-03-22T14:15:00.000Z,56.28
2026-03-22T14:30:00.000Z,58.93
2026-03-22T14:45:00.000Z,63.23
2026-03-22T15:00:00.000Z,59.99
2026-03-22T15:15:00.000Z,67.47
2026-03-22T15:30:00.000Z,64.78
2026-03-22T15:45:00.000Z,64.04
2026-03-22T16:00:00.000Z,64.70
2026-03-22T16:15:00.000Z,60.21
2026-03-22T16:30:00.000Z,60.41
2026-03-22T16:45:00.000Z,60.82
2026-03-22T17:00:00.000Z,61.57
2026-03-22T17:15:00.000Z,62.86
2026-03-22T17:30:00.000Z,62.53
2026-03-22T17:45:00.000Z,65.40
2026-03-22T18:00:00.000Z,63.04
2026-03-22T18:15:00.000Z,63.68
2026-03-22T18:30:00.000Z,64.45
2026-03-22T18:45:00.000Z,65.44
2026-03-22T19:00:00.000Z,62.19
2026-03-22T19:15:00.000Z,63.14
2026-03-22T19:30:00.000Z,63.67
2026-03-22T19:45:00.000Z,63.61
2026-03-22T20:00:00.000Z,65.12
2026-03-22T20:15:00.000Z,64.21
2026-03-22T20:30:00.000Z,62.98
2026-03-22T20:45:00.000Z,63.24
2026-03-22T21:00:00.000Z,62.42
2026-03-22T21:15:00.000Z,65.46
2026-03-22T21:30:00.000Z,64.15
2026-03-22T21:45:00.000Z,65.50
2026-03-22T22:00:00.000Z,67.34
2026-03-22T22:15:00.000Z,68.60
2026-03-22T22:30:00.000Z,65.97
2026-03-22T22:45:00.000Z,65.42
2026-03-22T23:00:00.000Z,73.53
2026-03-22T23:15:00.000Z,72.66
2026-03-22T23:30:00.000Z,74.14
2026-03-22T23:45:00.000Z,74.94
2026-03-23T00:00:00.000Z,78.76
2026-03-23T00:15:00.000Z,78.33
2026-03-23T00:30:00.000Z,77.41
2026-03-23T00:45:00.000Z,77.48
2026-03-23T01:00:00.000Z,77.04
2026-03-23T01:15:00.000Z,77.14
2026-03-23T01:30:00.000Z,76.76
2026-03-23T01:45:00.000Z,76.54
2026-03-23T02:00:00.000Z,71.87
2026-03-23T02:15:00.000Z,71.90
2026-03-23T02:30:00.000Z,72.32
2026-03-23T02:45:00.000Z,70.26
2026-03-23T03:00:00.000Z,61.16
2026-03-23T03:15:00.000Z,60.98
2026-03-23T03:30:00.000Z,59.88
2026-03-23T03:45:00.000Z,60.74
2026-03-23T04:00:00.000Z,68.44
2026-03-23T04:15:00.000Z,66.11
2026-03-23T04:30:00.000Z,63.34
2026-03-23T04:45:00.000Z,62.18
2026-03-23T05:00:00.000Z,65.42
2026-03-23T05:15:00.000Z,66.04
2026-03-23T05:30:00.000Z,66.60
2026-03-23T05:45:00.000Z,67.79
2026-03-23T06:00:00.000Z,66.23
2026-03-23T06:15:00.000Z,68.23
2026-03-23T06:30:00.000Z,66.41
2026-03-23T06:45:00.000Z,65.79
2026-03-23T07:00:00.000Z,65.22
2026-03-23T07:15:00.000Z,64.56
2026-03-23T07:30:00.000Z,68.98
2026-03-23T07:45:00.000Z,73.32
2026-03-23T08:00:00.000Z,61.30
2026-03-23T08:15:00.000Z,65.46
2026-03-23T08:30:00.000Z,70.06
2026-03-23T08:45:00.000Z,78.92
2026-03-23T09:00:00.000Z,58.36
2026-03-23T09:15:00.000Z,63.05
2026-03-23T09:30:00.000Z,62.40
2026-03-23T09:45:00.000Z,62.88
2026-03-23T10:00:00.000Z,55.49
2026-03-23T10:15:00.000Z,54.47
2026-03-23T10:30:00.000Z,55.21
2026-03-23T10:45:00.000Z,57.75
2026-03-23T11:00:00.000Z,63.13
2026-03-23T11:15:00.000Z,64.46
2026-03-23T11:30:00.000Z,58.54
2026-03-23T11:45:00.000Z,56.97
2026-03-23T12:00:00.000Z,61.59
2026-03-23T12:15:00.000Z,62.76
2026-03-23T12:30:00.000Z,62.29
2026-03-23T12:45:00.000Z,55.57
2026-03-23T13:00:00.000Z,75.07
2026-03-23T13:15:00.000Z,71.71
2026-03-23T13:30:00.000Z,71.97
2026-03-23T13:45:00.000Z,74.14
2026-03-23T14:00:00.000Z,80.19
2026-03-23T14:15:00.000Z,78.11
2026-03-23T14:30:00.000Z,72.86
2026-03-23T14:45:00.000Z,65.42
2026-03-23T15:00:00.000Z,65.67
2026-03-23T15:15:00.000Z,63.58
2026-03-23T15:30:00.000Z,58.69
2026-03-23T15:45:00.000Z,59.53
2026-03-23T16:00:00.000Z,75.60
2026-03-23T16:15:00.000Z,65.48
2026-03-23T16:30:00.000Z,63.60
2026-03-23T16:45:00.000Z,64.81
2026-03-23T17:00:00.000Z,65.27
2026-03-23T17:15:00.000Z,65.29
2026-03-23T17:30:00.000Z,65.09
2026-03-23T17:45:00.000Z,65.34
2026-03-23T18:00:00.000Z,63.50
2026-03-23T18:15:00.000Z,63.39
2026-03-23T18:30:00.000Z,63.28
2026-03-23T18:45:00.000Z,62.81
2026-03-23T19:00:00.000Z,61.12
2026-03-23T19:15:00.000Z,60.74
2026-03-23T19:30:00.000Z,59.65
2026-03-23T19:45:00.000Z,59.34
2026-03-23T20:00:00.000Z,58.10
2026-03-23T20:15:00.000Z,58.07
2026-03-23T20:30:00.000Z,57.87
2026-03-23T20:45:00.000Z,57.50
2026-03-23T21:00:00.000Z,62.94
2026-03-23T21:15:00.000Z,65.41
2026-03-23T21:30:00.000Z,65.44
2026-03-23T21:45:00.000Z,65.46
2026-03-23T22:00:00.000Z,72.29
2026-03-23T22:15:00.000Z,74.97
2026-03-23T22:30:00.000Z,85.80
2026-03-23T22:45:00.000Z,93.34
2026-03-23T23:00:00.000Z,65.95
2026-03-23T23:15:00.000Z,65.00
2026-03-23T23:30:00.000Z,65.77
2026-03-23T23:45:00.000Z,70.03
2026-03-24T00:00:00.000Z,72.76
2026-03-24T00:15:00.000Z,71.29
2026-03-24T00:30:00.000Z,71.28
2026-03-24T00:45:00.000Z,66.99
2026-03-24T01:00:00.000Z,81.45
2026-03-24T01:15:00.000Z,82.00
2026-03-24T01:30:00.000Z,77.52
2026-03-24T01:45:00.000Z,77.52
2026-03-24T02:00:00.000Z,77.52
2026-03-24T02:15:00.000Z,81.76
2026-03-24T02:30:00.000Z,77.56
2026-03-24T02:45:00.000Z,77.52
2026-03-24T03:00:00.000Z,71.36
2026-03-24T03:15:00.000Z,72.47
2026-03-24T03:30:00.000Z,66.11
2026-03-24T03:45:00.000Z,71.12
2026-03-24T04:00:00.000Z,55.36
2026-03-24T04:15:00.000Z,60.00
2026-03-24T04:30:00.000Z,59.25
2026-03-24T04:45:00.000Z,60.40
2026-03-24T05:00:00.000Z,56.70
2026-03-24T05:15:00.000Z,60.95
2026-03-24T05:30:00.000Z,63.42
2026-03-24T05:45:00.000Z,67.13
2026-03-24T06:00:00.000Z,64.12
2026-03-24T06:15:00.000Z,72.09
2026-03-24T06:30:00.000Z,74.88
2026-03-24T06:45:00.000Z,74.71
2026-03-24T07:00:00.000Z,63.42
2026-03-24T07:15:00.000Z,73.09
2026-03-24T07:30:00.000Z,77.52
2026-03-24T07:45:00.000Z,94.85
2026-03-24T08:00:00.000Z,74.98
2026-03-24T08:15:00.000Z,80.42
2026-03-24T08:30:00.000Z,79.69
2026-03-24T08:45:00.000Z,74.33
2026-03-24T09:00:00.000Z,105.90
2026-03-24T09:15:00.000Z,79.00
2026-03-24T09:30:00.000Z,57.48
2026-03-24T09:45:00.000Z,46.01
2026-03-24T10:00:00.000Z,56.46
2026-03-24T10:15:00.000Z,49.44
2026-03-24T10:30:00.000Z,48.70
2026-03-24T10:45:00.000Z,48.08
2026-03-24T11:00:00.000Z,60.48
2026-03-24T11:15:00.000Z,60.53
2026-03-24T11:30:00.000Z,60.50
2026-03-24T11:45:00.000Z,60.43
2026-03-24T12:00:00.000Z,61.41
2026-03-24T12:15:00.000Z,61.34
2026-03-24T12:30:00.000Z,61.36
2026-03-24T12:45:00.000Z,62.30
2026-03-24T13:00:00.000Z,60.80
2026-03-24T13:15:00.000Z,61.10
2026-03-24T13:30:00.000Z,62.36
2026-03-24T13:45:00.000Z,63.97
2026-03-24T14:00:00.000Z,53.43
2026-03-24T14:15:00.000Z,59.36
2026-03-24T14:30:00.000Z,60.94
2026-03-24T14:45:00.000Z,60.43
2026-03-24T15:00:00.000Z,52.23
2026-03-24T15:15:00.000Z,51.24
2026-03-24T15:30:00.000Z,51.82
2026-03-24T15:45:00.000Z,54.21
2026-03-24T16:00:00.000Z,60.34
2026-03-24T16:15:00.000Z,54.76
2026-03-24T16:30:00.000Z,56.21
2026-03-24T16:45:00.000Z,58.28
2026-03-24T17:00:00.000Z,63.42
2026-03-24T17:15:00.000Z,63.44
2026-03-24T17:30:00.000Z,63.43
2026-03-24T17:45:00.000Z,63.69
2026-03-24T18:00:00.000Z,62.11
2026-03-24T18:15:00.000Z,63.42
2026-03-24T18:30:00.000Z,64.81
2026-03-24T18:45:00.000Z,72.01
2026-03-24T19:00:00.000Z,63.49
2026-03-24T19:15:00.000Z,71.11
2026-03-24T19:30:00.000Z,68.99
2026-03-24T19:45:00.000Z,71.31
2026-03-24T20:00:00.000Z,72.61
2026-03-24T20:15:00.000Z,72.08
2026-03-24T20:30:00.000Z,72.02
2026-03-24T20:45:00.000Z,65.30
2026-03-24T21:00:00.000Z,67.01
2026-03-24T21:15:00.000Z,65.74
2026-03-24T21:30:00.000Z,62.83
2026-03-24T21:45:00.000Z,61.69
2026-03-24T22:00:00.000Z,62.45
2026-03-24T22:15:00.000Z,59.99
2026-03-24T22:30:00.000Z,58.36
2026-03-24T22:45:00.000Z,53.26
2026-03-24T23:00:00.000Z,38.20
2026-03-24T23:15:00.000Z,36.36
2026-03-24T23:30:00.000Z,35.72
2026-03-24T23:45:00.000Z,35.57
2026-03-25T00:00:00.000Z,36.55
2026-03-25T00:15:00.000Z,36.38
2026-03-25T00:30:00.000Z,36.37
2026-03-25T00:45:00.000Z,36.30
2026-03-25T01:00:00.000Z,35.63
2026-03-25T01:15:00.000Z,35.62
2026-03-25T01:30:00.000Z,35.59
2026-03-25T01:45:00.000Z,35.61
2026-03-25T02:00:00.000Z,35.80
2026-03-25T02:15:00.000Z,35.78
2026-03-25T02:30:00.000Z,35.79
2026-03-25T02:45:00.000Z,35.77
2026-03-25T03:00:00.000Z,35.64
2026-03-25T03:15:00.000Z,35.64
2026-03-25T03:30:00.000Z,35.64
2026-03-25T03:45:00.000Z,36.08
2026-03-25T04:00:00.000Z,34.75
2026-03-25T04:15:00.000Z,41.90
2026-03-25T04:30:00.000Z,42.05
2026-03-25T04:45:00.000Z,43.06
2026-03-25T05:00:00.000Z,43.77
2026-03-25T05:15:00.000Z,44.58
2026-03-25T05:30:00.000Z,46.76
2026-03-25T05:45:00.000Z,48.71
2026-03-25T06:00:00.000Z,54.30
2026-03-25T06:15:00.000Z,54.14
2026-03-25T06:30:00.000Z,52.85
2026-03-25T06:45:00.000Z,52.29
2026-03-25T07:00:00.000Z,57.66
2026-03-25T07:15:00.000Z,55.27
2026-03-25T07:30:00.000Z,59.77
2026-03-25T07:45:00.000Z,59.67
2026-03-25T08:00:00.000Z,61.30
2026-03-25T08:15:00.000Z,57.11
2026-03-25T08:30:00.000Z,56.52
2026-03-25T08:45:00.000Z,52.77
2026-03-25T09:00:00.000Z,53.52
2026-03-25T09:15:00.000Z,52.22
2026-03-25T09:30:00.000Z,51.17
2026-03-25T09:45:00.000Z,50.07
2026-03-25T10:00:00.000Z,50.86
2026-03-25T10:15:00.000Z,49.68
2026-03-25T10:30:00.000Z,49.54
2026-03-25T10:45:00.000Z,49.36
2026-03-25T11:00:00.000Z,51.24
2026-03-25T11:15:00.000Z,50.97
2026-03-25T11:30:00.000Z,50.72
2026-03-25T11:45:00.000Z,50.58
2026-03-25T12:00:00.000Z,50.55
2026-03-25T12:15:00.000Z,50.50
2026-03-25T12:30:00.000Z,50.46
2026-03-25T12:45:00.000Z,50.14
2026-03-25T13:00:00.000Z,48.82
2026-03-25T13:15:00.000Z,49.37
2026-03-25T13:30:00.000Z,49.17
2026-03-25T13:45:00.000Z,49.19
2026-03-25T14:00:00.000Z,50.94
2026-03-25T14:15:00.000Z,51.38
2026-03-25T14:30:00.000Z,52.32
2026-03-25T14:45:00.000Z,56.80
2026-03-25T15:00:00.000Z,53.84
2026-03-25T15:15:00.000Z,60.43
2026-03-25T15:30:00.000Z,73.40
2026-03-25T15:45:00.000Z,84.08
2026-03-25T16:00:00.000Z,75.85
2026-03-25T16:15:00.000Z,76.48
2026-03-25T16:30:00.000Z,74.13
2026-03-25T16:45:00.000Z,76.05
2026-03-25T17:00:00.000Z,76.75
2026-03-25T17:15:00.000Z,76.57
2026-03-25T17:30:00.000Z,74.90
2026-03-25T17:45:00.000Z,72.14
2026-03-25T18:00:00.000Z,75.23
2026-03-25T18:15:00.000Z,75.25
2026-03-25T18:30:00.000Z,72.25
2026-03-25T18:45:00.000Z,71.01
2026-03-25T19:00:00.000Z,71.35
2026-03-25T19:15:00.000Z,71.01
2026-03-25T19:30:00.000Z,67.60
2026-03-25T19:45:00.000Z,63.62
2026-03-25T20:00:00.000Z,68.36
2026-03-25T20:15:00.000Z,66.75
2026-03-25T20:30:00.000Z,65.77
2026-03-25T20:45:00.000Z,63.57
2026-03-25T21:00:00.000Z,68.01
2026-03-25T21:15:00.000Z,65.43
2026-03-25T21:30:00.000Z,63.57
2026-03-25T21:45:00.000Z,64.09
2026-03-25T22:00:00.000Z,63.78
2026-03-25T22:15:00.000Z,63.24
2026-03-25T22:30:00.000Z,62.23
2026-03-25T23:00:00.000Z,60.09
2026-03-25T23:15:00.000Z,59.92
2026-03-25T23:30:00.000Z,59.98
2026-03-25T23:45:00.000Z,56.18
2026-03-26T00:00:00.000Z,60.16
2026-03-26T00:15:00.000Z,61.93
2026-03-26T00:30:00.000Z,60.31
2026-03-26T00:45:00.000Z,60.19
2026-03-26T01:00:00.000Z,55.61
2026-03-26T01:15:00.000Z,57.80
2026-03-26T01:30:00.000Z,56.14
2026-03-26T01:45:00.000Z,53.96
2026-03-26T02:00:00.000Z,57.16
2026-03-26T02:15:00.000Z,55.31
2026-03-26T02:30:00.000Z,53.36
2026-03-26T02:45:00.000Z,54.03
2026-03-26T03:00:00.000Z,58.37
2026-03-26T03:15:00.000Z,57.19
2026-03-26T03:30:00.000Z,55.50
2026-03-26T03:45:00.000Z,59.48
2026-03-26T04:00:00.000Z,56.10
2026-03-26T04:15:00.000Z,59.33
2026-03-26T04:30:00.000Z,54.24
2026-03-26T04:45:00.000Z,52.51
2026-03-26T05:00:00.000Z,57.35
2026-03-26T05:15:00.000Z,56.10
2026-03-26T05:30:00.000Z,52.70
2026-03-26T05:45:00.000Z,55.24
2026-03-26T06:00:00.000Z,53.55
2026-03-26T06:15:00.000Z,56.13
2026-03-26T06:30:00.000Z,56.18
2026-03-26T06:45:00.000Z,57.46
2026-03-26T07:00:00.000Z,60.19
2026-03-26T07:15:00.000Z,60.19
2026-03-26T07:30:00.000Z,60.19
2026-03-26T07:45:00.000Z,71.78
2026-03-26T08:00:00.000Z,62.14
2026-03-26T08:15:00.000Z,76.28
2026-03-26T08:30:00.000Z,83.09
2026-03-26T08:45:00.000Z,93.08
2026-03-26T09:00:00.000Z,73.60
2026-03-26T09:15:00.000Z,83.09
2026-03-26T09:30:00.000Z,82.91
2026-03-26T09:45:00.000Z,73.45
2026-03-26T10:00:00.000Z,80.03
2026-03-26T10:15:00.000Z,76.84
2026-03-26T10:30:00.000Z,67.44
2026-03-26T10:45:00.000Z,68.45
2026-03-26T11:00:00.000Z,60.73
2026-03-26T11:15:00.000Z,59.24
2026-03-26T11:30:00.000Z,60.07
2026-03-26T11:45:00.000Z,59.99
2026-03-26T12:00:00.000Z,61.37
2026-03-26T12:15:00.000Z,60.66
2026-03-26T12:30:00.000Z,60.65
2026-03-26T12:45:00.000Z,60.98
2026-03-26T13:00:00.000Z,63.29
2026-03-26T13:15:00.000Z,66.97
2026-03-26T13:30:00.000Z,67.90
2026-03-26T13:45:00.000Z,69.18
2026-03-26T14:00:00.000Z,69.05
2026-03-26T14:15:00.000Z,81.77
2026-03-26T14:30:00.000Z,84.98
2026-03-26T14:45:00.000Z,84.33
2026-03-26T15:00:00.000Z,86.36
2026-03-26T15:15:00.000Z,80.01
2026-03-26T15:30:00.000Z,67.73
2026-03-26T15:45:00.000Z,63.21
2026-03-26T16:00:00.000Z,75.42
2026-03-26T16:15:00.000Z,65.65
2026-03-26T16:30:00.000Z,61.41
2026-03-26T16:45:00.000Z,60.19
2026-03-26T17:00:00.000Z,60.19
2026-03-26T17:15:00.000Z,60.19
2026-03-26T17:30:00.000Z,60.19
2026-03-26T17:45:00.000Z,58.17
2026-03-26T18:00:00.000Z,56.93
2026-03-26T18:15:00.000Z,57.11
2026-03-26T18:30:00.000Z,59.41
2026-03-26T18:45:00.000Z,60.07
2026-03-26T19:00:00.000Z,60.63
2026-03-26T19:15:00.000Z,60.97
2026-03-26T19:30:00.000Z,61.59
2026-03-26T19:45:00.000Z,61.32
2026-03-26T20:00:00.000Z,64.42
2026-03-26T20:15:00.000Z,64.85
2026-03-26T20:30:00.000Z,66.36
2026-03-26T20:45:00.000Z,70.72
2026-03-26T21:00:00.000Z,68.21
2026-03-26T21:15:00.000Z,71.07
2026-03-26T21:30:00.000Z,68.67
2026-03-26T21:45:00.000Z,73.17
2026-03-26T22:00:00.000Z,64.28
2026-03-26T22:15:00.000Z,68.32
2026-03-26T22:30:00.000Z,67.99
2026-03-26T22:45:00.000Z,75.89
2026-03-26T23:00:00.000Z,67.68
2026-03-26T23:15:00.000Z,66.99
2026-03-26T23:30:00.000Z,66.27
2026-03-26T23:45:00.000Z,64.65
2026-03-27T00:00:00.000Z,67.03
2026-03-27T00:15:00.000Z,66.59
2026-03-27T00:30:00.000Z,66.91
2026-03-27T00:45:00.000Z,66.64
2026-03-27T01:00:00.000Z,65.62
2026-03-27T01:15:00.000Z,65.74
2026-03-27T01:30:00.000Z,67.27
2026-03-27T01:45:00.000Z,66.98
2026-03-27T02:00:00.000Z,64.86
2026-03-27T02:15:00.000Z,61.57
2026-03-27T02:30:00.000Z,62.96
2026-03-27T02:45:00.000Z,62.99
2026-03-27T03:00:00.000Z,64.99
2026-03-27T03:15:00.000Z,63.10
2026-03-27T03:30:00.000Z,61.49
2026-03-27T03:45:00.000Z,61.44
2026-03-27T04:00:00.000Z,60.99
2026-03-27T04:15:00.000Z,62.74
2026-03-27T04:30:00.000Z,64.99
2026-03-27T04:45:00.000Z,70.02
2026-03-27T05:00:00.000Z,65.76
2026-03-27T05:15:00.000Z,68.81
2026-03-27T05:30:00.000Z,66.67
2026-03-27T05:45:00.000Z,66.98
2026-03-27T06:00:00.000Z,60.09
2026-03-27T06:15:00.000Z,61.16
2026-03-27T06:30:00.000Z,67.48
2026-03-27T06:45:00.000Z,85.84
2026-03-27T07:00:00.000Z,65.00
2026-03-27T07:15:00.000Z,83.82
2026-03-27T07:30:00.000Z,88.75
2026-03-27T07:45:00.000Z,95.26
2026-03-27T08:00:00.000Z,93.44
2026-03-27T08:15:00.000Z,86.10
2026-03-27T08:30:00.000Z,80.01
2026-03-27T08:45:00.000Z,72.51
2026-03-27T09:00:00.000Z,89.69
2026-03-27T09:15:00.000Z,89.69
2026-03-27T09:30:00.000Z,89.69
2026-03-27T09:45:00.000Z,89.69
2026-03-27T10:00:00.000Z,102.66
2026-03-27T10:15:00.000Z,96.01
2026-03-27T10:30:00.000Z,94.00
2026-03-27T10:45:00.000Z,91.37
2026-03-27T11:00:00.000Z,96.15
2026-03-27T11:15:00.000Z,92.28
2026-03-27T11:30:00.000Z,90.14
2026-03-27T11:45:00.000Z,87.66
2026-03-27T12:00:00.000Z,87.67
2026-03-27T12:15:00.000Z,86.60
2026-03-27T12:30:00.000Z,84.88
2026-03-27T12:45:00.000Z,79.43
2026-03-27T13:00:00.000Z,76.56
2026-03-27T13:15:00.000Z,76.07
2026-03-27T13:30:00.000Z,74.02
2026-03-27T13:45:00.000Z,73.33
2026-03-27T14:00:00.000Z,78.22
2026-03-27T14:15:00.000Z,76.13
2026-03-27T14:30:00.000Z,73.94
2026-03-27T14:45:00.000Z,71.68
2026-03-27T15:00:00.000Z,71.50
2026-03-27T15:15:00.000Z,64.73
2026-03-27T15:30:00.000Z,66.34
2026-03-27T15:45:00.000Z,69.73
2026-03-27T16:00:00.000Z,73.28
2026-03-27T16:15:00.000Z,71.04
2026-03-27T16:30:00.000Z,70.93
2026-03-27T16:45:00.000Z,71.03
2026-03-27T17:00:00.000Z,75.62
2026-03-27T17:15:00.000Z,73.33
2026-03-27T17:30:00.000Z,71.29
2026-03-27T17:45:00.000Z,68.12
2026-03-27T18:00:00.000Z,72.60
2026-03-27T18:15:00.000Z,70.95
2026-03-27T18:30:00.000Z,69.23
2026-03-27T18:45:00.000Z,69.23
2026-03-27T19:00:00.000Z,69.23
2026-03-27T19:15:00.000Z,69.32
2026-03-27T19:30:00.000Z,69.01
2026-03-27T19:45:00.000Z,70.34
2026-03-27T20:00:00.000Z,66.10
2026-03-27T20:15:00.000Z,66.92
2026-03-27T20:30:00.000Z,68.57
2026-03-27T20:45:00.000Z,71.22
2026-03-27T21:00:00.000Z,66.21
2026-03-27T21:15:00.000Z,67.91
2026-03-27T21:30:00.000Z,66.98
2026-03-27T21:45:00.000Z,69.07
2026-03-27T22:00:00.000Z,62.92
2026-03-27T22:15:00.000Z,63.92
2026-03-27T22:30:00.000Z,65.75
2026-03-27T22:45:00.000Z,69.28
2026-03-27T23:00:00.000Z,62.84
2026-03-27T23:15:00.000Z,65.33
2026-03-27T23:30:00.000Z,68.50
2026-03-27T23:45:00.000Z,74.17
2026-03-28T00:00:00.000Z,67.89
2026-03-28T00:15:00.000Z,68.87
2026-03-28T00:30:00.000Z,69.03
2026-03-28T00:45:00.000Z,66.70
2026-03-28T01:00:00.000Z,63.06
2026-03-28T01:15:00.000Z,65.66
2026-03-28T01:30:00.000Z,65.65
2026-03-28T01:45:00.000Z,63.91
2026-03-28T02:00:00.000Z,66.50
2026-03-28T02:15:00.000Z,65.86
2026-03-28T02:30:00.000Z,64.94
2026-03-28T02:45:00.000Z,65.53
2026-03-28T03:00:00.000Z,66.62
2026-03-28T03:15:00.000Z,66.50
2026-03-28T03:30:00.000Z,67.25
2026-03-28T03:45:00.000Z,67.46
2026-03-28T04:00:00.000Z,67.25
2026-03-28T04:15:00.000Z,71.78
2026-03-28T04:30:00.000Z,71.87
2026-03-28T04:45:00.000Z,73.60
2026-03-28T05:00:00.000Z,68.28
2026-03-28T05:15:00.000Z,71.51
2026-03-28T05:30:00.000Z,72.15
2026-03-28T05:45:00.000Z,75.43
2026-03-28T06:00:00.000Z,67.25
2026-03-28T06:15:00.000Z,72.34
2026-03-28T06:30:00.000Z,75.43
2026-03-28T06:45:00.000Z,81.61
2026-03-28T07:00:00.000Z,74.70
2026-03-28T07:15:00.000Z,75.91
2026-03-28T07:30:00.000Z,75.43
2026-03-28T07:45:00.000Z,77.01
2026-03-28T08:00:00.000Z,73.86
2026-03-28T08:15:00.000Z,73.03
2026-03-28T08:30:00.000Z,75.43
2026-03-28T08:45:00.000Z,68.53
2026-03-28T09:00:00.000Z,89.66
2026-03-28T09:15:00.000Z,72.44
2026-03-28T09:30:00.000Z,67.05
2026-03-28T09:45:00.000Z,65.06
2026-03-28T10:00:00.000Z,67.13
2026-03-28T10:15:00.000Z,66.16
2026-03-28T10:30:00.000Z,64.31
2026-03-28T10:45:00.000Z,62.45
2026-03-28T11:00:00.000Z,59.44
2026-03-28T11:15:00.000Z,57.78
2026-03-28T11:30:00.000Z,59.12
2026-03-28T11:45:00.000Z,60.43
2026-03-28T12:00:00.000Z,59.08
2026-03-28T12:15:00.000Z,59.55
2026-03-28T12:30:00.000Z,60.41
2026-03-28T12:45:00.000Z,61.11
2026-03-28T13:00:00.000Z,59.83
2026-03-28T13:15:00.000Z,62.19
2026-03-28T13:30:00.000Z,77.01
2026-03-28T13:45:00.000Z,80.71
2026-03-28T14:00:00.000Z,71.70
2026-03-28T14:15:00.000Z,72.58
2026-03-28T14:30:00.000Z,77.00
2026-03-28T14:45:00.000Z,74.20
2026-03-28T15:00:00.000Z,78.35
2026-03-28T15:15:00.000Z,81.30
2026-03-28T15:30:00.000Z,75.02
2026-03-28T15:45:00.000Z,62.92
2026-03-28T16:00:00.000Z,80.28
2026-03-28T16:15:00.000Z,76.04
2026-03-28T16:30:00.000Z,70.08
2026-03-28T16:45:00.000Z,64.48
2026-03-28T17:00:00.000Z,73.28
2026-03-28T17:15:00.000Z,72.04
2026-03-28T17:30:00.000Z,70.58
2026-03-28T17:45:00.000Z,66.66
2026-03-28T18:00:00.000Z,71.51
2026-03-28T18:15:00.000Z,69.03
2026-03-28T18:30:00.000Z,66.94
2026-03-28T18:45:00.000Z,65.14
2026-03-28T19:00:00.000Z,67.94
2026-03-28T19:15:00.000Z,67.39
2026-03-28T19:30:00.000Z,65.57
2026-03-28T19:45:00.000Z,65.33
2026-03-28T20:00:00.000Z,67.55
2026-03-28T20:15:00.000Z,67.32
2026-03-28T20:30:00.000Z,65.91
2026-03-28T20:45:00.000Z,65.10
2026-03-28T21:00:00.000Z,67.22
2026-03-28T21:15:00.000Z,65.05
2026-03-28T21:30:00.000Z,64.01
2026-03-28T21:45:00.000Z,66.34
2026-03-28T22:00:00.000Z,65.74
2026-03-28T22:15:00.000Z,69.18
2026-03-28T22:30:00.000Z,71.51
2026-03-28T22:45:00.000Z,75.56
2026-03-28T23:00:00.000Z,62.28
2026-03-28T23:15:00.000Z,63.93
2026-03-28T23:30:00.000Z,63.97
2026-03-28T23:45:00.000Z,70.11
2026-03-29T00:00:00.000Z,62.62
2026-03-29T00:15:00.000Z,65.27
2026-03-29T00:30:00.000Z,67.25
2026-03-29T00:45:00.000Z,69.93
2026-03-29T01:00:00.000Z,63.49
2026-03-29T01:15:00.000Z,66.15
2026-03-29T01:30:00.000Z,65.27
2026-03-29T01:45:00.000Z,64.22
2026-03-29T02:00:00.000Z,63.45
2026-03-29T02:15:00.000Z,63.74
2026-03-29T02:30:00.000Z,64.10
2026-03-29T02:45:00.000Z,64.52
2026-03-29T03:00:00.000Z,66.98
2026-03-29T03:15:00.000Z,67.89
2026-03-29T03:30:00.000Z,66.99
2026-03-29T03:45:00.000Z,66.94
2026-03-29T04:00:00.000Z,74.38
2026-03-29T04:15:00.000Z,72.32
2026-03-29T04:30:00.000Z,71.33
2026-03-29T04:45:00.000Z,66.99
2026-03-29T05:00:00.000Z,70.35
2026-03-29T05:15:00.000Z,73.39
2026-03-29T05:30:00.000Z,74.76
2026-03-29T05:45:00.000Z,75.74
2026-03-29T06:00:00.000Z,64.05
2026-03-29T06:15:00.000Z,69.56
2026-03-29T06:30:00.000Z,74.62
2026-03-29T06:45:00.000Z,79.98
2026-03-29T07:00:00.000Z,58.56
2026-03-29T07:15:00.000Z,70.10
2026-03-29T07:30:00.000Z,82.82
2026-03-29T07:45:00.000Z,94.02
2026-03-29T08:00:00.000Z,72.57
2026-03-29T08:15:00.000Z,78.44
2026-03-29T08:30:00.000Z,76.50
2026-03-29T08:45:00.000Z,80.01
2026-03-29T09:00:00.000Z,77.96
2026-03-29T09:15:00.000Z,78.35
2026-03-29T09:30:00.000Z,80.46
2026-03-29T09:45:00.000Z,65.41
2026-03-29T10:00:00.000Z,74.00
2026-03-29T10:15:00.000Z,62.46
2026-03-29T10:30:00.000Z,59.76
2026-03-29T10:45:00.000Z,57.03
2026-03-29T11:00:00.000Z,51.95
2026-03-29T11:15:00.000Z,49.67
2026-03-29T11:30:00.000Z,50.72
2026-03-29T11:45:00.000Z,49.38
2026-03-29T12:00:00.000Z,48.54
2026-03-29T12:15:00.000Z,47.77
2026-03-29T12:30:00.000Z,47.20
2026-03-29T12:45:00.000Z,47.09
2026-03-29T13:00:00.000Z,48.50
2026-03-29T13:15:00.000Z,47.35
2026-03-29T13:30:00.000Z,47.48
2026-03-29T13:45:00.000Z,47.89
2026-03-29T14:00:00.000Z,48.76
2026-03-29T14:15:00.000Z,49.06
2026-03-29T14:30:00.000Z,49.60
2026-03-29T14:45:00.000Z,51.38
2026-03-29T15:00:00.000Z,52.03
2026-03-29T15:15:00.000Z,62.00
2026-03-29T15:30:00.000Z,78.15
2026-03-29T15:45:00.000Z,99.61
2026-03-29T16:00:00.000Z,71.38
2026-03-29T16:15:00.000Z,87.40
2026-03-29T16:30:00.000Z,77.13
2026-03-29T16:45:00.000Z,58.66
2026-03-29T17:00:00.000Z,72.80
2026-03-29T17:15:00.000Z,69.86
2026-03-29T17:30:00.000Z,63.87
2026-03-29T17:45:00.000Z,62.01
2026-03-29T18:00:00.000Z,62.14
2026-03-29T18:15:00.000Z,65.77
2026-03-29T18:30:00.000Z,71.78
2026-03-29T18:45:00.000Z,66.74
2026-03-29T19:00:00.000Z,65.71
2026-03-29T19:15:00.000Z,66.21
2026-03-29T19:30:00.000Z,67.67
2026-03-29T19:45:00.000Z,71.50
2026-03-29T20:00:00.000Z,68.76
2026-03-29T20:15:00.000Z,65.27
2026-03-29T20:30:00.000Z,69.18
2026-03-29T20:45:00.000Z,69.65
2026-03-29T21:00:00.000Z,68.68
2026-03-29T21:15:00.000Z,70.94
2026-03-29T21:30:00.000Z,66.99
2026-03-29T21:45:00.000Z,60.21
2026-03-29T22:00:00.000Z,68.31
2026-03-29T22:15:00.000Z,60.21
2026-03-29T22:30:00.000Z,60.21
2026-03-29T22:45:00.000Z,60.21
2026-03-29T23:00:00.000Z,53.91
2026-03-29T23:15:00.000Z,53.14
2026-03-29T23:30:00.000Z,52.36
2026-03-29T23:45:00.000Z,51.28
2026-03-30T00:00:00.000Z,57.46
2026-03-30T00:15:00.000Z,56.83
2026-03-30T00:30:00.000Z,57.33
2026-03-30T00:45:00.000Z,57.30
2026-03-30T01:00:00.000Z,55.19
2026-03-30T01:15:00.000Z,55.98
2026-03-30T01:30:00.000Z,55.96
2026-03-30T01:45:00.000Z,56.48
2026-03-30T02:00:00.000Z,59.67
2026-03-30T02:15:00.000Z,60.47
2026-03-30T02:30:00.000Z,60.12
2026-03-30T02:45:00.000Z,61.66
2026-03-30T03:00:00.000Z,62.58
2026-03-30T03:15:00.000Z,64.53
2026-03-30T03:30:00.000Z,68.61
2026-03-30T03:45:00.000Z,81.00
2026-03-30T04:00:00.000Z,72.72
2026-03-30T04:15:00.000Z,76.03
2026-03-30T04:30:00.000Z,72.60
2026-03-30T04:45:00.000Z,66.99
2026-03-30T05:00:00.000Z,85.91
2026-03-30T05:15:00.000Z,83.09
2026-03-30T05:30:00.000Z,77.28
2026-03-30T05:45:00.000Z,75.94
2026-03-30T06:00:00.000Z,75.77
2026-03-30T06:15:00.000Z,79.05
2026-03-30T06:30:00.000Z,79.41
2026-03-30T06:45:00.000Z,86.07
2026-03-30T07:00:00.000Z,75.64
2026-03-30T07:15:00.000Z,78.99
2026-03-30T07:30:00.000Z,87.00
2026-03-30T07:45:00.000Z,89.09
2026-03-30T08:00:00.000Z,72.04
2026-03-30T08:15:00.000Z,80.91
2026-03-30T08:30:00.000Z,75.77
2026-03-30T08:45:00.000Z,88.14
2026-03-30T09:00:00.000Z,74.09
2026-03-30T09:15:00.000Z,87.00
2026-03-30T09:30:00.000Z,89.99
2026-03-30T09:45:00.000Z,77.67
2026-03-30T10:00:00.000Z,89.99
2026-03-30T10:15:00.000Z,79.33
2026-03-30T10:30:00.000Z,74.80
2026-03-30T10:45:00.000Z,68.88
2026-03-30T11:00:00.000Z,69.43
2026-03-30T11:15:00.000Z,67.37
2026-03-30T11:30:00.000Z,63.99
2026-03-30T11:45:00.000Z,63.02
2026-03-30T12:00:00.000Z,62.90
2026-03-30T12:15:00.000Z,61.96
2026-03-30T12:30:00.000Z,61.96
2026-03-30T12:45:00.000Z,61.96
2026-03-30T13:00:00.000Z,63.04
2026-03-30T13:15:00.000Z,62.67
2026-03-30T13:30:00.000Z,62.27
2026-03-30T13:45:00.000Z,66.36
2026-03-30T14:00:00.000Z,61.36
2026-03-30T14:15:00.000Z,72.10
2026-03-30T14:30:00.000Z,83.71
2026-03-30T14:45:00.000Z,89.41
2026-03-30T15:00:00.000Z,77.28
2026-03-30T15:15:00.000Z,82.85
2026-03-30T15:30:00.000Z,83.96
2026-03-30T15:45:00.000Z,87.00
2026-03-30T16:00:00.000Z,89.99
2026-03-30T16:15:00.000Z,90.00
2026-03-30T16:30:00.000Z,89.99
2026-03-30T16:45:00.000Z,92.53
2026-03-30T17:00:00.000Z,91.18
2026-03-30T17:15:00.000Z,85.17
2026-03-30T17:30:00.000Z,82.75
2026-03-30T17:45:00.000Z,80.01
2026-03-30T18:00:00.000Z,80.55
2026-03-30T18:15:00.000Z,77.90
2026-03-30T18:30:00.000Z,75.52
2026-03-30T18:45:00.000Z,72.86
2026-03-30T19:00:00.000Z,74.05
2026-03-30T19:15:00.000Z,72.77
2026-03-30T19:30:00.000Z,74.59
2026-03-30T19:45:00.000Z,74.80
2026-03-30T20:00:00.000Z,72.03
2026-03-30T20:15:00.000Z,75.61
2026-03-30T20:30:00.000Z,76.70
2026-03-30T20:45:00.000Z,78.05
2026-03-30T21:00:00.000Z,68.45
2026-03-30T21:15:00.000Z,71.50
2026-03-30T21:30:00.000Z,75.88
2026-03-30T21:45:00.000Z,80.23
2026-03-30T22:00:00.000Z,75.00
2026-03-30T22:15:00.000Z,78.96
2026-03-30T22:30:00.000Z,80.00
2026-03-30T22:45:00.000Z,82.48
2026-03-30T23:00:00.000Z,77.96
2026-03-30T23:15:00.000Z,73.61
2026-03-30T23:30:00.000Z,77.09
2026-03-30T23:45:00.000Z,76.94
2026-03-31T00:00:00.000Z,72.03
2026-03-31T00:15:00.000Z,73.61
2026-03-31T00:30:00.000Z,73.61
2026-03-31T00:45:00.000Z,73.61
2026-03-31T01:00:00.000Z,72.04
2026-03-31T01:15:00.000Z,73.17
2026-03-31T01:30:00.000Z,73.61
2026-03-31T01:45:00.000Z,81.86
2026-03-31T02:00:00.000Z,100.12
2026-03-31T02:15:00.000Z,100.20
2026-03-31T02:30:00.000Z,107.28
2026-03-31T02:45:00.000Z,111.95
2026-03-31T03:00:00.000Z,108.18
2026-03-31T03:15:00.000Z,111.25
2026-03-31T03:30:00.000Z,111.55
2026-03-31T03:45:00.000Z,114.02
2026-03-31T04:00:00.000Z,116.33
2026-03-31T04:15:00.000Z,118.05
2026-03-31T04:30:00.000Z,119.07
2026-03-31T04:45:00.000Z,119.58
2026-03-31T05:00:00.000Z,120.24
2026-03-31T05:15:00.000Z,122.04
2026-03-31T05:30:00.000Z,124.67
2026-03-31T05:45:00.000Z,125.74
2026-03-31T06:00:00.000Z,124.98
2026-03-31T06:15:00.000Z,125.93
2026-03-31T06:30:00.000Z,125.81
2026-03-31T06:45:00.000Z,122.08
2026-03-31T07:00:00.000Z,124.86
2026-03-31T07:15:00.000Z,121.69
2026-03-31T07:30:00.000Z,119.77
2026-03-31T07:45:00.000Z,118.16
2026-03-31T08:00:00.000Z,117.10
2026-03-31T08:15:00.000Z,111.53
2026-03-31T08:30:00.000Z,116.04
2026-03-31T08:45:00.000Z,114.94
2026-03-31T09:00:00.000Z,115.84
2026-03-31T09:15:00.000Z,111.28
2026-03-31T09:30:00.000Z,105.28
2026-03-31T09:45:00.000Z,99.22
2026-03-31T10:00:00.000Z,105.34
2026-03-31T10:15:00.000Z,102.45
2026-03-31T10:30:00.000Z,99.88
2026-03-31T10:45:00.000Z,91.41
2026-03-31T11:00:00.000Z,95.78
2026-03-31T11:15:00.000Z,88.57
2026-03-31T11:30:00.000Z,79.81
2026-03-31T11:45:00.000Z,75.71
2026-03-31T12:00:00.000Z,80.16
2026-03-31T12:15:00.000Z,80.00
2026-03-31T12:30:00.000Z,81.10
2026-03-31T12:45:00.000Z,84.04
2026-03-31T13:00:00.000Z,85.44
2026-03-31T13:15:00.000Z,90.52
2026-03-31T13:30:00.000Z,90.79
2026-03-31T13:45:00.000Z,97.80
2026-03-31T14:00:00.000Z,91.41
2026-03-31T14:15:00.000Z,101.94
2026-03-31T14:30:00.000Z,109.80
2026-03-31T14:45:00.000Z,116.40
2026-03-31T15:00:00.000Z,120.94
2026-03-31T15:15:00.000Z,125.37
2026-03-31T15:30:00.000Z,129.23
2026-03-31T15:45:00.000Z,131.25
2026-03-31T16:00:00.000Z,134.14
2026-03-31T16:15:00.000Z,132.26
2026-03-31T16:30:00.000Z,118.64
2026-03-31T16:45:00.000Z,106.55
2026-03-31T17:00:00.000Z,122.64
2026-03-31T17:15:00.000Z,108.56
2026-03-31T17:30:00.000Z,103.00
2026-03-31T17:45:00.000Z,97.76
2026-03-31T18:00:00.000Z,94.20
2026-03-31T18:15:00.000Z,97.94
2026-03-31T18:30:00.000Z,100.55
2026-03-31T18:45:00.000Z,89.51
2026-03-31T19:00:00.000Z,84.25
2026-03-31T19:15:00.000Z,84.46
2026-03-31T19:30:00.000Z,71.59
2026-03-31T19:45:00.000Z,70.52
2026-03-31T20:00:00.000Z,67.62
2026-03-31T20:15:00.000Z,60.03
2026-03-31T20:30:00.000Z,57.82
2026-03-31T20:45:00.000Z,60.03
2026-03-31T21:00:00.000Z,57.10
2026-03-31T21:15:00.000Z,57.51
2026-03-31T21:30:00.000Z,58.28
2026-03-31T21:45:00.000Z,61.08
2026-03-31T22:00:00.000Z,63.73
2026-03-31T22:15:00.000Z,58.15
2026-03-31T22:30:00.000Z,56.93
2026-03-31T22:45:00.000Z,56.36
2026-03-31T23:00:00.000Z,56.84
2026-03-31T23:15:00.000Z,56.51
2026-03-31T23:30:00.000Z,57.02
2026-03-31T23:45:00.000Z,57.65
2026-04-01T00:00:00.000Z,57.45
2026-04-01T00:15:00.000Z,57.65
2026-04-01T00:30:00.000Z,57.81
2026-04-01T00:45:00.000Z,58.62
2026-04-01T01:00:00.000Z,59.53
2026-04-01T01:15:00.000Z,59.73
2026-04-01T01:30:00.000Z,60.75
2026-04-01T01:45:00.000Z,60.92
2026-04-01T02:00:00.000Z,60.84
2026-04-01T02:15:00.000Z,60.92
2026-04-01T02:30:00.000Z,61.51
2026-04-01T02:45:00.000Z,62.95
2026-04-01T03:00:00.000Z,65.67
2026-04-01T03:15:00.000Z,66.23
2026-04-01T03:30:00.000Z,66.92
2026-04-01T03:45:00.000Z,68.67
2026-04-01T04:00:00.000Z,59.89
2026-04-01T04:15:00.000Z,60.50
2026-04-01T04:30:00.000Z,60.88
2026-04-01T04:45:00.000Z,61.91
2026-04-01T05:00:00.000Z,64.28
2026-04-01T05:15:00.000Z,65.42
2026-04-01T05:30:00.000Z,66.78
2026-04-01T05:45:00.000Z,66.76
2026-04-01T06:00:00.000Z,65.85
2026-04-01T06:15:00.000Z,66.46
2026-04-01T06:30:00.000Z,65.96
2026-04-01T06:45:00.000Z,66.14
2026-04-01T07:00:00.000Z,69.31
2026-04-01T07:15:00.000Z,69.67
2026-04-01T07:30:00.000Z,71.16
2026-04-01T07:45:00.000Z,72.00
2026-04-01T08:00:00.000Z,70.09
2026-04-01T08:15:00.000Z,71.96
2026-04-01T08:30:00.000Z,74.64
2026-04-01T08:45:00.000Z,79.32
2026-04-01T09:00:00.000Z,75.06
2026-04-01T09:15:00.000Z,76.74
2026-04-01T09:30:00.000Z,79.56
2026-04-01T09:45:00.000Z,81.10
2026-04-01T10:00:00.000Z,75.06
2026-04-01T10:15:00.000Z,78.55
2026-04-01T10:30:00.000Z,80.01
2026-04-01T10:45:00.000Z,83.18
2026-04-01T11:00:00.000Z,83.02
2026-04-01T11:15:00.000Z,84.04
2026-04-01T11:30:00.000Z,98.70
2026-04-01T11:45:00.000Z,106.72
2026-04-01T12:00:00.000Z,96.01
2026-04-01T12:15:00.000Z,104.26
2026-04-01T12:30:00.000Z,106.81
2026-04-01T12:45:00.000Z,106.83
2026-04-01T13:00:00.000Z,87.98
2026-04-01T13:15:00.000Z,89.70
2026-04-01T13:30:00.000Z,81.89
2026-04-01T13:45:00.000Z,80.47
2026-04-01T14:00:00.000Z,83.80
2026-04-01T14:15:00.000Z,84.89
2026-04-01T14:30:00.000Z,80.74
2026-04-01T14:45:00.000Z,78.40
2026-04-01T15:00:00.000Z,83.68
2026-04-01T15:15:00.000Z,78.21
2026-04-01T15:30:00.000Z,73.72
2026-04-01T15:45:00.000Z,71.99
2026-04-01T16:00:00.000Z,75.06
2026-04-01T16:15:00.000Z,74.22
2026-04-01T16:30:00.000Z,74.70
2026-04-01T16:45:00.000Z,73.76
2026-04-01T17:00:00.000Z,74.39
2026-04-01T17:15:00.000Z,74.42
2026-04-01T17:30:00.000Z,74.33
2026-04-01T17:45:00.000Z,74.59
2026-04-01T18:00:00.000Z,73.50
2026-04-01T18:15:00.000Z,73.03
2026-04-01T18:30:00.000Z,72.51
2026-04-01T18:45:00.000Z,73.28
2026-04-01T19:00:00.000Z,72.08
2026-04-01T19:15:00.000Z,73.93
2026-04-01T19:30:00.000Z,74.83
2026-04-01T19:45:00.000Z,75.61
2026-04-01T20:00:00.000Z,72.18
2026-04-01T20:15:00.000Z,73.93
2026-04-01T20:30:00.000Z,75.06
2026-04-01T20:45:00.000Z,75.20
2026-04-01T21:00:00.000Z,75.06
2026-04-01T21:15:00.000Z,76.00
2026-04-01T21:30:00.000Z,76.21
2026-04-01T21:45:00.000Z,78.38
2026-04-01T22:00:00.000Z,72.31
2026-04-01T22:15:00.000Z,72.03
2026-04-01T22:30:00.000Z,72.83
2026-04-01T22:45:00.000Z,75.12
2026-04-01T23:00:00.000Z,73.25
2026-04-01T23:15:00.000Z,73.77
2026-04-01T23:30:00.000Z,73.45
2026-04-01T23:45:00.000Z,74.59
2026-04-02T00:00:00.000Z,76.60
2026-04-02T00:15:00.000Z,75.49
2026-04-02T00:30:00.000Z,77.02
2026-04-02T00:45:00.000Z,79.03
2026-04-02T01:00:00.000Z,72.29
2026-04-02T01:15:00.000Z,76.44
2026-04-02T01:30:00.000Z,75.96
2026-04-02T01:45:00.000Z,75.35
2026-04-02T02:00:00.000Z,75.43
2026-04-02T02:15:00.000Z,76.30
2026-04-02T02:30:00.000Z,71.95
2026-04-02T02:45:00.000Z,71.74
2026-04-02T03:00:00.000Z,72.00
2026-04-02T03:15:00.000Z,70.18
2026-04-02T03:30:00.000Z,75.54
2026-04-02T03:45:00.000Z,82.41
2026-04-02T04:00:00.000Z,70.93
2026-04-02T04:15:00.000Z,76.89
2026-04-02T04:30:00.000Z,85.01
2026-04-02T04:45:00.000Z,87.58
2026-04-02T05:00:00.000Z,79.26
2026-04-02T05:15:00.000Z,87.87
2026-04-02T05:30:00.000Z,89.18
2026-04-02T05:45:00.000Z,89.43
2026-04-02T06:00:00.000Z,92.52
2026-04-02T06:15:00.000Z,94.60
2026-04-02T06:30:00.000Z,90.72
2026-04-02T06:45:00.000Z,87.84
2026-04-02T07:00:00.000Z,90.79
2026-04-02T07:15:00.000Z,88.53
2026-04-02T07:30:00.000Z,86.61
2026-04-02T07:45:00.000Z,83.06
2026-04-02T08:00:00.000Z,102.68
2026-04-02T08:15:00.000Z,89.21
2026-04-02T08:30:00.000Z,82.71
2026-04-02T08:45:00.000Z,82.11
2026-04-02T09:00:00.000Z,85.01
2026-04-02T09:15:00.000Z,82.88
2026-04-02T09:30:00.000Z,84.12
2026-04-02T09:45:00.000Z,87.92
2026-04-02T10:00:00.000Z,86.61
2026-04-02T10:15:00.000Z,99.79
2026-04-02T10:30:00.000Z,96.48
2026-04-02T10:45:00.000Z,94.68
2026-04-02T11:00:00.000Z,96.83
2026-04-02T11:15:00.000Z,90.21
2026-04-02T11:30:00.000Z,89.00
2026-04-02T11:45:00.000Z,83.96
2026-04-02T12:00:00.000Z,84.94
2026-04-02T12:15:00.000Z,86.76
2026-04-02T12:30:00.000Z,89.35
2026-04-02T12:45:00.000Z,91.20
2026-04-02T13:00:00.000Z,90.98
2026-04-02T13:15:00.000Z,98.72
2026-04-02T13:30:00.000Z,97.79
2026-04-02T13:45:00.000Z,91.38
2026-04-02T14:00:00.000Z,84.07
2026-04-02T14:15:00.000Z,89.38
2026-04-02T14:30:00.000Z,113.00
2026-04-02T14:45:00.000Z,115.81
2026-04-02T15:00:00.000Z,86.88
2026-04-02T15:15:00.000Z,105.80
2026-04-02T15:30:00.000Z,101.82
2026-04-02T15:45:00.000Z,94.97
2026-04-02T16:00:00.000Z,89.00
2026-04-02T16:15:00.000Z,88.23
2026-04-02T16:30:00.000Z,87.65
2026-04-02T16:45:00.000Z,84.58
2026-04-02T17:00:00.000Z,85.27
2026-04-02T17:15:00.000Z,84.94
2026-04-02T17:30:00.000Z,80.65
2026-04-02T17:45:00.000Z,75.88
2026-04-02T18:00:00.000Z,83.78
2026-04-02T18:15:00.000Z,79.57
2026-04-02T18:30:00.000Z,74.48
2026-04-02T18:45:00.000Z,70.31
2026-04-02T19:00:00.000Z,78.29
2026-04-02T19:15:00.000Z,75.02
2026-04-02T19:30:00.000Z,71.29
2026-04-02T19:45:00.000Z,70.50
2026-04-02T20:00:00.000Z,74.20
2026-04-02T20:15:00.000Z,71.21
2026-04-02T20:30:00.000Z,70.60
2026-04-02T20:45:00.000Z,71.13
2026-04-02T21:00:00.000Z,73.92
2026-04-02T21:15:00.000Z,74.31
2026-04-02T21:30:00.000Z,73.97
2026-04-02T21:45:00.000Z,75.62
2026-04-02T22:00:00.000Z,78.78
2026-04-02T22:15:00.000Z,77.30
2026-04-02T22:30:00.000Z,76.59
2026-04-02T22:45:00.000Z,76.72
2026-04-02T23:00:00.000Z,79.44
2026-04-02T23:15:00.000Z,78.73
2026-04-02T23:30:00.000Z,78.44
2026-04-02T23:45:00.000Z,78.22
2026-04-03T00:00:00.000Z,80.83
2026-04-03T00:15:00.000Z,80.39
2026-04-03T00:30:00.000Z,79.75
2026-04-03T00:45:00.000Z,79.55
2026-04-03T01:00:00.000Z,81.25
2026-04-03T01:15:00.000Z,81.50
2026-04-03T01:30:00.000Z,82.45
2026-04-03T01:45:00.000Z,80.49
2026-04-03T02:00:00.000Z,81.59
2026-04-03T02:15:00.000Z,82.41
2026-04-03T02:30:00.000Z,82.32
2026-04-03T02:45:00.000Z,80.21
2026-04-03T03:00:00.000Z,75.97
2026-04-03T03:15:00.000Z,76.56
2026-04-03T03:30:00.000Z,78.29
2026-04-03T03:45:00.000Z,78.83
2026-04-03T04:00:00.000Z,72.36
2026-04-03T04:15:00.000Z,72.79
2026-04-03T04:30:00.000Z,73.00
2026-04-03T04:45:00.000Z,80.00
2026-04-03T05:00:00.000Z,70.16
2026-04-03T05:15:00.000Z,72.32
2026-04-03T05:30:00.000Z,76.36
2026-04-03T05:45:00.000Z,81.16
2026-04-03T06:00:00.000Z,71.02
2026-04-03T06:15:00.000Z,72.72
2026-04-03T06:30:00.000Z,76.19
2026-04-03T06:45:00.000Z,79.34
2026-04-03T07:00:00.000Z,74.79
2026-04-03T07:15:00.000Z,75.51
2026-04-03T07:30:00.000Z,74.21
2026-04-03T07:45:00.000Z,76.72
2026-04-03T08:00:00.000Z,77.34
2026-04-03T08:15:00.000Z,76.60
2026-04-03T08:30:00.000Z,78.04
2026-04-03T08:45:00.000Z,83.50
2026-04-03T09:00:00.000Z,85.22
2026-04-03T09:15:00.000Z,79.86
2026-04-03T09:30:00.000Z,74.20
2026-04-03T09:45:00.000Z,61.56
2026-04-03T10:00:00.000Z,79.34
2026-04-03T10:15:00.000Z,67.41
2026-04-03T10:30:00.000Z,57.68
2026-04-03T10:45:00.000Z,52.46
2026-04-03T11:00:00.000Z,59.18
2026-04-03T11:15:00.000Z,56.51
2026-04-03T11:30:00.000Z,55.36
2026-04-03T11:45:00.000Z,53.99
2026-04-03T12:00:00.000Z,58.69
2026-04-03T12:15:00.000Z,57.68
2026-04-03T12:30:00.000Z,57.74
2026-04-03T12:45:00.000Z,58.64
2026-04-03T13:00:00.000Z,55.11
2026-04-03T13:15:00.000Z,57.65
2026-04-03T13:30:00.000Z,59.44
2026-04-03T13:45:00.000Z,61.32
2026-04-03T14:00:00.000Z,57.10
2026-04-03T14:15:00.000Z,63.37
2026-04-03T14:30:00.000Z,71.93
2026-04-03T14:45:00.000Z,82.14
2026-04-03T15:00:00.000Z,82.65
2026-04-03T15:15:00.000Z,89.73
2026-04-03T15:30:00.000Z,91.74
2026-04-03T15:45:00.000Z,94.54
2026-04-03T16:00:00.000Z,99.11
2026-04-03T16:15:00.000Z,104.00
2026-04-03T16:30:00.000Z,108.82
2026-04-03T16:45:00.000Z,115.75
2026-04-03T17:00:00.000Z,113.68
2026-04-03T17:15:00.000Z,115.98
2026-04-03T17:30:00.000Z,105.09
2026-04-03T17:45:00.000Z,101.67
2026-04-03T18:00:00.000Z,112.73
2026-04-03T18:15:00.000Z,84.99
2026-04-03T18:30:00.000Z,74.25
2026-04-03T18:45:00.000Z,71.64
2026-04-03T19:00:00.000Z,90.00
2026-04-03T19:15:00.000Z,73.80
2026-04-03T19:30:00.000Z,73.58
2026-04-03T19:45:00.000Z,71.99
2026-04-03T20:00:00.000Z,89.15
2026-04-03T20:15:00.000Z,87.24
2026-04-03T20:30:00.000Z,89.38
2026-04-03T20:45:00.000Z,94.06
2026-04-03T21:00:00.000Z,73.17
2026-04-03T21:15:00.000Z,79.98
2026-04-03T21:30:00.000Z,86.22
2026-04-03T21:45:00.000Z,81.62
2026-04-03T22:00:00.000Z,86.55
2026-04-03T22:15:00.000Z,81.65
2026-04-03T22:30:00.000Z,61.33
2026-04-03T22:45:00.000Z,58.13
2026-04-03T23:00:00.000Z,63.15
2026-04-03T23:15:00.000Z,59.17
2026-04-03T23:30:00.000Z,58.85
2026-04-03T23:45:00.000Z,56.21
2026-04-04T00:00:00.000Z,58.78
2026-04-04T00:15:00.000Z,58.63
2026-04-04T00:30:00.000Z,58.25
2026-04-04T00:45:00.000Z,57.28
2026-04-04T01:00:00.000Z,58.09
2026-04-04T01:15:00.000Z,63.45
2026-04-04T01:30:00.000Z,64.61
2026-04-04T01:45:00.000Z,64.76
2026-04-04T02:00:00.000Z,60.94
2026-04-04T02:15:00.000Z,60.79
2026-04-04T02:30:00.000Z,62.14
2026-04-04T02:45:00.000Z,62.45
2026-04-04T03:00:00.000Z,64.87
2026-04-04T03:15:00.000Z,62.85
2026-04-04T03:30:00.000Z,65.05
2026-04-04T03:45:00.000Z,68.82
2026-04-04T04:00:00.000Z,67.10
2026-04-04T04:15:00.000Z,68.45
2026-04-04T04:30:00.000Z,72.24
2026-04-04T04:45:00.000Z,74.69
2026-04-04T05:00:00.000Z,72.65
2026-04-04T05:15:00.000Z,71.29
2026-04-04T05:30:00.000Z,74.45
2026-04-04T05:45:00.000Z,70.24
2026-04-04T06:00:00.000Z,72.55
2026-04-04T06:15:00.000Z,72.13
2026-04-04T06:30:00.000Z,71.13
2026-04-04T06:45:00.000Z,63.50
2026-04-04T07:00:00.000Z,68.00
2026-04-04T07:15:00.000Z,63.12
2026-04-04T07:30:00.000Z,61.50
2026-04-04T07:45:00.000Z,60.43
2026-04-04T08:00:00.000Z,59.75
2026-04-04T08:15:00.000Z,59.05
2026-04-04T08:30:00.000Z,61.17
2026-04-04T08:45:00.000Z,61.19
2026-04-04T09:00:00.000Z,57.40
2026-04-04T09:15:00.000Z,58.94
2026-04-04T09:30:00.000Z,59.17
2026-04-04T09:45:00.000Z,59.65
2026-04-04T10:00:00.000Z,56.89
2026-04-04T10:15:00.000Z,56.70
2026-04-04T10:30:00.000Z,56.47
2026-04-04T10:45:00.000Z,56.33
2026-04-04T11:00:00.000Z,51.62
2026-04-04T11:15:00.000Z,51.39
2026-04-04T11:30:00.000Z,51.18
2026-04-04T11:45:00.000Z,50.98
2026-04-04T12:00:00.000Z,48.43
2026-04-04T12:15:00.000Z,48.55
2026-04-04T12:30:00.000Z,48.59
2026-04-04T12:45:00.000Z,48.61
2026-04-04T13:00:00.000Z,47.88
2026-04-04T13:15:00.000Z,47.99
2026-04-04T13:30:00.000Z,48.22
2026-04-04T13:45:00.000Z,48.51
2026-04-04T14:00:00.000Z,46.20
2026-04-04T14:15:00.000Z,47.68
2026-04-04T14:30:00.000Z,49.95
2026-04-04T14:45:00.000Z,61.49
2026-04-04T15:00:00.000Z,54.80
2026-04-04T15:15:00.000Z,69.54
2026-04-04T15:30:00.000Z,72.67
2026-04-04T15:45:00.000Z,80.63
2026-04-04T16:00:00.000Z,70.41
2026-04-04T16:15:00.000Z,74.89
2026-04-04T16:30:00.000Z,76.73
2026-04-04T16:45:00.000Z,81.26
2026-04-04T17:00:00.000Z,80.15
2026-04-04T17:15:00.000Z,81.50
2026-04-04T17:30:00.000Z,82.31
2026-04-04T17:45:00.000Z,82.36
2026-04-04T18:00:00.000Z,71.98
2026-04-04T18:15:00.000Z,74.21
2026-04-04T18:30:00.000Z,81.23
2026-04-04T18:45:00.000Z,84.27
2026-04-04T19:00:00.000Z,79.66
2026-04-04T19:15:00.000Z,75.62
2026-04-04T19:30:00.000Z,73.57
2026-04-04T19:45:00.000Z,79.30
2026-04-04T20:00:00.000Z,72.80
2026-04-04T20:15:00.000Z,72.56
2026-04-04T20:30:00.000Z,86.09
2026-04-04T20:45:00.000Z,67.86
2026-04-04T21:00:00.000Z,82.64
2026-04-04T21:15:00.000Z,76.36
2026-04-04T21:30:00.000Z,67.44
2026-04-04T21:45:00.000Z,58.25
2026-04-04T22:00:00.000Z,49.02
2026-04-04T22:15:00.000Z,48.01
2026-04-04T22:30:00.000Z,47.25
2026-04-04T22:45:00.000Z,47.66
2026-04-04T23:00:00.000Z,47.01
2026-04-04T23:15:00.000Z,46.72
2026-04-04T23:30:00.000Z,46.26
2026-04-04T23:45:00.000Z,46.09
2026-04-05T00:00:00.000Z,47.18
2026-04-05T00:15:00.000Z,47.17
2026-04-05T00:30:00.000Z,47.33
2026-04-05T00:45:00.000Z,47.49
2026-04-05T01:00:00.000Z,49.64
2026-04-05T01:15:00.000Z,50.01
2026-04-05T01:30:00.000Z,50.15
2026-04-05T01:45:00.000Z,49.54
2026-04-05T02:00:00.000Z,52.36
2026-04-05T02:15:00.000Z,52.01
2026-04-05T02:30:00.000Z,52.14
2026-04-05T02:45:00.000Z,52.02
2026-04-05T03:00:00.000Z,53.80
2026-04-05T03:15:00.000Z,53.81
2026-04-05T03:30:00.000Z,54.38
2026-04-05T03:45:00.000Z,54.56
2026-04-05T04:00:00.000Z,53.34
2026-04-05T04:15:00.000Z,53.62
2026-04-05T04:30:00.000Z,52.96
2026-04-05T04:45:00.000Z,52.97
2026-04-05T05:00:00.000Z,50.18
2026-04-05T05:15:00.000Z,50.12
2026-04-05T05:30:00.000Z,50.45
2026-04-05T05:45:00.000Z,51.03
2026-04-05T06:00:00.000Z,50.47
2026-04-05T06:15:00.000Z,51.13
2026-04-05T06:30:00.000Z,51.09
2026-04-05T06:45:00.000Z,51.71
2026-04-05T07:00:00.000Z,50.06
2026-04-05T07:15:00.000Z,49.63
2026-04-05T07:30:00.000Z,49.80
2026-04-05T07:45:00.000Z,50.32
2026-04-05T08:00:00.000Z,50.24
2026-04-05T08:15:00.000Z,49.92
2026-04-05T08:30:00.000Z,50.02
2026-04-05T08:45:00.000Z,49.66
2026-04-05T09:00:00.000Z,50.98
2026-04-05T09:15:00.000Z,50.59
2026-04-05T09:30:00.000Z,50.32
2026-04-05T09:45:00.000Z,49.94
2026-04-05T10:00:00.000Z,49.95
2026-04-05T10:15:00.000Z,51.00
2026-04-05T10:30:00.000Z,50.48
2026-04-05T10:45:00.000Z,48.35
2026-04-05T11:00:00.000Z,49.38
2026-04-05T11:15:00.000Z,47.76
2026-04-05T11:30:00.000Z,46.95
2026-04-05T11:45:00.000Z,45.49
2026-04-05T12:00:00.000Z,48.86
2026-04-05T12:15:00.000Z,48.15
2026-04-05T12:30:00.000Z,47.19
2026-04-05T12:45:00.000Z,45.50
2026-04-05T13:00:00.000Z,48.41
2026-04-05T13:15:00.000Z,47.58
2026-04-05T13:30:00.000Z,46.30
2026-04-05T13:45:00.000Z,45.95
2026-04-05T14:00:00.000Z,45.97
2026-04-05T14:15:00.000Z,46.07
2026-04-05T14:30:00.000Z,46.69
2026-04-05T14:45:00.000Z,48.30
2026-04-05T15:00:00.000Z,49.23
2026-04-05T15:15:00.000Z,50.74
2026-04-05T15:30:00.000Z,51.97
2026-04-05T15:45:00.000Z,54.84
2026-04-05T16:00:00.000Z,52.26
2026-04-05T16:15:00.000Z,53.55
2026-04-05T16:30:00.000Z,55.67
2026-04-05T16:45:00.000Z,59.59
2026-04-05T17:00:00.000Z,57.60
2026-04-05T17:15:00.000Z,59.95
2026-04-05T17:30:00.000Z,62.99
2026-04-05T17:45:00.000Z,62.92
2026-04-05T18:00:00.000Z,68.08
2026-04-05T18:15:00.000Z,65.92
2026-04-05T18:30:00.000Z,63.52
2026-04-05T18:45:00.000Z,62.30
2026-04-05T19:00:00.000Z,67.18
2026-04-05T19:15:00.000Z,63.94
2026-04-05T19:30:00.000Z,62.66
2026-04-05T19:45:00.000Z,61.31
2026-04-05T20:00:00.000Z,70.33
2026-04-05T20:15:00.000Z,69.27
2026-04-05T20:30:00.000Z,69.28
2026-04-05T20:45:00.000Z,68.08
2026-04-05T21:00:00.000Z,70.50
2026-04-05T21:15:00.000Z,68.99
2026-04-05T21:30:00.000Z,67.65
2026-04-05T21:45:00.000Z,65.88
2026-04-05T22:00:00.000Z,63.29
2026-04-05T22:15:00.000Z,63.28
2026-04-05T22:30:00.000Z,62.14
2026-04-05T22:45:00.000Z,61.95
2026-04-05T23:00:00.000Z,63.95
2026-04-05T23:15:00.000Z,63.26
2026-04-05T23:30:00.000Z,61.95
2026-04-05T23:45:00.000Z,60.43
2026-04-06T00:00:00.000Z,61.77
2026-04-06T00:15:00.000Z,60.98
2026-04-06T00:30:00.000Z,60.29
2026-04-06T00:45:00.000Z,59.26
2026-04-06T01:00:00.000Z,59.98
2026-04-06T01:15:00.000Z,59.91
2026-04-06T01:30:00.000Z,60.06
2026-04-06T01:45:00.000Z,59.86
2026-04-06T02:00:00.000Z,51.55
2026-04-06T02:15:00.000Z,52.46
2026-04-06T02:30:00.000Z,53.28
2026-04-06T02:45:00.000Z,52.75
2026-04-06T03:00:00.000Z,53.30
2026-04-06T03:15:00.000Z,53.44
2026-04-06T03:30:00.000Z,53.15
2026-04-06T03:45:00.000Z,51.60
2026-04-06T04:00:00.000Z,60.51
2026-04-06T04:15:00.000Z,60.04
2026-04-06T04:30:00.000Z,60.12
2026-04-06T04:45:00.000Z,59.37
2026-04-06T05:00:00.000Z,59.98
2026-04-06T05:15:00.000Z,58.74
2026-04-06T05:30:00.000Z,58.76
2026-04-06T05:45:00.000Z,57.72
2026-04-06T06:00:00.000Z,58.06
2026-04-06T06:15:00.000Z,57.70
2026-04-06T06:30:00.000Z,56.12
2026-04-06T06:45:00.000Z,53.94
2026-04-06T07:00:00.000Z,58.01
2026-04-06T07:15:00.000Z,55.09
2026-04-06T07:30:00.000Z,45.08
2026-04-06T07:45:00.000Z,42.20
2026-04-06T08:00:00.000Z,48.04
2026-04-06T08:15:00.000Z,38.08
2026-04-06T08:30:00.000Z,37.78
2026-04-06T08:45:00.000Z,37.60
2026-04-06T09:00:00.000Z,36.81
2026-04-06T09:15:00.000Z,36.96
2026-04-06T09:30:00.000Z,37.34
2026-04-06T09:45:00.000Z,37.90
2026-04-06T10:00:00.000Z,40.09
2026-04-06T10:15:00.000Z,39.89
2026-04-06T10:30:00.000Z,39.76
2026-04-06T10:45:00.000Z,39.64
2026-04-06T11:00:00.000Z,37.76
2026-04-06T11:15:00.000Z,37.74
2026-04-06T11:30:00.000Z,37.69
2026-04-06T11:45:00.000Z,37.59
2026-04-06T12:00:00.000Z,37.56
2026-04-06T12:15:00.000Z,37.28
2026-04-06T12:30:00.000Z,37.22
2026-04-06T12:45:00.000Z,37.23
2026-04-06T13:00:00.000Z,37.61
2026-04-06T13:15:00.000Z,37.93
2026-04-06T13:30:00.000Z,38.69
2026-04-06T13:45:00.000Z,39.26
2026-04-06T14:00:00.000Z,39.86
2026-04-06T14:15:00.000Z,41.56
2026-04-06T14:30:00.000Z,43.48
2026-04-06T14:45:00.000Z,43.96
2026-04-06T15:00:00.000Z,42.78
2026-04-06T15:15:00.000Z,46.77
2026-04-06T15:30:00.000Z,56.06
2026-04-06T15:45:00.000Z,61.10
2026-04-06T16:00:00.000Z,55.09
2026-04-06T16:15:00.000Z,60.41
2026-04-06T16:30:00.000Z,76.11
2026-04-06T16:45:00.000Z,79.94
2026-04-06T17:00:00.000Z,75.59
2026-04-06T17:15:00.000Z,73.32
2026-04-06T17:30:00.000Z,71.28
2026-04-06T17:45:00.000Z,68.39
2026-04-06T18:00:00.000Z,64.76
2026-04-06T18:15:00.000Z,65.71
2026-04-06T18:30:00.000Z,65.91
2026-04-06T18:45:00.000Z,66.33
2026-04-06T19:00:00.000Z,65.31
2026-04-06T19:15:00.000Z,65.63
2026-04-06T19:30:00.000Z,65.98
2026-04-06T19:45:00.000Z,65.96
2026-04-06T20:00:00.000Z,66.59
2026-04-06T20:15:00.000Z,67.04
2026-04-06T20:30:00.000Z,68.00
2026-04-06T20:45:00.000Z,73.27
2026-04-06T21:00:00.000Z,68.99
2026-04-06T21:15:00.000Z,71.22
2026-04-06T21:30:00.000Z,75.02
2026-04-06T21:45:00.000Z,75.23
2026-04-06T22:00:00.000Z,67.18
2026-04-06T22:15:00.000Z,68.35
2026-04-06T22:30:00.000Z,68.46
2026-04-06T22:45:00.000Z,69.40
2026-04-06T23:00:00.000Z,69.40
2026-04-06T23:15:00.000Z,69.40
2026-04-06T23:30:00.000Z,71.24
2026-04-06T23:45:00.000Z,72.34
2026-04-07T00:00:00.000Z,70.09
2026-04-07T00:15:00.000Z,71.36
2026-04-07T00:30:00.000Z,72.23
2026-04-07T00:45:00.000Z,71.99
2026-04-07T01:00:00.000Z,70.00
2026-04-07T01:15:00.000Z,71.18
2026-04-07T01:30:00.000Z,71.22
2026-04-07T01:45:00.000Z,72.84
2026-04-07T02:00:00.000Z,76.20
2026-04-07T02:15:00.000Z,73.21
2026-04-07T02:30:00.000Z,76.28
2026-04-07T02:45:00.000Z,73.42
2026-04-07T03:00:00.000Z,82.89
2026-04-07T03:15:00.000Z,75.71
2026-04-07T03:30:00.000Z,72.41
2026-04-07T03:45:00.000Z,71.22
2026-04-07T04:00:00.000Z,84.37
2026-04-07T04:15:00.000Z,73.43
2026-04-07T04:30:00.000Z,69.40
2026-04-07T04:45:00.000Z,68.63
2026-04-07T05:00:00.000Z,71.30
2026-04-07T05:15:00.000Z,77.67
2026-04-07T05:30:00.000Z,69.41
2026-04-07T05:45:00.000Z,84.73
2026-04-07T06:00:00.000Z,69.63
2026-04-07T06:15:00.000Z,89.01
2026-04-07T06:30:00.000Z,100.00
2026-04-07T06:45:00.000Z,108.92
2026-04-07T07:00:00.000Z,131.07
2026-04-07T07:15:00.000Z,130.25
2026-04-07T07:30:00.000Z,128.45
2026-04-07T07:45:00.000Z,123.75
2026-04-07T08:00:00.000Z,122.44
2026-04-07T08:15:00.000Z,117.13
2026-04-07T08:30:00.000Z,106.84
2026-04-07T08:45:00.000Z,104.14
2026-04-07T09:00:00.000Z,99.79
2026-04-07T09:15:00.000Z,98.73
2026-04-07T09:30:00.000Z,94.50
2026-04-07T09:45:00.000Z,92.53
2026-04-07T10:00:00.000Z,96.30
2026-04-07T10:15:00.000Z,92.49
2026-04-07T10:30:00.000Z,91.17
2026-04-07T10:45:00.000Z,90.90
2026-04-07T11:00:00.000Z,88.16
2026-04-07T11:15:00.000Z,86.23
2026-04-07T11:30:00.000Z,85.01
2026-04-07T11:45:00.000Z,83.21
2026-04-07T12:00:00.000Z,80.94
2026-04-07T12:15:00.000Z,78.15
2026-04-07T12:30:00.000Z,78.50
2026-04-07T12:45:00.000Z,79.92
2026-04-07T13:00:00.000Z,75.33
2026-04-07T13:15:00.000Z,74.98
2026-04-07T13:30:00.000Z,74.99
2026-04-07T13:45:00.000Z,75.72
2026-04-07T14:00:00.000Z,94.19
2026-04-07T14:15:00.000Z,88.47
2026-04-07T14:30:00.000Z,83.92
2026-04-07T14:45:00.000Z,101.15
2026-04-07T15:00:00.000Z,123.87
2026-04-07T15:15:00.000Z,129.68
2026-04-07T15:30:00.000Z,112.12
2026-04-07T15:45:00.000Z,108.16
2026-04-07T16:00:00.000Z,104.53
2026-04-07T16:15:00.000Z,94.05
2026-04-07T16:30:00.000Z,92.22
2026-04-07T16:45:00.000Z,90.01
2026-04-07T17:00:00.000Z,90.59
2026-04-07T17:15:00.000Z,87.61
2026-04-07T17:30:00.000Z,83.67
2026-04-07T17:45:00.000Z,77.38
2026-04-07T18:00:00.000Z,85.06
2026-04-07T18:15:00.000Z,80.23
2026-04-07T18:30:00.000Z,72.20
2026-04-07T18:45:00.000Z,85.00
2026-04-07T19:00:00.000Z,68.20
2026-04-07T19:15:00.000Z,71.77
2026-04-07T19:30:00.000Z,77.68
2026-04-07T19:45:00.000Z,85.68
2026-04-07T20:00:00.000Z,71.81
2026-04-07T20:15:00.000Z,73.59
2026-04-07T20:30:00.000Z,74.20
2026-04-07T20:45:00.000Z,80.85
2026-04-07T21:00:00.000Z,78.75
2026-04-07T21:15:00.000Z,82.29
2026-04-07T21:30:00.000Z,83.19
2026-04-07T21:45:00.000Z,84.05
2026-04-07T22:00:00.000Z,95.21
2026-04-07T22:15:00.000Z,97.18
2026-04-07T22:30:00.000Z,100.26
2026-04-07T22:45:00.000Z,102.46
2026-04-07T23:00:00.000Z,99.82
2026-04-07T23:15:00.000Z,100.20
2026-04-07T23:30:00.000Z,101.59
2026-04-07T23:45:00.000Z,101.31
2026-04-08T00:00:00.000Z,112.48
2026-04-08T00:15:00.000Z,113.00
2026-04-08T00:30:00.000Z,113.10
2026-04-08T00:45:00.000Z,115.82
2026-04-08T01:00:00.000Z,120.08
2026-04-08T01:15:00.000Z,119.67
2026-04-08T01:30:00.000Z,119.88
2026-04-08T01:45:00.000Z,118.80
2026-04-08T02:00:00.000Z,122.31
2026-04-08T02:15:00.000Z,120.95
2026-04-08T02:30:00.000Z,120.25
2026-04-08T02:45:00.000Z,114.94
2026-04-08T03:00:00.000Z,115.96
2026-04-08T03:15:00.000Z,113.01
2026-04-08T03:30:00.000Z,111.06
2026-04-08T03:45:00.000Z,109.58
2026-04-08T04:00:00.000Z,105.51
2026-04-08T04:15:00.000Z,93.30
2026-04-08T04:30:00.000Z,83.11
2026-04-08T04:45:00.000Z,77.00
2026-04-08T05:00:00.000Z,153.78
2026-04-08T05:15:00.000Z,153.95
2026-04-08T05:30:00.000Z,140.92
2026-04-08T05:45:00.000Z,114.23
2026-04-08T06:00:00.000Z,159.38
2026-04-08T06:15:00.000Z,107.84
2026-04-08T06:30:00.000Z,100.90
2026-04-08T06:45:00.000Z,118.34
2026-04-08T07:00:00.000Z,114.59
2026-04-08T07:15:00.000Z,115.70
2026-04-08T07:30:00.000Z,140.87
2026-04-08T07:45:00.000Z,144.16
2026-04-08T08:00:00.000Z,120.87
2026-04-08T08:15:00.000Z,126.61
2026-04-08T08:30:00.000Z,128.93
2026-04-08T08:45:00.000Z,131.18
2026-04-08T09:00:00.000Z,119.75
2026-04-08T09:15:00.000Z,111.54
2026-04-08T09:30:00.000Z,103.01
2026-04-08T09:45:00.000Z,96.08
2026-04-08T10:00:00.000Z,123.07
2026-04-08T10:15:00.000Z,121.17
2026-04-08T10:30:00.000Z,120.35
2026-04-08T10:45:00.000Z,119.43
2026-04-08T11:00:00.000Z,119.40
2026-04-08T11:15:00.000Z,118.53
2026-04-08T11:30:00.000Z,119.09
2026-04-08T11:45:00.000Z,120.93
2026-04-08T12:00:00.000Z,117.47
2026-04-08T12:15:00.000Z,117.44
2026-04-08T12:30:00.000Z,118.28
2026-04-08T12:45:00.000Z,119.78
2026-04-08T13:00:00.000Z,108.68
2026-04-08T13:15:00.000Z,110.39
2026-04-08T13:30:00.000Z,113.12
2026-04-08T13:45:00.000Z,111.88
2026-04-08T14:00:00.000Z,117.44
2026-04-08T14:15:00.000Z,117.46
2026-04-08T14:30:00.000Z,117.47
2026-04-08T14:45:00.000Z,115.09
2026-04-08T15:00:00.000Z,127.37
2026-04-08T15:15:00.000Z,128.24
2026-04-08T15:30:00.000Z,112.67
2026-04-08T15:45:00.000Z,93.04
2026-04-08T16:00:00.000Z,102.41
2026-04-08T16:15:00.000Z,90.52
2026-04-08T16:30:00.000Z,83.10
2026-04-08T16:45:00.000Z,70.84
2026-04-08T17:00:00.000Z,83.48
2026-04-08T17:15:00.000Z,72.99
2026-04-08T17:30:00.000Z,69.22
2026-04-08T17:45:00.000Z,75.67
2026-04-08T18:00:00.000Z,73.10
2026-04-08T18:15:00.000Z,70.81
2026-04-08T18:30:00.000Z,77.85
2026-04-08T18:45:00.000Z,80.56
2026-04-08T19:00:00.000Z,66.62
2026-04-08T19:15:00.000Z,76.25
2026-04-08T19:30:00.000Z,77.10
2026-04-08T19:45:00.000Z,83.54
2026-04-08T20:00:00.000Z,81.85
2026-04-08T20:15:00.000Z,78.23
2026-04-08T20:30:00.000Z,75.43
2026-04-08T20:45:00.000Z,79.18
2026-04-08T21:00:00.000Z,82.92
2026-04-08T21:15:00.000Z,82.73
2026-04-08T21:30:00.000Z,81.42
2026-04-08T21:45:00.000Z,83.41
2026-04-08T22:00:00.000Z,97.01
2026-04-08T22:15:00.000Z,97.41
2026-04-08T22:30:00.000Z,100.24
2026-04-08T22:45:00.000Z,101.11
2026-04-08T23:00:00.000Z,100.50
2026-04-08T23:15:00.000Z,99.09
2026-04-08T23:30:00.000Z,99.32
2026-04-08T23:45:00.000Z,99.12
2026-04-09T00:00:00.000Z,98.30
2026-04-09T00:15:00.000Z,97.00
2026-04-09T00:30:00.000Z,96.11
2026-04-09T00:45:00.000Z,94.81
2026-04-09T01:00:00.000Z,98.50
2026-04-09T01:15:00.000Z,96.74
2026-04-09T01:30:00.000Z,95.19
2026-04-09T01:45:00.000Z,91.94
2026-04-09T02:00:00.000Z,89.48
2026-04-09T02:15:00.000Z,85.85
2026-04-09T02:30:00.000Z,87.76
2026-04-09T02:45:00.000Z,88.62
2026-04-09T03:00:00.000Z,89.49
2026-04-09T03:15:00.000Z,87.43
2026-04-09T03:30:00.000Z,84.60
2026-04-09T03:45:00.000Z,87.42
2026-04-09T04:00:00.000Z,84.48
2026-04-09T04:15:00.000Z,80.62
2026-04-09T04:30:00.000Z,78.16
2026-04-09T04:45:00.000Z,77.54
2026-04-09T05:00:00.000Z,76.26
2026-04-09T05:15:00.000Z,77.31
2026-04-09T05:30:00.000Z,80.68
2026-04-09T05:45:00.000Z,89.98
2026-04-09T06:00:00.000Z,61.23
2026-04-09T06:15:00.000Z,82.57
2026-04-09T06:30:00.000Z,94.06
2026-04-09T06:45:00.000Z,108.35
2026-04-09T07:00:00.000Z,85.35
2026-04-09T07:15:00.000Z,97.30
2026-04-09T07:30:00.000Z,110.22
2026-04-09T07:45:00.000Z,122.01
2026-04-09T08:00:00.000Z,131.81
2026-04-09T08:15:00.000Z,133.43
2026-04-09T08:30:00.000Z,138.16
2026-04-09T08:45:00.000Z,136.65
2026-04-09T09:00:00.000Z,92.44
2026-04-09T09:15:00.000Z,91.18
2026-04-09T09:30:00.000Z,89.27
2026-04-09T09:45:00.000Z,89.69
2026-04-09T10:00:00.000Z,94.10
2026-04-09T10:15:00.000Z,90.47
2026-04-09T10:30:00.000Z,85.82
2026-04-09T10:45:00.000Z,86.83
2026-04-09T11:00:00.000Z,80.13
2026-04-09T11:15:00.000Z,82.06
2026-04-09T11:30:00.000Z,81.50
2026-04-09T11:45:00.000Z,78.63
2026-04-09T12:00:00.000Z,84.99
2026-04-09T12:15:00.000Z,86.35
2026-04-09T12:30:00.000Z,87.80
2026-04-09T12:45:00.000Z,88.18
2026-04-09T13:00:00.000Z,79.88
2026-04-09T13:15:00.000Z,80.91
2026-04-09T13:30:00.000Z,81.58
2026-04-09T13:45:00.000Z,87.47
2026-04-09T14:00:00.000Z,77.44
2026-04-09T14:15:00.000Z,84.12
2026-04-09T14:30:00.000Z,112.20
2026-04-09T14:45:00.000Z,113.68
2026-04-09T15:00:00.000Z,109.97
2026-04-09T15:15:00.000Z,107.82
2026-04-09T15:30:00.000Z,97.55
2026-04-09T15:45:00.000Z,89.35
2026-04-09T16:00:00.000Z,106.00
2026-04-09T16:15:00.000Z,93.81
2026-04-09T16:30:00.000Z,88.10
2026-04-09T16:45:00.000Z,85.25
2026-04-09T17:00:00.000Z,88.10
2026-04-09T17:15:00.000Z,88.49
2026-04-09T17:30:00.000Z,88.79
2026-04-09T17:45:00.000Z,87.24
2026-04-09T18:00:00.000Z,85.98
2026-04-09T18:15:00.000Z,90.56
2026-04-09T18:30:00.000Z,100.48
2026-04-09T18:45:00.000Z,105.15
2026-04-09T19:00:00.000Z,91.99
2026-04-09T19:15:00.000Z,98.19
2026-04-09T19:30:00.000Z,106.24
2026-04-09T19:45:00.000Z,119.01
2026-04-09T20:00:00.000Z,100.82
2026-04-09T20:15:00.000Z,108.58
2026-04-09T20:30:00.000Z,116.00
2026-04-09T20:45:00.000Z,122.80
2026-04-09T21:00:00.000Z,120.06
2026-04-09T21:15:00.000Z,122.03
2026-04-09T21:30:00.000Z,119.96
2026-04-09T21:45:00.000Z,114.58
2026-04-09T22:00:00.000Z,99.96
2026-04-09T22:15:00.000Z,101.35
2026-04-09T22:30:00.000Z,102.57
2026-04-09T22:45:00.000Z,105.58
2026-04-09T23:00:00.000Z,93.50
2026-04-09T23:15:00.000Z,97.34
2026-04-09T23:30:00.000Z,99.43
2026-04-09T23:45:00.000Z,101.29
2026-04-10T00:00:00.000Z,100.76
2026-04-10T00:15:00.000Z,102.74
2026-04-10T00:30:00.000Z,108.29
2026-04-10T00:45:00.000Z,107.98
2026-04-10T01:00:00.000Z,105.67
2026-04-10T01:15:00.000Z,105.78
2026-04-10T01:30:00.000Z,105.66
2026-04-10T01:45:00.000Z,105.30
2026-04-10T02:00:00.000Z,112.45
2026-04-10T02:15:00.000Z,112.21
2026-04-10T02:30:00.000Z,106.79
2026-04-10T02:45:00.000Z,99.31
2026-04-10T03:00:00.000Z,110.01
2026-04-10T03:15:00.000Z,105.31
2026-04-10T03:30:00.000Z,93.17
2026-04-10T03:45:00.000Z,90.60
2026-04-10T04:00:00.000Z,102.38
2026-04-10T04:15:00.000Z,90.13
2026-04-10T04:30:00.000Z,90.34
2026-04-10T04:45:00.000Z,89.28
2026-04-10T05:00:00.000Z,85.71
2026-04-10T05:15:00.000Z,85.90
2026-04-10T05:30:00.000Z,89.72
2026-04-10T05:45:00.000Z,94.29
2026-04-10T06:00:00.000Z,78.61
2026-04-10T06:15:00.000Z,87.18
2026-04-10T06:30:00.000Z,98.17
2026-04-10T06:45:00.000Z,111.07
2026-04-10T07:00:00.000Z,98.27
2026-04-10T07:15:00.000Z,122.96
2026-04-10T07:30:00.000Z,125.56
2026-04-10T07:45:00.000Z,127.10
2026-04-10T08:00:00.000Z,124.88
2026-04-10T08:15:00.000Z,123.56
2026-04-10T08:30:00.000Z,123.08
2026-04-10T08:45:00.000Z,125.34
2026-04-10T09:00:00.000Z,122.49
2026-04-10T09:15:00.000Z,126.56
2026-04-10T09:30:00.000Z,127.33
2026-04-10T09:45:00.000Z,126.61
2026-04-10T10:00:00.000Z,122.81
2026-04-10T10:15:00.000Z,119.06
2026-04-10T10:30:00.000Z,121.86
2026-04-10T10:45:00.000Z,121.15
2026-04-10T11:00:00.000Z,122.93
2026-04-10T11:15:00.000Z,120.69
2026-04-10T11:30:00.000Z,121.43
2026-04-10T11:45:00.000Z,118.44
2026-04-10T12:00:00.000Z,121.58
2026-04-10T12:15:00.000Z,122.55
2026-04-10T12:30:00.000Z,121.80
2026-04-10T12:45:00.000Z,122.27
2026-04-10T13:00:00.000Z,118.94
2026-04-10T13:15:00.000Z,120.59
2026-04-10T13:30:00.000Z,122.10
2026-04-10T13:45:00.000Z,122.96
2026-04-10T14:00:00.000Z,127.37
2026-04-10T14:15:00.000Z,120.36
2026-04-10T14:30:00.000Z,105.53
2026-04-10T14:45:00.000Z,93.38
2026-04-10T15:00:00.000Z,105.87
2026-04-10T15:15:00.000Z,95.38
2026-04-10T15:30:00.000Z,89.53
2026-04-10T15:45:00.000Z,79.68
2026-04-10T16:00:00.000Z,96.20
2026-04-10T16:15:00.000Z,96.42
2026-04-10T16:30:00.000Z,83.93
2026-04-10T16:45:00.000Z,59.70
2026-04-10T17:00:00.000Z,82.74
2026-04-10T17:15:00.000Z,69.27
2026-04-10T17:30:00.000Z,65.48
2026-04-10T17:45:00.000Z,68.33
2026-04-10T18:00:00.000Z,56.07
2026-04-10T18:15:00.000Z,66.32
2026-04-10T18:30:00.000Z,74.86
2026-04-10T18:45:00.000Z,83.36
2026-04-10T19:00:00.000Z,68.99
2026-04-10T19:15:00.000Z,76.21
2026-04-10T19:30:00.000Z,80.52
2026-04-10T19:45:00.000Z,92.02
2026-04-10T20:00:00.000Z,92.02
2026-04-10T20:15:00.000Z,92.02
2026-04-10T20:30:00.000Z,81.18
2026-04-10T20:45:00.000Z,88.61
2026-04-10T21:00:00.000Z,85.66
2026-04-10T21:15:00.000Z,92.02
2026-04-10T21:30:00.000Z,92.23
2026-04-10T21:45:00.000Z,92.46
2026-04-10T22:00:00.000Z,91.99
2026-04-10T22:15:00.000Z,93.95
2026-04-10T22:30:00.000Z,95.87
2026-04-10T22:45:00.000Z,95.43
2026-04-10T23:00:00.000Z,87.08
2026-04-10T23:15:00.000Z,93.94
2026-04-10T23:30:00.000Z,95.15
2026-04-10T23:45:00.000Z,93.82
2026-04-11T00:00:00.000Z,86.00
2026-04-11T00:15:00.000Z,87.59
2026-04-11T00:30:00.000Z,90.86
2026-04-11T00:45:00.000Z,95.31
2026-04-11T01:00:00.000Z,86.17
2026-04-11T01:15:00.000Z,88.36
2026-04-11T01:30:00.000Z,89.80
2026-04-11T01:45:00.000Z,90.15
2026-04-11T02:00:00.000Z,87.53
2026-04-11T02:15:00.000Z,87.96
2026-04-11T02:30:00.000Z,87.72
2026-04-11T02:45:00.000Z,88.27
2026-04-11T03:00:00.000Z,87.80
2026-04-11T03:15:00.000Z,86.80
2026-04-11T03:30:00.000Z,87.05
2026-04-11T03:45:00.000Z,88.60
2026-04-11T04:00:00.000Z,87.38
2026-04-11T04:15:00.000Z,87.69
2026-04-11T04:30:00.000Z,87.21
2026-04-11T04:45:00.000Z,91.63
2026-04-11T05:00:00.000Z,94.28
2026-04-11T05:15:00.000Z,91.67
2026-04-11T05:30:00.000Z,100.85
2026-04-11T05:45:00.000Z,109.75
2026-04-11T06:00:00.000Z,104.91
2026-04-11T06:15:00.000Z,113.04
2026-04-11T06:30:00.000Z,118.91
2026-04-11T06:45:00.000Z,107.45
2026-04-11T07:00:00.000Z,112.02
2026-04-11T07:15:00.000Z,104.41
2026-04-11T07:30:00.000Z,100.83
2026-04-11T07:45:00.000Z,90.53
2026-04-11T08:00:00.000Z,98.06
2026-04-11T08:15:00.000Z,91.45
2026-04-11T08:30:00.000Z,90.92
2026-04-11T08:45:00.000Z,80.42
2026-04-11T09:00:00.000Z,102.16
2026-04-11T09:15:00.000Z,98.16
2026-04-11T09:30:00.000Z,90.81
2026-04-11T09:45:00.000Z,81.23
2026-04-11T10:00:00.000Z,99.51
2026-04-11T10:15:00.000Z,93.01
2026-04-11T10:30:00.000Z,80.69
2026-04-11T10:45:00.000Z,78.21
2026-04-11T11:00:00.000Z,98.86
2026-04-11T11:15:00.000Z,97.99
2026-04-11T11:30:00.000Z,97.94
2026-04-11T11:45:00.000Z,97.06
2026-04-11T12:00:00.000Z,89.90
2026-04-11T12:15:00.000Z,88.91
2026-04-11T12:30:00.000Z,85.59
2026-04-11T12:45:00.000Z,87.07
2026-04-11T13:00:00.000Z,88.63
2026-04-11T13:15:00.000Z,83.78
2026-04-11T13:30:00.000Z,82.44
2026-04-11T13:45:00.000Z,86.51
2026-04-11T14:00:00.000Z,85.00
2026-04-11T14:15:00.000Z,87.70
2026-04-11T14:30:00.000Z,89.64
2026-04-11T14:45:00.000Z,89.28
2026-04-11T15:00:00.000Z,89.23
2026-04-11T15:15:00.000Z,89.79
2026-04-11T15:30:00.000Z,90.74
2026-04-11T15:45:00.000Z,92.35
2026-04-11T16:00:00.000Z,92.25
2026-04-11T16:15:00.000Z,103.04
2026-04-11T16:30:00.000Z,112.76
2026-04-11T16:45:00.000Z,113.60
2026-04-11T17:00:00.000Z,119.76
2026-04-11T17:15:00.000Z,119.16
2026-04-11T17:30:00.000Z,118.03
2026-04-11T17:45:00.000Z,123.46
2026-04-11T18:00:00.000Z,122.21
2026-04-11T18:15:00.000Z,113.88
2026-04-11T18:30:00.000Z,119.98
2026-04-11T18:45:00.000Z,117.42
2026-04-11T19:00:00.000Z,119.30
2026-04-11T19:15:00.000Z,118.79
2026-04-11T19:30:00.000Z,117.37
2026-04-11T19:45:00.000Z,117.54
2026-04-11T20:00:00.000Z,122.66
2026-04-11T20:15:00.000Z,123.13
2026-04-11T20:30:00.000Z,122.90
2026-04-11T20:45:00.000Z,120.42
2026-04-11T21:00:00.000Z,118.91
2026-04-11T21:15:00.000Z,118.39
2026-04-11T21:30:00.000Z,118.82
2026-04-11T21:45:00.000Z,117.89
2026-04-11T22:00:00.000Z,94.27
2026-04-11T22:15:00.000Z,94.53
2026-04-11T22:30:00.000Z,95.48
2026-04-11T22:45:00.000Z,94.52
2026-04-11T23:00:00.000Z,93.64
2026-04-11T23:15:00.000Z,92.58
2026-04-11T23:30:00.000Z,93.29
2026-04-11T23:45:00.000Z,94.39
2026-04-12T00:00:00.000Z,95.78
2026-04-12T00:15:00.000Z,96.49
2026-04-12T00:30:00.000Z,97.41
2026-04-12T00:45:00.000Z,97.46
2026-04-12T01:00:00.000Z,111.46
2026-04-12T01:15:00.000Z,115.10
2026-04-12T01:30:00.000Z,112.84
2026-04-12T01:45:00.000Z,109.87
2026-04-12T02:00:00.000Z,98.29
2026-04-12T02:15:00.000Z,99.90
2026-04-12T02:30:00.000Z,102.86
2026-04-12T02:45:00.000Z,103.19
2026-04-12T03:00:00.000Z,104.22
2026-04-12T03:15:00.000Z,104.67
2026-04-12T03:30:00.000Z,105.88
2026-04-12T03:45:00.000Z,105.65
2026-04-12T04:00:00.000Z,99.27
2026-04-12T04:15:00.000Z,101.36
2026-04-12T04:30:00.000Z,108.52
2026-04-12T04:45:00.000Z,117.86
2026-04-12T05:00:00.000Z,93.68
2026-04-12T05:15:00.000Z,108.56
2026-04-12T05:30:00.000Z,120.08
2026-04-12T05:45:00.000Z,117.69
2026-04-12T06:00:00.000Z,123.44
2026-04-12T06:15:00.000Z,113.85
2026-04-12T06:30:00.000Z,108.99
2026-04-12T06:45:00.000Z,104.12
2026-04-12T07:00:00.000Z,103.51
2026-04-12T07:15:00.000Z,101.42
2026-04-12T07:30:00.000Z,98.58
2026-04-12T07:45:00.000Z,97.15
2026-04-12T08:00:00.000Z,100.57
2026-04-12T08:15:00.000Z,90.83
2026-04-12T08:30:00.000Z,90.76
2026-04-12T08:45:00.000Z,89.23
2026-04-12T09:00:00.000Z,91.03
2026-04-12T09:15:00.000Z,90.00
2026-04-12T09:30:00.000Z,89.43
2026-04-12T09:45:00.000Z,89.61
2026-04-12T10:00:00.000Z,93.31
2026-04-12T10:15:00.000Z,92.83
2026-04-12T10:30:00.000Z,92.53
2026-04-12T10:45:00.000Z,91.77
2026-04-12T11:00:00.000Z,92.37
2026-04-12T11:15:00.000Z,92.34
2026-04-12T11:30:00.000Z,92.16
2026-04-12T11:45:00.000Z,92.03
2026-04-12T12:00:00.000Z,86.65
2026-04-12T12:15:00.000Z,89.07
2026-04-12T12:30:00.000Z,90.56
2026-04-12T12:45:00.000Z,90.68
2026-04-12T13:00:00.000Z,75.00
2026-04-12T13:15:00.000Z,81.60
2026-04-12T13:30:00.000Z,91.84
2026-04-12T13:45:00.000Z,104.32
2026-04-12T14:00:00.000Z,91.10
2026-04-12T14:15:00.000Z,99.33
2026-04-12T14:30:00.000Z,106.43
2026-04-12T14:45:00.000Z,110.06
2026-04-12T15:00:00.000Z,103.92
2026-04-12T15:15:00.000Z,106.66
2026-04-12T15:30:00.000Z,109.36
2026-04-12T15:45:00.000Z,111.26
2026-04-12T16:00:00.000Z,103.14
2026-04-12T16:15:00.000Z,95.63
2026-04-12T16:30:00.000Z,77.97
2026-04-12T16:45:00.000Z,60.95
2026-04-12T17:00:00.000Z,71.27
2026-04-12T17:15:00.000Z,71.21
2026-04-12T17:30:00.000Z,68.31
2026-04-12T17:45:00.000Z,72.12
2026-04-12T18:00:00.000Z,62.25
2026-04-12T18:15:00.000Z,64.01
2026-04-12T18:30:00.000Z,72.85
2026-04-12T18:45:00.000Z,81.60
2026-04-12T19:00:00.000Z,75.00
2026-04-12T19:15:00.000Z,77.89
2026-04-12T19:30:00.000Z,78.14
2026-04-12T19:45:00.000Z,81.60
2026-04-12T20:00:00.000Z,75.71
2026-04-12T20:15:00.000Z,77.34
2026-04-12T20:30:00.000Z,88.71
2026-04-12T20:45:00.000Z,99.93
2026-04-12T21:00:00.000Z,97.25
2026-04-12T21:15:00.000Z,101.66
2026-04-12T21:30:00.000Z,105.23
2026-04-12T21:45:00.000Z,107.85
2026-04-12T22:00:00.000Z,115.67
2026-04-12T22:15:00.000Z,115.48
2026-04-12T22:30:00.000Z,113.53
2026-04-12T22:45:00.000Z,111.77
2026-04-12T23:00:00.000Z,112.19
2026-04-12T23:15:00.000Z,109.98
2026-04-12T23:30:00.000Z,109.87
2026-04-12T23:45:00.000Z,108.77
2026-04-13T00:00:00.000Z,111.43
2026-04-13T00:15:00.000Z,110.73
2026-04-13T00:30:00.000Z,111.34
2026-04-13T00:45:00.000Z,111.92
2026-04-13T01:00:00.000Z,126.36
2026-04-13T01:15:00.000Z,126.32
2026-04-13T01:30:00.000Z,126.29
2026-04-13T01:45:00.000Z,125.43
2026-04-13T02:00:00.000Z,129.93
2026-04-13T02:15:00.000Z,129.92
2026-04-13T02:30:00.000Z,129.89
2026-04-13T02:45:00.000Z,130.00
2026-04-13T03:00:00.000Z,131.13
2026-04-13T03:15:00.000Z,127.30
2026-04-13T03:30:00.000Z,125.52
2026-04-13T03:45:00.000Z,120.36
2026-04-13T04:00:00.000Z,116.82
2026-04-13T04:15:00.000Z,120.37
2026-04-13T04:30:00.000Z,119.47
2026-04-13T04:45:00.000Z,117.59
2026-04-13T05:00:00.000Z,131.51
2026-04-13T05:15:00.000Z,124.56
2026-04-13T05:30:00.000Z,125.45
2026-04-13T05:45:00.000Z,116.77
2026-04-13T06:00:00.000Z,222.96
2026-04-13T06:15:00.000Z,184.00
2026-04-13T06:30:00.000Z,172.89
2026-04-13T06:45:00.000Z,167.20
2026-04-13T07:00:00.000Z,203.72
2026-04-13T07:15:00.000Z,191.33
2026-04-13T07:30:00.000Z,167.80
2026-04-13T07:45:00.000Z,159.33
2026-04-13T08:00:00.000Z,199.04
2026-04-13T08:15:00.000Z,164.17
2026-04-13T08:30:00.000Z,162.19
2026-04-13T08:45:00.000Z,161.03
2026-04-13T09:00:00.000Z,147.01
2026-04-13T09:15:00.000Z,146.25
2026-04-13T09:30:00.000Z,146.49
2026-04-13T09:45:00.000Z,149.28
2026-04-13T10:00:00.000Z,145.95
2026-04-13T10:15:00.000Z,145.78
2026-04-13T10:30:00.000Z,146.24
2026-04-13T10:45:00.000Z,150.88
2026-04-13T11:00:00.000Z,144.20
2026-04-13T11:15:00.000Z,145.82
2026-04-13T11:30:00.000Z,146.21
2026-04-13T11:45:00.000Z,147.71
2026-04-13T12:00:00.000Z,146.91
2026-04-13T12:15:00.000Z,146.04
2026-04-13T12:30:00.000Z,145.24
2026-04-13T12:45:00.000Z,142.84
2026-04-13T13:00:00.000Z,143.79
2026-04-13T13:15:00.000Z,142.85
2026-04-13T13:30:00.000Z,141.74
2026-04-13T13:45:00.000Z,142.94
2026-04-13T14:00:00.000Z,146.54
2026-04-13T14:15:00.000Z,146.51
2026-04-13T14:30:00.000Z,145.37
2026-04-13T14:45:00.000Z,145.45
2026-04-13T15:00:00.000Z,159.46
2026-04-13T15:15:00.000Z,157.97
2026-04-13T15:30:00.000Z,162.29
2026-04-13T15:45:00.000Z,164.67
2026-04-13T16:00:00.000Z,162.34
2026-04-13T16:15:00.000Z,174.03
2026-04-13T16:30:00.000Z,175.61
2026-04-13T16:45:00.000Z,177.93
2026-04-13T17:00:00.000Z,170.81
2026-04-13T17:15:00.000Z,185.00
2026-04-13T17:30:00.000Z,165.44
2026-04-13T17:45:00.000Z,156.09
2026-04-13T18:00:00.000Z,163.81
2026-04-13T18:15:00.000Z,159.33
2026-04-13T18:30:00.000Z,161.27
2026-04-13T18:45:00.000Z,167.94
2026-04-13T19:00:00.000Z,165.60
2026-04-13T19:15:00.000Z,166.08
2026-04-13T19:30:00.000Z,169.28
2026-04-13T19:45:00.000Z,169.78
2026-04-13T20:00:00.000Z,164.22
2026-04-13T20:15:00.000Z,166.59
2026-04-13T20:30:00.000Z,170.65
2026-04-13T20:45:00.000Z,171.81
2026-04-13T21:00:00.000Z,164.43
2026-04-13T21:15:00.000Z,166.93
2026-04-13T21:30:00.000Z,165.28
2026-04-13T21:45:00.000Z,165.75
2026-04-13T22:00:00.000Z,194.76
2026-04-13T22:15:00.000Z,188.94
2026-04-13T22:30:00.000Z,187.98
2026-04-13T22:45:00.000Z,187.13
2026-04-13T23:00:00.000Z,191.74
2026-04-13T23:15:00.000Z,188.85
2026-04-13T23:30:00.000Z,187.56
2026-04-13T23:45:00.000Z,186.54
2026-04-14T00:00:00.000Z,183.54
2026-04-14T00:15:00.000Z,181.06
2026-04-14T00:30:00.000Z,178.72
2026-04-14T00:45:00.000Z,179.71
2026-04-14T01:00:00.000Z,180.08
2026-04-14T01:15:00.000Z,178.82
2026-04-14T01:30:00.000Z,180.08
2026-04-14T01:45:00.000Z,175.96
2026-04-14T02:00:00.000Z,167.90
2026-04-14T02:15:00.000Z,169.46
2026-04-14T02:30:00.000Z,169.45
2026-04-14T02:45:00.000Z,166.29
2026-04-14T03:00:00.000Z,171.55
2026-04-14T03:15:00.000Z,174.14
2026-04-14T03:30:00.000Z,169.70
2026-04-14T03:45:00.000Z,158.49
2026-04-14T04:00:00.000Z,187.54
2026-04-14T04:15:00.000Z,187.40
2026-04-14T04:30:00.000Z,175.12
2026-04-14T04:45:00.000Z,168.38
2026-04-14T05:00:00.000Z,226.45
2026-04-14T05:15:00.000Z,208.96
2026-04-14T05:30:00.000Z,217.67
2026-04-14T05:45:00.000Z,201.24
2026-04-14T06:00:00.000Z,251.48
2026-04-14T06:15:00.000Z,232.38
2026-04-14T06:30:00.000Z,184.08
2026-04-14T06:45:00.000Z,188.14
2026-04-14T07:00:00.000Z,196.47
2026-04-14T07:15:00.000Z,181.97
2026-04-14T07:30:00.000Z,183.14
2026-04-14T07:45:00.000Z,183.84
2026-04-14T08:00:00.000Z,164.96
2026-04-14T08:15:00.000Z,176.11
2026-04-14T08:30:00.000Z,176.52
2026-04-14T08:45:00.000Z,178.99
2026-04-14T09:00:00.000Z,166.22
2026-04-14T09:15:00.000Z,169.03
2026-04-14T09:30:00.000Z,174.94
2026-04-14T09:45:00.000Z,183.66
2026-04-14T10:00:00.000Z,183.11
2026-04-14T10:15:00.000Z,186.87
2026-04-14T10:30:00.000Z,189.38
2026-04-14T10:45:00.000Z,190.88
2026-04-14T11:00:00.000Z,186.37
2026-04-14T11:15:00.000Z,184.75
2026-04-14T11:30:00.000Z,182.86
2026-04-14T11:45:00.000Z,182.15
2026-04-14T12:00:00.000Z,191.92
2026-04-14T12:15:00.000Z,194.63
2026-04-14T12:30:00.000Z,189.22
2026-04-14T12:45:00.000Z,191.89
2026-04-14T13:00:00.000Z,185.51
2026-04-14T13:15:00.000Z,190.40
2026-04-14T13:30:00.000Z,184.82
2026-04-14T13:45:00.000Z,175.63
2026-04-14T14:00:00.000Z,200.13
2026-04-14T14:15:00.000Z,187.68
2026-04-14T14:30:00.000Z,184.20
2026-04-14T14:45:00.000Z,167.27
2026-04-14T15:00:00.000Z,186.45
2026-04-14T15:15:00.000Z,181.93
2026-04-14T15:30:00.000Z,183.72
2026-04-14T15:45:00.000Z,181.66
2026-04-14T16:00:00.000Z,187.43
2026-04-14T16:15:00.000Z,201.61
2026-04-14T16:30:00.000Z,216.12
2026-04-14T16:45:00.000Z,249.71
2026-04-14T17:00:00.000Z,206.46
2026-04-14T17:15:00.000Z,238.70
2026-04-14T17:30:00.000Z,299.74
2026-04-14T17:45:00.000Z,373.85
2026-04-14T18:00:00.000Z,323.12
2026-04-14T18:15:00.000Z,329.09
2026-04-14T18:30:00.000Z,290.55
2026-04-14T18:45:00.000Z,257.25
2026-04-14T19:00:00.000Z,323.39
2026-04-14T19:15:00.000Z,314.17
2026-04-14T19:30:00.000Z,286.98
2026-04-14T19:45:00.000Z,235.47
2026-04-14T20:00:00.000Z,289.97
2026-04-14T20:15:00.000Z,233.24
2026-04-14T20:30:00.000Z,196.63
2026-04-14T20:45:00.000Z,190.17
2026-04-14T21:00:00.000Z,201.41
2026-04-14T21:15:00.000Z,190.03
2026-04-14T21:30:00.000Z,186.20
2026-04-14T21:45:00.000Z,181.97
2026-04-14T22:00:00.000Z,170.95
2026-04-14T22:15:00.000Z,170.33
2026-04-14T22:30:00.000Z,166.54
2026-04-14T22:45:00.000Z,160.70
2026-04-14T23:00:00.000Z,166.46
2026-04-14T23:15:00.000Z,162.25
2026-04-14T23:30:00.000Z,156.68
2026-04-14T23:45:00.000Z,153.86
2026-04-15T00:00:00.000Z,160.02
2026-04-15T00:15:00.000Z,155.00
2026-04-15T00:30:00.000Z,151.82
2026-04-15T00:45:00.000Z,144.55
2026-04-15T01:00:00.000Z,159.16
2026-04-15T01:15:00.000Z,155.00
2026-04-15T01:30:00.000Z,150.26
2026-04-15T01:45:00.000Z,149.90
2026-04-15T02:00:00.000Z,159.99
2026-04-15T02:15:00.000Z,156.20
2026-04-15T02:30:00.000Z,153.31
2026-04-15T02:45:00.000Z,147.19
2026-04-15T03:00:00.000Z,166.31
2026-04-15T03:15:00.000Z,159.97
2026-04-15T03:30:00.000Z,143.45
2026-04-15T03:45:00.000Z,130.04
2026-04-15T04:00:00.000Z,124.87
2026-04-15T04:15:00.000Z,122.38
2026-04-15T04:30:00.000Z,118.83
2026-04-15T04:45:00.000Z,119.92
2026-04-15T05:00:00.000Z,149.96
2026-04-15T05:15:00.000Z,148.04
2026-04-15T05:30:00.000Z,137.20
2026-04-15T05:45:00.000Z,132.99
2026-04-15T06:00:00.000Z,149.51
2026-04-15T06:15:00.000Z,144.14
2026-04-15T06:30:00.000Z,178.21
2026-04-15T06:45:00.000Z,167.95
2026-04-15T07:00:00.000Z,232.70
2026-04-15T07:15:00.000Z,217.35
2026-04-15T07:30:00.000Z,169.06
2026-04-15T07:45:00.000Z,176.89
2026-04-15T08:00:00.000Z,159.19
2026-04-15T08:15:00.000Z,158.86
2026-04-15T08:30:00.000Z,155.00
2026-04-15T08:45:00.000Z,176.63
2026-04-15T09:00:00.000Z,196.06
2026-04-15T09:15:00.000Z,163.73
2026-04-15T09:30:00.000Z,176.58
2026-04-15T09:45:00.000Z,146.94
2026-04-15T10:00:00.000Z,140.69
2026-04-15T10:15:00.000Z,144.87
2026-04-15T10:30:00.000Z,147.78
2026-04-15T10:45:00.000Z,145.55
2026-04-15T11:00:00.000Z,143.98
2026-04-15T11:15:00.000Z,142.45
2026-04-15T11:30:00.000Z,142.43
2026-04-15T11:45:00.000Z,143.42
2026-04-15T12:00:00.000Z,151.32
2026-04-15T12:15:00.000Z,168.39
2026-04-15T12:30:00.000Z,173.29
2026-04-15T12:45:00.000Z,149.97
2026-04-15T13:00:00.000Z,176.17
2026-04-15T13:15:00.000Z,173.44
2026-04-15T13:30:00.000Z,158.03
2026-04-15T13:45:00.000Z,140.01
2026-04-15T14:00:00.000Z,171.50
2026-04-15T14:15:00.000Z,154.95
2026-04-15T14:30:00.000Z,138.03
2026-04-15T14:45:00.000Z,134.74
2026-04-15T15:00:00.000Z,144.74
2026-04-15T15:15:00.000Z,139.68
2026-04-15T15:30:00.000Z,141.95
2026-04-15T15:45:00.000Z,132.07
2026-04-15T16:00:00.000Z,126.39
2026-04-15T16:15:00.000Z,124.01
2026-04-15T16:30:00.000Z,130.17
2026-04-15T16:45:00.000Z,119.51
2026-04-15T17:00:00.000Z,127.64
2026-04-15T17:15:00.000Z,123.87
2026-04-15T17:30:00.000Z,105.01
2026-04-15T17:45:00.000Z,92.70
2026-04-15T18:00:00.000Z,91.46
2026-04-15T18:15:00.000Z,100.13
2026-04-15T18:30:00.000Z,110.38
2026-04-15T18:45:00.000Z,133.70
2026-04-15T19:00:00.000Z,111.39
2026-04-15T19:15:00.000Z,132.11
2026-04-15T19:30:00.000Z,135.22
2026-04-15T19:45:00.000Z,133.59
2026-04-15T20:00:00.000Z,134.62
2026-04-15T20:15:00.000Z,132.85
2026-04-15T20:30:00.000Z,132.76
2026-04-15T20:45:00.000Z,134.22
2026-04-15T21:00:00.000Z,131.73
2026-04-15T21:15:00.000Z,131.47
2026-04-15T21:30:00.000Z,137.36
2026-04-15T21:45:00.000Z,142.69
2026-04-15T22:00:00.000Z,121.74
2026-04-15T22:15:00.000Z,124.57
2026-04-15T22:30:00.000Z,125.40
2026-04-15T22:45:00.000Z,124.91
2026-04-15T23:00:00.000Z,123.53
2026-04-15T23:15:00.000Z,122.77
2026-04-15T23:30:00.000Z,121.65
2026-04-15T23:45:00.000Z,120.85
2026-04-16T00:00:00.000Z,122.89
2026-04-16T00:15:00.000Z,122.39
2026-04-16T00:30:00.000Z,122.24
2026-04-16T00:45:00.000Z,120.34
2026-04-16T01:00:00.000Z,122.55
2026-04-16T01:15:00.000Z,122.40
2026-04-16T01:30:00.000Z,121.36
2026-04-16T01:45:00.000Z,119.88
2026-04-16T02:00:00.000Z,121.93
2026-04-16T02:15:00.000Z,122.45
2026-04-16T02:30:00.000Z,123.90
2026-04-16T02:45:00.000Z,120.12
2026-04-16T03:00:00.000Z,129.65
2026-04-16T03:15:00.000Z,129.15
2026-04-16T03:30:00.000Z,116.37
2026-04-16T03:45:00.000Z,111.98
2026-04-16T04:00:00.000Z,113.77
2026-04-16T04:15:00.000Z,113.33
2026-04-16T04:30:00.000Z,110.65
2026-04-16T04:45:00.000Z,102.25
2026-04-16T05:00:00.000Z,119.61
2026-04-16T05:15:00.000Z,124.04
2026-04-16T05:30:00.000Z,130.08
2026-04-16T05:45:00.000Z,127.60
2026-04-16T06:00:00.000Z,117.16
2026-04-16T06:15:00.000Z,126.45
2026-04-16T06:30:00.000Z,124.75
2026-04-16T06:45:00.000Z,144.58
2026-04-16T07:00:00.000Z,117.97
2026-04-16T07:15:00.000Z,122.18
2026-04-16T07:30:00.000Z,125.09
2026-04-16T07:45:00.000Z,127.25
2026-04-16T08:00:00.000Z,106.88
2026-04-16T08:15:00.000Z,124.48
2026-04-16T08:30:00.000Z,151.28
2026-04-16T08:45:00.000Z,161.49
2026-04-16T09:00:00.000Z,124.09
2026-04-16T09:15:00.000Z,129.97
2026-04-16T09:30:00.000Z,133.62
2026-04-16T09:45:00.000Z,137.06
2026-04-16T10:00:00.000Z,114.53
2026-04-16T10:15:00.000Z,126.64
2026-04-16T10:30:00.000Z,127.46
2026-04-16T10:45:00.000Z,124.99
2026-04-16T11:00:00.000Z,123.82
2026-04-16T11:15:00.000Z,118.36
2026-04-16T11:30:00.000Z,116.06
2026-04-16T11:45:00.000Z,113.74
2026-04-16T12:00:00.000Z,116.09
2026-04-16T12:15:00.000Z,124.05
2026-04-16T12:30:00.000Z,129.34
2026-04-16T12:45:00.000Z,124.30
2026-04-16T13:00:00.000Z,135.55
2026-04-16T13:15:00.000Z,132.26
2026-04-16T13:30:00.000Z,126.54
2026-04-16T13:45:00.000Z,116.08
2026-04-16T14:00:00.000Z,136.53
2026-04-16T14:15:00.000Z,129.34
2026-04-16T14:30:00.000Z,125.13
2026-04-16T14:45:00.000Z,120.93
2026-04-16T15:00:00.000Z,131.69
2026-04-16T15:15:00.000Z,124.59
2026-04-16T15:30:00.000Z,115.91
2026-04-16T15:45:00.000Z,115.23
2026-04-16T16:00:00.000Z,131.77
2026-04-16T16:15:00.000Z,117.21
2026-04-16T16:30:00.000Z,111.15
2026-04-16T16:45:00.000Z,111.68
2026-04-16T17:00:00.000Z,125.47
2026-04-16T17:15:00.000Z,120.26
2026-04-16T17:30:00.000Z,100.01
2026-04-16T17:45:00.000Z,78.67
2026-04-16T18:00:00.000Z,84.92
2026-04-16T18:15:00.000Z,86.45
2026-04-16T18:30:00.000Z,103.53
2026-04-16T18:45:00.000Z,115.34
2026-04-16T19:00:00.000Z,94.19
2026-04-16T19:15:00.000Z,107.94
2026-04-16T19:30:00.000Z,120.19
2026-04-16T19:45:00.000Z,130.00
2026-04-16T20:00:00.000Z,113.81
2026-04-16T20:15:00.000Z,122.87
2026-04-16T20:30:00.000Z,128.04
2026-04-16T20:45:00.000Z,131.89
2026-04-16T21:00:00.000Z,119.95
2026-04-16T21:15:00.000Z,126.95
2026-04-16T21:30:00.000Z,137.98
2026-04-16T21:45:00.000Z,147.41
2026-04-16T22:00:00.000Z,129.61
2026-04-16T22:15:00.000Z,131.33
2026-04-16T22:30:00.000Z,128.25
2026-04-16T22:45:00.000Z,125.34
2026-04-16T23:00:00.000Z,135.93
2026-04-16T23:15:00.000Z,135.55
2026-04-16T23:30:00.000Z,130.72
2026-04-16T23:45:00.000Z,125.51
2026-04-17T00:00:00.000Z,129.99
2026-04-17T00:15:00.000Z,127.87
2026-04-17T00:30:00.000Z,127.50
2026-04-17T00:45:00.000Z,122.67
2026-04-17T01:00:00.000Z,129.41
2026-04-17T01:15:00.000Z,124.78
2026-04-17T01:30:00.000Z,116.49
2026-04-17T01:45:00.000Z,113.00
2026-04-17T02:00:00.000Z,136.91
2026-04-17T02:15:00.000Z,129.99
2026-04-17T02:30:00.000Z,117.87
2026-04-17T02:45:00.000Z,117.63
2026-04-17T03:00:00.000Z,126.40
2026-04-17T03:15:00.000Z,124.47
2026-04-17T03:30:00.000Z,121.51
2026-04-17T03:45:00.000Z,107.14
2026-04-17T04:00:00.000Z,122.05
2026-04-17T04:15:00.000Z,108.80
2026-04-17T04:30:00.000Z,110.96
2026-04-17T04:45:00.000Z,107.45
2026-04-17T05:00:00.000Z,113.71
2026-04-17T05:15:00.000Z,122.11
2026-04-17T05:30:00.000Z,122.59
2026-04-17T05:45:00.000Z,124.01
2026-04-17T06:00:00.000Z,115.91
2026-04-17T06:15:00.000Z,122.89
2026-04-17T06:30:00.000Z,125.05
2026-04-17T06:45:00.000Z,140.99
2026-04-17T07:00:00.000Z,111.53
2026-04-17T07:15:00.000Z,127.17
2026-04-17T07:30:00.000Z,136.10
2026-04-17T07:45:00.000Z,145.79
2026-04-17T08:00:00.000Z,103.65
2026-04-17T08:15:00.000Z,119.96
2026-04-17T08:30:00.000Z,139.18
2026-04-17T08:45:00.000Z,144.26
2026-04-17T09:00:00.000Z,121.56
2026-04-17T09:15:00.000Z,123.70
2026-04-17T09:30:00.000Z,130.55
2026-04-17T09:45:00.000Z,116.51
2026-04-17T10:00:00.000Z,116.42
2026-04-17T10:15:00.000Z,111.33
2026-04-17T10:30:00.000Z,104.22
2026-04-17T10:45:00.000Z,105.72
2026-04-17T11:00:00.000Z,105.62
2026-04-17T11:15:00.000Z,105.26
2026-04-17T11:30:00.000Z,107.60
2026-04-17T11:45:00.000Z,113.37
2026-04-17T12:00:00.000Z,100.02
2026-04-17T12:15:00.000Z,100.00
2026-04-17T12:30:00.000Z,100.01
2026-04-17T12:45:00.000Z,102.45
2026-04-17T13:00:00.000Z,92.84
2026-04-17T13:15:00.000Z,110.50
2026-04-17T13:30:00.000Z,106.78
2026-04-17T13:45:00.000Z,113.84
2026-04-17T14:00:00.000Z,114.01
2026-04-17T14:15:00.000Z,114.92
2026-04-17T14:30:00.000Z,110.94
2026-04-17T14:45:00.000Z,107.95
2026-04-17T15:00:00.000Z,116.59
2026-04-17T15:15:00.000Z,116.46
2026-04-17T15:30:00.000Z,110.08
2026-04-17T15:45:00.000Z,100.33
2026-04-17T16:00:00.000Z,115.21
2026-04-17T16:15:00.000Z,112.61
2026-04-17T16:30:00.000Z,118.19
2026-04-17T16:45:00.000Z,119.59
2026-04-17T17:00:00.000Z,116.72
2026-04-17T17:15:00.000Z,124.51
2026-04-17T17:30:00.000Z,130.86
2026-04-17T17:45:00.000Z,140.01
2026-04-17T18:00:00.000Z,121.07
2026-04-17T18:15:00.000Z,119.96
2026-04-17T18:30:00.000Z,116.45
2026-04-17T18:45:00.000Z,117.51
2026-04-17T19:00:00.000Z,128.74
2026-04-17T19:15:00.000Z,129.99
2026-04-17T19:30:00.000Z,126.02
2026-04-17T19:45:00.000Z,139.96
2026-04-17T20:00:00.000Z,119.35
2026-04-17T20:15:00.000Z,119.79
2026-04-17T20:30:00.000Z,129.50
2026-04-17T20:45:00.000Z,130.00
2026-04-17T21:00:00.000Z,129.19
2026-04-17T21:15:00.000Z,170.96
2026-04-17T21:30:00.000Z,165.75
2026-04-17T21:45:00.000Z,164.98
2026-04-17T22:00:00.000Z,118.10
2026-04-17T22:15:00.000Z,113.31
2026-04-17T22:30:00.000Z,103.38
2026-04-17T22:45:00.000Z,99.22
2026-04-17T23:00:00.000Z,112.32
2026-04-17T23:15:00.000Z,116.35
2026-04-17T23:30:00.000Z,116.63
2026-04-17T23:45:00.000Z,114.46
2026-04-18T00:00:00.000Z,173.06
2026-04-18T00:15:00.000Z,170.44
2026-04-18T00:30:00.000Z,171.13
2026-04-18T00:45:00.000Z,169.52
2026-04-18T01:00:00.000Z,166.94
2026-04-18T01:15:00.000Z,166.47
2026-04-18T01:30:00.000Z,165.93
2026-04-18T01:45:00.000Z,164.21
2026-04-18T02:00:00.000Z,165.50
2026-04-18T02:15:00.000Z,165.37
2026-04-18T02:30:00.000Z,164.75
2026-04-18T02:45:00.000Z,165.77
2026-04-18T03:00:00.000Z,167.88
2026-04-18T03:15:00.000Z,166.89
2026-04-18T03:30:00.000Z,169.33
2026-04-18T03:45:00.000Z,169.60
2026-04-18T04:00:00.000Z,158.28
2026-04-18T04:15:00.000Z,158.57
2026-04-18T04:30:00.000Z,159.15
2026-04-18T04:45:00.000Z,153.26
2026-04-18T05:00:00.000Z,161.21
2026-04-18T05:15:00.000Z,159.92
2026-04-18T05:30:00.000Z,157.33
2026-04-18T05:45:00.000Z,156.89
2026-04-18T06:00:00.000Z,151.36
2026-04-18T06:15:00.000Z,150.51
2026-04-18T06:30:00.000Z,142.68
2026-04-18T06:45:00.000Z,137.67
2026-04-18T07:00:00.000Z,139.92
2026-04-18T07:15:00.000Z,140.30
2026-04-18T07:30:00.000Z,126.52
2026-04-18T07:45:00.000Z,118.13
2026-04-18T08:00:00.000Z,139.72
2026-04-18T08:15:00.000Z,119.73
2026-04-18T08:30:00.000Z,110.19
2026-04-18T08:45:00.000Z,108.41
2026-04-18T09:00:00.000Z,105.85
2026-04-18T09:15:00.000Z,107.54
2026-04-18T09:30:00.000Z,107.50
2026-04-18T09:45:00.000Z,110.46
2026-04-18T10:00:00.000Z,103.34
2026-04-18T10:15:00.000Z,103.19
2026-04-18T10:30:00.000Z,103.35
2026-04-18T10:45:00.000Z,103.41
2026-04-18T11:00:00.000Z,105.25
2026-04-18T11:15:00.000Z,105.29
2026-04-18T11:30:00.000Z,105.80
2026-04-18T11:45:00.000Z,104.91
2026-04-18T12:00:00.000Z,105.76
2026-04-18T12:15:00.000Z,104.85
2026-04-18T12:30:00.000Z,105.21
2026-04-18T12:45:00.000Z,106.16
2026-04-18T13:00:00.000Z,99.97
2026-04-18T13:15:00.000Z,103.63
2026-04-18T13:30:00.000Z,109.44
2026-04-18T13:45:00.000Z,107.59
2026-04-18T14:00:00.000Z,102.34
2026-04-18T14:15:00.000Z,110.57
2026-04-18T14:30:00.000Z,122.10
2026-04-18T14:45:00.000Z,131.20
2026-04-18T15:00:00.000Z,130.90
2026-04-18T15:15:00.000Z,138.65
2026-04-18T15:30:00.000Z,133.84
2026-04-18T15:45:00.000Z,127.53
2026-04-18T16:00:00.000Z,142.00
2026-04-18T16:15:00.000Z,149.64
2026-04-18T16:30:00.000Z,150.98
2026-04-18T16:45:00.000Z,152.66
2026-04-18T17:00:00.000Z,159.85
2026-04-18T17:15:00.000Z,153.74
2026-04-18T17:30:00.000Z,122.21
2026-04-18T17:45:00.000Z,105.34
2026-04-18T18:00:00.000Z,172.92
2026-04-18T18:15:00.000Z,167.91
2026-04-18T18:30:00.000Z,157.35
2026-04-18T18:45:00.000Z,144.78
2026-04-18T19:00:00.000Z,142.55
2026-04-18T19:15:00.000Z,147.48
2026-04-18T19:30:00.000Z,139.23
2026-04-18T19:45:00.000Z,135.99
2026-04-18T20:00:00.000Z,176.59
2026-04-18T20:15:00.000Z,177.44
2026-04-18T20:30:00.000Z,179.41
2026-04-18T20:45:00.000Z,182.80
2026-04-18T21:00:00.000Z,162.19
2026-04-18T21:15:00.000Z,163.94
2026-04-18T21:30:00.000Z,165.84
2026-04-18T21:45:00.000Z,162.01
2026-04-18T22:00:00.000Z,172.39
2026-04-18T22:15:00.000Z,171.86
2026-04-18T22:30:00.000Z,168.75
2026-04-18T22:45:00.000Z,166.05
2026-04-18T23:00:00.000Z,165.43
2026-04-18T23:15:00.000Z,162.44
2026-04-18T23:30:00.000Z,160.76
2026-04-18T23:45:00.000Z,157.65
2026-04-19T00:00:00.000Z,161.05
2026-04-19T00:15:00.000Z,159.37
2026-04-19T00:30:00.000Z,156.65
2026-04-19T00:45:00.000Z,151.04
2026-04-19T01:00:00.000Z,162.32
2026-04-19T01:15:00.000Z,159.33
2026-04-19T01:30:00.000Z,157.31
2026-04-19T01:45:00.000Z,156.38
2026-04-19T02:00:00.000Z,155.67
2026-04-19T02:15:00.000Z,155.47
2026-04-19T02:30:00.000Z,154.48
2026-04-19T02:45:00.000Z,152.40
2026-04-19T03:00:00.000Z,153.61
2026-04-19T03:15:00.000Z,152.95
2026-04-19T03:30:00.000Z,154.06
2026-04-19T03:45:00.000Z,153.96
2026-04-19T04:00:00.000Z,151.22
2026-04-19T04:15:00.000Z,150.08
2026-04-19T04:30:00.000Z,149.55
2026-04-19T04:45:00.000Z,147.29
2026-04-19T05:00:00.000Z,146.55
2026-04-19T05:15:00.000Z,142.54
2026-04-19T05:30:00.000Z,140.96
2026-04-19T05:45:00.000Z,140.25
2026-04-19T06:00:00.000Z,143.65
2026-04-19T06:15:00.000Z,141.09
2026-04-19T06:30:00.000Z,140.40
2026-04-19T06:45:00.000Z,138.47
2026-04-19T07:00:00.000Z,133.12
2026-04-19T07:15:00.000Z,134.19
2026-04-19T07:30:00.000Z,135.98
2026-04-19T07:45:00.000Z,134.65
2026-04-19T08:00:00.000Z,131.13
2026-04-19T08:15:00.000Z,128.55
2026-04-19T08:30:00.000Z,126.79
2026-04-19T08:45:00.000Z,117.79
2026-04-19T09:00:00.000Z,109.42
2026-04-19T09:15:00.000Z,107.19
2026-04-19T09:30:00.000Z,101.94
2026-04-19T09:45:00.000Z,94.56
2026-04-19T10:00:00.000Z,103.00
2026-04-19T10:15:00.000Z,99.80
2026-04-19T10:30:00.000Z,99.51
2026-04-19T10:45:00.000Z,99.10
2026-04-19T11:00:00.000Z,83.91
2026-04-19T11:15:00.000Z,83.22
2026-04-19T11:30:00.000Z,81.77
2026-04-19T11:45:00.000Z,81.21
2026-04-19T12:00:00.000Z,80.94
2026-04-19T12:15:00.000Z,80.41
2026-04-19T12:30:00.000Z,80.34
2026-04-19T12:45:00.000Z,80.46
2026-04-19T13:00:00.000Z,80.55
2026-04-19T13:15:00.000Z,80.52
2026-04-19T13:30:00.000Z,81.37
2026-04-19T13:45:00.000Z,82.50
2026-04-19T14:00:00.000Z,86.87
2026-04-19T14:15:00.000Z,87.21
2026-04-19T14:30:00.000Z,90.14
2026-04-19T14:45:00.000Z,103.10
2026-04-19T15:00:00.000Z,112.80
2026-04-19T15:15:00.000Z,137.16
2026-04-19T15:30:00.000Z,135.72
2026-04-19T15:45:00.000Z,115.73
2026-04-19T16:00:00.000Z,135.88
2026-04-19T16:15:00.000Z,135.76
2026-04-19T16:30:00.000Z,131.35
2026-04-19T16:45:00.000Z,115.79
2026-04-19T17:00:00.000Z,119.31
2026-04-19T17:15:00.000Z,116.83
2026-04-19T17:30:00.000Z,115.00
2026-04-19T17:45:00.000Z,114.17
2026-04-19T18:00:00.000Z,114.70
2026-04-19T18:15:00.000Z,114.35
2026-04-19T18:30:00.000Z,114.99
2026-04-19T18:45:00.000Z,115.78
2026-04-19T19:00:00.000Z,167.40
2026-04-19T19:15:00.000Z,171.16
2026-04-19T19:30:00.000Z,176.88
2026-04-19T19:45:00.000Z,178.32
2026-04-19T20:00:00.000Z,161.48
2026-04-19T20:15:00.000Z,162.39
2026-04-19T20:30:00.000Z,164.79
2026-04-19T20:45:00.000Z,158.84
2026-04-19T21:00:00.000Z,152.40
2026-04-19T21:15:00.000Z,151.09
2026-04-19T21:30:00.000Z,149.56
2026-04-19T21:45:00.000Z,146.24
2026-04-19T22:00:00.000Z,159.59
2026-04-19T22:15:00.000Z,156.51
2026-04-19T22:30:00.000Z,152.51
2026-04-19T22:45:00.000Z,150.27
2026-04-19T23:00:00.000Z,147.45
2026-04-19T23:15:00.000Z,143.07
2026-04-19T23:30:00.000Z,142.37
2026-04-19T23:45:00.000Z,137.21
2026-04-20T00:00:00.000Z,144.53
2026-04-20T00:15:00.000Z,143.25
2026-04-20T00:30:00.000Z,141.98
2026-04-20T00:45:00.000Z,139.36
2026-04-20T01:00:00.000Z,144.23
2026-04-20T01:15:00.000Z,140.03
2026-04-20T01:30:00.000Z,140.17
2026-04-20T01:45:00.000Z,139.39
2026-04-20T02:00:00.000Z,139.68
2026-04-20T02:15:00.000Z,139.35
2026-04-20T02:30:00.000Z,140.82
2026-04-20T02:45:00.000Z,146.59
2026-04-20T03:00:00.000Z,144.36
2026-04-20T03:15:00.000Z,150.19
2026-04-20T03:30:00.000Z,153.30
2026-04-20T03:45:00.000Z,159.00
2026-04-20T04:00:00.000Z,160.85
2026-04-20T04:15:00.000Z,163.38
2026-04-20T04:30:00.000Z,159.42
2026-04-20T04:45:00.000Z,158.72
2026-04-20T05:00:00.000Z,119.95
2026-04-20T05:15:00.000Z,127.90
2026-04-20T05:30:00.000Z,141.85
2026-04-20T05:45:00.000Z,165.05
2026-04-20T06:00:00.000Z,120.00
2026-04-20T06:15:00.000Z,139.97
2026-04-20T06:30:00.000Z,154.91
2026-04-20T06:45:00.000Z,180.51
2026-04-20T07:00:00.000Z,142.60
2026-04-20T07:15:00.000Z,170.01
2026-04-20T07:30:00.000Z,180.89
2026-04-20T07:45:00.000Z,175.65
2026-04-20T08:00:00.000Z,154.06
2026-04-20T08:15:00.000Z,152.14
2026-04-20T08:30:00.000Z,147.26
2026-04-20T08:45:00.000Z,148.18
2026-04-20T09:00:00.000Z,144.21
2026-04-20T09:15:00.000Z,139.51
2026-04-20T09:30:00.000Z,137.57
2026-04-20T09:45:00.000Z,138.34
2026-04-20T10:00:00.000Z,120.00
2026-04-20T10:15:00.000Z,117.09
2026-04-20T10:30:00.000Z,111.76
2026-04-20T10:45:00.000Z,100.29
2026-04-20T11:00:00.000Z,102.11
2026-04-20T11:15:00.000Z,88.54
2026-04-20T11:30:00.000Z,82.80
2026-04-20T11:45:00.000Z,82.57
2026-04-20T12:00:00.000Z,86.80
2026-04-20T12:15:00.000Z,89.08
2026-04-20T12:30:00.000Z,89.08
2026-04-20T12:45:00.000Z,89.08
2026-04-20T13:00:00.000Z,94.49
2026-04-20T13:15:00.000Z,103.83
2026-04-20T13:30:00.000Z,119.94
2026-04-20T13:45:00.000Z,132.77
2026-04-20T14:00:00.000Z,130.00
2026-04-20T14:15:00.000Z,134.75
2026-04-20T14:30:00.000Z,137.71
2026-04-20T14:45:00.000Z,134.35
2026-04-20T15:00:00.000Z,154.96
2026-04-20T15:15:00.000Z,151.58
2026-04-20T15:30:00.000Z,131.34
2026-04-20T15:45:00.000Z,112.47
2026-04-20T16:00:00.000Z,126.61
2026-04-20T16:15:00.000Z,111.79
2026-04-20T16:30:00.000Z,111.72
2026-04-20T16:45:00.000Z,106.20
2026-04-20T17:00:00.000Z,110.06
2026-04-20T17:15:00.000Z,107.29
2026-04-20T17:30:00.000Z,112.85
2026-04-20T17:45:00.000Z,115.29
2026-04-20T18:00:00.000Z,103.00
2026-04-20T18:15:00.000Z,92.87
2026-04-20T18:30:00.000Z,90.70
2026-04-20T18:45:00.000Z,96.48
2026-04-20T19:00:00.000Z,96.51
2026-04-20T19:15:00.000Z,100.01
2026-04-20T19:30:00.000Z,90.60
2026-04-20T19:45:00.000Z,97.81
2026-04-20T20:00:00.000Z,100.00
2026-04-20T20:15:00.000Z,100.85
2026-04-20T20:30:00.000Z,102.89
2026-04-20T20:45:00.000Z,104.17
2026-04-20T21:00:00.000Z,100.01
2026-04-20T21:15:00.000Z,100.01
2026-04-20T21:30:00.000Z,100.01
2026-04-20T22:00:00.000Z,85.77
2026-04-20T22:15:00.000Z,85.80
2026-04-20T22:30:00.000Z,85.46
2026-04-20T22:45:00.000Z,85.23
2026-04-20T23:00:00.000Z,84.40
2026-04-20T23:15:00.000Z,84.26
2026-04-20T23:30:00.000Z,83.92
2026-04-20T23:45:00.000Z,83.68
2026-04-21T00:00:00.000Z,85.28
2026-04-21T00:15:00.000Z,85.00
2026-04-21T00:30:00.000Z,84.71
2026-04-21T00:45:00.000Z,84.67
2026-04-21T01:00:00.000Z,82.33
2026-04-21T01:15:00.000Z,81.98
2026-04-21T01:30:00.000Z,81.76
2026-04-21T01:45:00.000Z,81.56
2026-04-21T02:00:00.000Z,71.41
2026-04-21T02:15:00.000Z,79.05
2026-04-21T02:30:00.000Z,79.37
2026-04-21T02:45:00.000Z,79.52
2026-04-21T03:00:00.000Z,79.15
2026-04-21T03:15:00.000Z,79.74
2026-04-21T03:30:00.000Z,79.76
2026-04-21T03:45:00.000Z,81.31
2026-04-21T04:00:00.000Z,64.03
2026-04-21T04:15:00.000Z,64.12
2026-04-21T04:30:00.000Z,64.87
2026-04-21T04:45:00.000Z,65.85
2026-04-21T05:00:00.000Z,67.07
2026-04-21T05:15:00.000Z,73.56
2026-04-21T05:30:00.000Z,79.67
2026-04-21T05:45:00.000Z,81.86
2026-04-21T06:00:00.000Z,92.91
2026-04-21T06:15:00.000Z,94.97
2026-04-21T06:30:00.000Z,101.10
2026-04-21T06:45:00.000Z,102.89
2026-04-21T07:00:00.000Z,101.47
2026-04-21T07:15:00.000Z,104.12
2026-04-21T07:30:00.000Z,104.83
2026-04-21T07:45:00.000Z,118.77
2026-04-21T08:00:00.000Z,116.03
2026-04-21T08:15:00.000Z,119.00
2026-04-21T08:30:00.000Z,130.49
2026-04-21T08:45:00.000Z,114.49
2026-04-21T09:00:00.000Z,125.78
2026-04-21T09:15:00.000Z,104.80
2026-04-21T09:30:00.000Z,101.08
2026-04-21T09:45:00.000Z,97.97
2026-04-21T10:00:00.000Z,90.00
2026-04-21T10:15:00.000Z,89.82
2026-04-21T10:30:00.000Z,89.32
2026-04-21T10:45:00.000Z,87.00
2026-04-21T11:00:00.000Z,86.88
2026-04-21T11:15:00.000Z,86.36
2026-04-21T11:30:00.000Z,85.99
2026-04-21T11:45:00.000Z,85.97
2026-04-21T12:00:00.000Z,90.00
2026-04-21T12:15:00.000Z,89.21
2026-04-21T12:30:00.000Z,88.99
2026-04-21T12:45:00.000Z,89.32
2026-04-21T13:00:00.000Z,92.51
2026-04-21T13:15:00.000Z,93.57
2026-04-21T13:30:00.000Z,93.89
2026-04-21T13:45:00.000Z,94.29
2026-04-21T14:00:00.000Z,92.95
2026-04-21T14:15:00.000Z,96.56
2026-04-21T14:30:00.000Z,102.95
2026-04-21T14:45:00.000Z,102.97
2026-04-21T15:00:00.000Z,93.90
2026-04-21T15:15:00.000Z,91.28
2026-04-21T15:30:00.000Z,90.00
2026-04-21T15:45:00.000Z,86.90
2026-04-21T16:00:00.000Z,93.85
2026-04-21T16:15:00.000Z,91.86
2026-04-21T16:30:00.000Z,89.25
2026-04-21T16:45:00.000Z,88.92
2026-04-21T17:00:00.000Z,90.01
2026-04-21T17:15:00.000Z,90.00
2026-04-21T17:30:00.000Z,89.55
2026-04-21T17:45:00.000Z,87.25
2026-04-21T18:00:00.000Z,85.52
2026-04-21T18:15:00.000Z,89.12
2026-04-21T18:30:00.000Z,90.63
2026-04-21T18:45:00.000Z,93.43
2026-04-21T19:00:00.000Z,91.93
2026-04-21T19:15:00.000Z,93.81
2026-04-21T19:30:00.000Z,93.84
2026-04-21T19:45:00.000Z,93.05
2026-04-21T20:00:00.000Z,90.00
2026-04-21T20:15:00.000Z,90.01
2026-04-21T20:30:00.000Z,90.00
2026-04-21T20:45:00.000Z,90.01
2026-04-21T21:00:00.000Z,85.97
2026-04-21T21:15:00.000Z,85.73
2026-04-21T21:30:00.000Z,85.51
2026-04-21T21:45:00.000Z,85.30
2026-04-21T22:00:00.000Z,73.18
2026-04-21T22:15:00.000Z,73.18
2026-04-21T22:30:00.000Z,73.18
2026-04-21T22:45:00.000Z,73.18
2026-04-21T23:00:00.000Z,73.18
2026-04-21T23:15:00.000Z,72.06
2026-04-21T23:30:00.000Z,72.02
2026-04-21T23:45:00.000Z,70.80
2026-04-22T00:00:00.000Z,72.08
2026-04-22T00:15:00.000Z,72.05
2026-04-22T00:30:00.000Z,72.00
2026-04-22T00:45:00.000Z,71.95
2026-04-22T01:00:00.000Z,71.28
2026-04-22T01:15:00.000Z,68.81
2026-04-22T01:30:00.000Z,65.82
2026-04-22T01:45:00.000Z,63.98
2026-04-22T02:00:00.000Z,65.55
2026-04-22T02:15:00.000Z,64.26
2026-04-22T02:30:00.000Z,62.50
2026-04-22T02:45:00.000Z,61.37
2026-04-22T03:00:00.000Z,62.70
2026-04-22T03:15:00.000Z,59.64
2026-04-22T03:30:00.000Z,56.70
2026-04-22T03:45:00.000Z,56.56
2026-04-22T04:00:00.000Z,62.01
2026-04-22T04:15:00.000Z,65.72
2026-04-22T04:30:00.000Z,68.79
2026-04-22T04:45:00.000Z,72.10
2026-04-22T05:00:00.000Z,60.95
2026-04-22T05:15:00.000Z,68.35
2026-04-22T05:30:00.000Z,69.02
2026-04-22T05:45:00.000Z,72.05
2026-04-22T06:00:00.000Z,60.41
2026-04-22T06:15:00.000Z,68.84
2026-04-22T06:30:00.000Z,69.85
2026-04-22T06:45:00.000Z,76.65
2026-04-22T07:00:00.000Z,61.58
2026-04-22T07:15:00.000Z,65.12
2026-04-22T07:30:00.000Z,72.19
2026-04-22T07:45:00.000Z,91.08
2026-04-22T08:00:00.000Z,88.69
2026-04-22T08:15:00.000Z,90.87
2026-04-22T08:30:00.000Z,78.40
2026-04-22T08:45:00.000Z,70.37
2026-04-22T09:00:00.000Z,72.07
2026-04-22T09:15:00.000Z,72.07
2026-04-22T09:30:00.000Z,72.07
2026-04-22T09:45:00.000Z,72.07
2026-04-22T10:00:00.000Z,63.38
2026-04-22T10:15:00.000Z,61.94
2026-04-22T10:30:00.000Z,61.31
2026-04-22T10:45:00.000Z,57.51
2026-04-22T11:00:00.000Z,56.69
2026-04-22T11:15:00.000Z,55.34
2026-04-22T11:30:00.000Z,54.80
2026-04-22T11:45:00.000Z,60.59
2026-04-22T12:00:00.000Z,55.50
2026-04-22T12:15:00.000Z,55.88
2026-04-22T12:30:00.000Z,57.06
2026-04-22T12:45:00.000Z,57.84
2026-04-22T13:00:00.000Z,49.40
2026-04-22T13:15:00.000Z,54.81
2026-04-22T13:30:00.000Z,54.83
2026-04-22T13:45:00.000Z,52.96
2026-04-22T14:00:00.000Z,37.75
2026-04-22T14:15:00.000Z,35.21
2026-04-22T14:30:00.000Z,40.03
2026-04-22T14:45:00.000Z,57.00
2026-04-22T15:00:00.000Z,53.02
2026-04-22T15:15:00.000Z,71.10
2026-04-22T15:30:00.000Z,72.03
2026-04-22T15:45:00.000Z,72.02
2026-04-22T16:00:00.000Z,70.49
2026-04-22T16:15:00.000Z,67.27
2026-04-22T16:30:00.000Z,61.43
2026-04-22T16:45:00.000Z,57.51
2026-04-22T17:00:00.000Z,70.98
2026-04-22T17:15:00.000Z,71.60
2026-04-22T17:30:00.000Z,69.99
2026-04-22T17:45:00.000Z,71.60
2026-04-22T18:00:00.000Z,72.06
2026-04-22T18:15:00.000Z,72.05
2026-04-22T18:30:00.000Z,72.63
2026-04-22T18:45:00.000Z,75.19
2026-04-22T19:00:00.000Z,72.07
2026-04-22T19:15:00.000Z,72.08
2026-04-22T19:30:00.000Z,72.56
2026-04-22T19:45:00.000Z,73.02
2026-04-22T20:00:00.000Z,71.65
2026-04-22T20:15:00.000Z,72.00
2026-04-22T20:30:00.000Z,72.02
2026-04-22T20:45:00.000Z,72.05
2026-04-22T21:00:00.000Z,69.95
2026-04-22T21:15:00.000Z,67.57
2026-04-22T21:30:00.000Z,68.57
2026-04-22T21:45:00.000Z,68.46
2026-04-22T22:00:00.000Z,59.62
2026-04-22T22:15:00.000Z,59.97
2026-04-22T22:30:00.000Z,59.50
2026-04-22T22:45:00.000Z,58.27
2026-04-22T23:00:00.000Z,58.35
2026-04-22T23:15:00.000Z,57.91
2026-04-22T23:30:00.000Z,57.55
2026-04-22T23:45:00.000Z,57.22
2026-04-23T00:00:00.000Z,55.18
2026-04-23T00:15:00.000Z,54.65
2026-04-23T00:30:00.000Z,52.07
2026-04-23T00:45:00.000Z,50.01
2026-04-23T01:00:00.000Z,48.00
2026-04-23T01:15:00.000Z,47.87
2026-04-23T01:30:00.000Z,47.86
2026-04-23T01:45:00.000Z,47.35
2026-04-23T02:00:00.000Z,48.38
2026-04-23T02:15:00.000Z,48.40
2026-04-23T02:30:00.000Z,48.55
2026-04-23T02:45:00.000Z,47.52
2026-04-23T03:00:00.000Z,47.76
2026-04-23T03:15:00.000Z,45.77
2026-04-23T03:30:00.000Z,45.82
2026-04-23T03:45:00.000Z,47.92
2026-04-23T04:00:00.000Z,44.51
2026-04-23T04:15:00.000Z,45.49
2026-04-23T04:30:00.000Z,46.87
2026-04-23T04:45:00.000Z,47.98
2026-04-23T05:00:00.000Z,50.84
2026-04-23T05:15:00.000Z,56.25
2026-04-23T05:30:00.000Z,56.57
2026-04-23T05:45:00.000Z,58.71
2026-04-23T06:00:00.000Z,63.59
2026-04-23T06:15:00.000Z,65.38
2026-04-23T06:30:00.000Z,70.78
2026-04-23T06:45:00.000Z,76.07
2026-04-23T07:00:00.000Z,77.60
2026-04-23T07:15:00.000Z,77.78
2026-04-23T07:30:00.000Z,79.47
2026-04-23T07:45:00.000Z,79.60
2026-04-23T08:00:00.000Z,76.61
2026-04-23T08:15:00.000Z,69.55
2026-04-23T08:30:00.000Z,64.28
2026-04-23T08:45:00.000Z,60.93
2026-04-23T09:00:00.000Z,68.95
2026-04-23T09:15:00.000Z,67.94
2026-04-23T09:30:00.000Z,63.39
2026-04-23T09:45:00.000Z,58.74
2026-04-23T10:00:00.000Z,56.63
2026-04-23T10:15:00.000Z,56.35
2026-04-23T10:30:00.000Z,55.97
2026-04-23T10:45:00.000Z,49.67
2026-04-23T11:00:00.000Z,47.07
2026-04-23T11:15:00.000Z,45.96
2026-04-23T11:30:00.000Z,45.68
2026-04-23T11:45:00.000Z,45.60
2026-04-23T12:00:00.000Z,44.80
2026-04-23T12:15:00.000Z,44.83
2026-04-23T12:30:00.000Z,44.82
2026-04-23T12:45:00.000Z,44.83
2026-04-23T13:00:00.000Z,44.53
2026-04-23T13:15:00.000Z,44.63
2026-04-23T13:30:00.000Z,44.80
2026-04-23T13:45:00.000Z,45.50
2026-04-23T14:00:00.000Z,37.29
2026-04-23T14:15:00.000Z,41.24
2026-04-23T14:30:00.000Z,38.96
2026-04-23T14:45:00.000Z,40.92
2026-04-23T15:00:00.000Z,42.68
2026-04-23T15:15:00.000Z,48.49
2026-04-23T15:30:00.000Z,61.16
2026-04-23T15:45:00.000Z,54.67
2026-04-23T16:00:00.000Z,53.79
2026-04-23T16:15:00.000Z,45.97
2026-04-23T16:30:00.000Z,45.10
2026-04-23T16:45:00.000Z,44.41
2026-04-23T17:00:00.000Z,44.93
2026-04-23T17:15:00.000Z,44.55
2026-04-23T17:30:00.000Z,44.08
2026-04-23T17:45:00.000Z,43.83
2026-04-23T18:00:00.000Z,44.69
2026-04-23T18:15:00.000Z,44.82
2026-04-23T18:30:00.000Z,44.82
2026-04-23T18:45:00.000Z,44.82
2026-04-23T19:00:00.000Z,49.07
2026-04-23T19:15:00.000Z,49.40
2026-04-23T19:30:00.000Z,49.89
2026-04-23T19:45:00.000Z,50.43
2026-04-23T20:00:00.000Z,56.90
2026-04-23T20:15:00.000Z,58.22
2026-04-23T20:30:00.000Z,60.15
2026-04-23T20:45:00.000Z,64.62
2026-04-23T21:00:00.000Z,55.48
2026-04-23T21:15:00.000Z,58.76
2026-04-23T21:30:00.000Z,59.20
2026-04-23T21:45:00.000Z,59.55
2026-04-23T22:00:00.000Z,51.75
2026-04-23T22:15:00.000Z,45.80
2026-04-23T22:30:00.000Z,45.56
2026-04-23T22:45:00.000Z,45.00
2026-04-23T23:00:00.000Z,45.66
2026-04-23T23:15:00.000Z,45.01
2026-04-23T23:30:00.000Z,45.00
2026-04-23T23:45:00.000Z,44.83
2026-04-24T00:00:00.000Z,45.01
2026-04-24T00:15:00.000Z,45.00
2026-04-24T00:30:00.000Z,45.00
2026-04-24T00:45:00.000Z,45.00
2026-04-24T01:00:00.000Z,45.00
2026-04-24T01:15:00.000Z,45.00
2026-04-24T01:30:00.000Z,45.00
2026-04-24T01:45:00.000Z,44.58
2026-04-24T02:00:00.000Z,54.23
2026-04-24T02:15:00.000Z,45.62
2026-04-24T02:30:00.000Z,41.12
2026-04-24T02:45:00.000Z,35.41
2026-04-24T03:00:00.000Z,54.08
2026-04-24T03:15:00.000Z,42.78
2026-04-24T03:30:00.000Z,41.07
2026-04-24T03:45:00.000Z,36.46
2026-04-24T04:00:00.000Z,37.52
2026-04-24T04:15:00.000Z,37.79
2026-04-24T04:30:00.000Z,44.30
2026-04-24T04:45:00.000Z,53.23
2026-04-24T05:00:00.000Z,56.96
2026-04-24T05:15:00.000Z,60.63
2026-04-24T05:30:00.000Z,60.63
2026-04-24T05:45:00.000Z,60.63
2026-04-24T06:00:00.000Z,49.85
2026-04-24T06:15:00.000Z,57.99
2026-04-24T06:30:00.000Z,60.63
2026-04-24T06:45:00.000Z,64.44
2026-04-24T07:00:00.000Z,60.63
2026-04-24T07:15:00.000Z,69.71
2026-04-24T07:30:00.000Z,80.15
2026-04-24T07:45:00.000Z,120.30
2026-04-24T08:00:00.000Z,68.53
2026-04-24T08:15:00.000Z,66.67
2026-04-24T08:30:00.000Z,45.30
2026-04-24T08:45:00.000Z,43.81
2026-04-24T09:00:00.000Z,45.25
2026-04-24T09:15:00.000Z,44.70
2026-04-24T09:30:00.000Z,44.06
2026-04-24T09:45:00.000Z,43.13
2026-04-24T10:00:00.000Z,42.66
2026-04-24T10:15:00.000Z,41.83
2026-04-24T10:30:00.000Z,41.69
2026-04-24T10:45:00.000Z,41.53
2026-04-24T11:00:00.000Z,39.46
2026-04-24T11:15:00.000Z,39.43
2026-04-24T11:30:00.000Z,38.93
2026-04-24T11:45:00.000Z,38.65
2026-04-24T12:00:00.000Z,39.03
2026-04-24T12:15:00.000Z,39.03
2026-04-24T12:30:00.000Z,39.03
2026-04-24T12:45:00.000Z,38.91
2026-04-24T13:00:00.000Z,37.40
2026-04-24T13:15:00.000Z,37.53
2026-04-24T13:30:00.000Z,39.62
2026-04-24T13:45:00.000Z,40.16
2026-04-24T14:00:00.000Z,36.07
2026-04-24T14:15:00.000Z,39.34
2026-04-24T14:30:00.000Z,41.34
2026-04-24T14:45:00.000Z,49.89
2026-04-24T15:00:00.000Z,49.58
2026-04-24T15:15:00.000Z,93.39
2026-04-24T15:30:00.000Z,109.28
2026-04-24T15:45:00.000Z,79.92
2026-04-24T16:00:00.000Z,104.24
2026-04-24T16:15:00.000Z,74.36
2026-04-24T16:30:00.000Z,64.13
2026-04-24T16:45:00.000Z,45.01
2026-04-24T17:00:00.000Z,48.84
2026-04-24T17:15:00.000Z,45.94
2026-04-24T17:30:00.000Z,44.57
2026-04-24T17:45:00.000Z,40.01
2026-04-24T18:00:00.000Z,46.40
2026-04-24T18:15:00.000Z,45.01
2026-04-24T18:30:00.000Z,44.84
2026-04-24T18:45:00.000Z,47.69
2026-04-24T19:00:00.000Z,41.02
2026-04-24T19:15:00.000Z,42.70
2026-04-24T19:30:00.000Z,45.01
2026-04-24T19:45:00.000Z,45.01
2026-04-24T20:00:00.000Z,45.01
2026-04-24T20:15:00.000Z,45.01
2026-04-24T20:30:00.000Z,43.60
2026-04-24T20:45:00.000Z,38.50
2026-04-24T21:00:00.000Z,29.83
2026-04-24T21:15:00.000Z,43.77
2026-04-24T21:30:00.000Z,41.75
2026-04-24T21:45:00.000Z,44.66
2026-04-24T22:00:00.000Z,37.25
2026-04-24T22:15:00.000Z,37.93
2026-04-24T22:30:00.000Z,34.01
2026-04-24T22:45:00.000Z,33.14
2026-04-24T23:00:00.000Z,43.05
2026-04-24T23:15:00.000Z,45.00
2026-04-24T23:30:00.000Z,46.34
2026-04-24T23:45:00.000Z,47.70
2026-04-25T00:00:00.000Z,56.95
2026-04-25T00:15:00.000Z,59.84
2026-04-25T00:30:00.000Z,62.50
2026-04-25T00:45:00.000Z,70.04
2026-04-25T01:00:00.000Z,71.37
2026-04-25T01:15:00.000Z,71.21
2026-04-25T01:30:00.000Z,72.12
2026-04-25T01:45:00.000Z,71.84
2026-04-25T02:00:00.000Z,86.22
2026-04-25T02:15:00.000Z,86.21
2026-04-25T02:30:00.000Z,80.32
2026-04-25T02:45:00.000Z,78.26
2026-04-25T03:00:00.000Z,83.17
2026-04-25T03:15:00.000Z,86.23
2026-04-25T03:30:00.000Z,86.23
2026-04-25T03:45:00.000Z,86.23
2026-04-25T04:00:00.000Z,86.25
2026-04-25T04:15:00.000Z,86.26
2026-04-25T04:30:00.000Z,85.98
2026-04-25T04:45:00.000Z,85.75
2026-04-25T05:00:00.000Z,86.28
2026-04-25T05:15:00.000Z,86.30
2026-04-25T05:30:00.000Z,80.71
2026-04-25T05:45:00.000Z,61.22
2026-04-25T06:00:00.000Z,73.39
2026-04-25T06:15:00.000Z,50.33
2026-04-25T06:30:00.000Z,34.67
2026-04-25T06:45:00.000Z,28.91
2026-04-25T07:00:00.000Z,30.71
2026-04-25T07:15:00.000Z,30.94
2026-04-25T07:30:00.000Z,28.78
2026-04-25T07:45:00.000Z,28.96
2026-04-25T08:00:00.000Z,27.75
2026-04-25T08:15:00.000Z,28.00
2026-04-25T08:30:00.000Z,25.04
2026-04-25T08:45:00.000Z,22.08
2026-04-25T09:00:00.000Z,19.74
2026-04-25T09:15:00.000Z,20.84
2026-04-25T09:30:00.000Z,19.39
2026-04-25T09:45:00.000Z,18.39
2026-04-25T10:00:00.000Z,16.91
2026-04-25T10:15:00.000Z,15.37
2026-04-25T10:30:00.000Z,15.29
2026-04-25T10:45:00.000Z,13.97
2026-04-25T11:00:00.000Z,10.35
2026-04-25T11:15:00.000Z,10.38
2026-04-25T11:30:00.000Z,10.67
2026-04-25T11:45:00.000Z,10.74
2026-04-25T12:00:00.000Z,10.16
2026-04-25T12:15:00.000Z,10.16
2026-04-25T12:30:00.000Z,10.16
2026-04-25T12:45:00.000Z,10.81
2026-04-25T13:00:00.000Z,9.69
2026-04-25T13:15:00.000Z,9.72
2026-04-25T13:30:00.000Z,9.76
2026-04-25T13:45:00.000Z,9.87
2026-04-25T14:00:00.000Z,12.71
2026-04-25T14:15:00.000Z,13.02
2026-04-25T14:30:00.000Z,15.51
2026-04-25T14:45:00.000Z,15.92
2026-04-25T15:00:00.000Z,24.75
2026-04-25T15:15:00.000Z,28.34
2026-04-25T15:30:00.000Z,28.27
2026-04-25T15:45:00.000Z,30.78
2026-04-25T16:00:00.000Z,30.55
2026-04-25T16:15:00.000Z,41.19
2026-04-25T16:30:00.000Z,45.33
2026-04-25T16:45:00.000Z,53.84
2026-04-25T17:00:00.000Z,56.35
2026-04-25T17:15:00.000Z,70.62
2026-04-25T17:30:00.000Z,73.75
2026-04-25T17:45:00.000Z,78.38
2026-04-25T18:00:00.000Z,56.90
2026-04-25T18:15:00.000Z,56.91
2026-04-25T18:30:00.000Z,57.83
2026-04-25T18:45:00.000Z,59.97
2026-04-25T19:00:00.000Z,52.00
2026-04-25T19:15:00.000Z,56.23
2026-04-25T19:30:00.000Z,58.52
2026-04-25T19:45:00.000Z,61.30
2026-04-25T20:00:00.000Z,55.85
2026-04-25T20:15:00.000Z,58.22
2026-04-25T20:30:00.000Z,59.79
2026-04-25T20:45:00.000Z,62.06
2026-04-25T21:00:00.000Z,74.18
2026-04-25T21:15:00.000Z,72.58
2026-04-25T21:30:00.000Z,75.02
2026-04-25T21:45:00.000Z,72.57
2026-04-25T22:00:00.000Z,78.03
2026-04-25T22:15:00.000Z,72.27
2026-04-25T22:30:00.000Z,70.51
2026-04-25T22:45:00.000Z,70.35
2026-04-25T23:00:00.000Z,73.67
2026-04-25T23:15:00.000Z,70.51
2026-04-25T23:30:00.000Z,70.51
2026-04-25T23:45:00.000Z,70.51
2026-04-26T00:00:00.000Z,70.51
2026-04-26T00:15:00.000Z,69.68
2026-04-26T00:30:00.000Z,67.84
2026-04-26T00:45:00.000Z,66.69
2026-04-26T01:00:00.000Z,70.51
2026-04-26T01:15:00.000Z,67.69
2026-04-26T01:30:00.000Z,65.86
2026-04-26T01:45:00.000Z,66.51
2026-04-26T02:00:00.000Z,69.38
2026-04-26T02:15:00.000Z,67.76
2026-04-26T02:30:00.000Z,69.07
2026-04-26T02:45:00.000Z,69.68
2026-04-26T03:00:00.000Z,70.51
2026-04-26T03:15:00.000Z,72.37
2026-04-26T03:30:00.000Z,73.86
2026-04-26T03:45:00.000Z,75.03
2026-04-26T04:00:00.000Z,70.51
2026-04-26T04:15:00.000Z,70.51
2026-04-26T04:30:00.000Z,70.51
2026-04-26T04:45:00.000Z,75.96
2026-04-26T05:00:00.000Z,70.51
2026-04-26T05:15:00.000Z,78.26
2026-04-26T05:30:00.000Z,79.26
2026-04-26T05:45:00.000Z,76.01
2026-04-26T06:00:00.000Z,86.26
2026-04-26T06:15:00.000Z,86.27
2026-04-26T06:30:00.000Z,83.27
2026-04-26T06:45:00.000Z,61.03
2026-04-26T07:00:00.000Z,69.01
2026-04-26T07:15:00.000Z,51.85
2026-04-26T07:30:00.000Z,47.90
2026-04-26T07:45:00.000Z,46.41
2026-04-26T08:00:00.000Z,46.57
2026-04-26T08:15:00.000Z,41.46
2026-04-26T08:30:00.000Z,41.00
2026-04-26T08:45:00.000Z,41.04
2026-04-26T09:00:00.000Z,41.42
2026-04-26T09:15:00.000Z,41.41
2026-04-26T09:30:00.000Z,41.25
2026-04-26T09:45:00.000Z,40.60
2026-04-26T10:00:00.000Z,41.41
2026-04-26T10:15:00.000Z,40.66
2026-04-26T10:30:00.000Z,40.50
2026-04-26T10:45:00.000Z,40.37
2026-04-26T11:00:00.000Z,41.28
2026-04-26T11:15:00.000Z,39.81
2026-04-26T11:30:00.000Z,39.36
2026-04-26T11:45:00.000Z,39.23
2026-04-26T12:00:00.000Z,39.53
2026-04-26T12:15:00.000Z,39.51
2026-04-26T12:30:00.000Z,40.64
2026-04-26T12:45:00.000Z,39.73
2026-04-26T13:00:00.000Z,40.44
2026-04-26T13:15:00.000Z,40.06
2026-04-26T13:30:00.000Z,40.56
2026-04-26T13:45:00.000Z,42.83
2026-04-26T14:00:00.000Z,40.42
2026-04-26T14:15:00.000Z,42.11
2026-04-26T14:30:00.000Z,44.45
2026-04-26T14:45:00.000Z,49.97
2026-04-26T15:00:00.000Z,43.25
2026-04-26T15:15:00.000Z,47.36
2026-04-26T15:30:00.000Z,77.27
2026-04-26T15:45:00.000Z,174.11
2026-04-26T16:00:00.000Z,139.26
2026-04-26T16:15:00.000Z,86.21
2026-04-26T16:30:00.000Z,70.51
2026-04-26T16:45:00.000Z,70.51
2026-04-26T17:00:00.000Z,70.51
2026-04-26T17:15:00.000Z,88.15
2026-04-26T17:30:00.000Z,86.26
2026-04-26T17:45:00.000Z,86.24
2026-04-26T18:00:00.000Z,86.25
2026-04-26T18:15:00.000Z,86.27
2026-04-26T18:30:00.000Z,86.27
2026-04-26T18:45:00.000Z,86.27
2026-04-26T19:00:00.000Z,85.94
2026-04-26T19:15:00.000Z,85.95
2026-04-26T19:30:00.000Z,85.97
2026-04-26T19:45:00.000Z,85.99
2026-04-26T20:00:00.000Z,86.26
2026-04-26T20:15:00.000Z,86.29
2026-04-26T20:30:00.000Z,86.30
2026-04-26T20:45:00.000Z,91.02
2026-04-26T21:00:00.000Z,86.28
2026-04-26T21:15:00.000Z,86.28
2026-04-26T21:30:00.000Z,86.28
2026-04-26T22:00:00.000Z,83.87
2026-04-26T22:15:00.000Z,89.00
2026-04-26T22:30:00.000Z,82.86
2026-04-26T22:45:00.000Z,74.52
2026-04-26T23:00:00.000Z,77.48
2026-04-26T23:15:00.000Z,77.76
2026-04-26T23:30:00.000Z,73.28
2026-04-26T23:45:00.000Z,71.84
2026-04-27T00:00:00.000Z,78.95
2026-04-27T00:15:00.000Z,76.96
2026-04-27T00:30:00.000Z,75.00
2026-04-27T00:45:00.000Z,89.00
2026-04-27T01:00:00.000Z,89.01
2026-04-27T01:15:00.000Z,89.00
2026-04-27T01:30:00.000Z,84.28
2026-04-27T01:45:00.000Z,74.99
2026-04-27T02:00:00.000Z,86.72
2026-04-27T02:15:00.000Z,70.26
2026-04-27T02:30:00.000Z,66.58
2026-04-27T02:45:00.000Z,66.55
2026-04-27T03:00:00.000Z,69.36
2026-04-27T03:15:00.000Z,66.58
2026-04-27T03:30:00.000Z,69.28
2026-04-27T03:45:00.000Z,77.43
2026-04-27T04:00:00.000Z,64.93
2026-04-27T04:15:00.000Z,69.77
2026-04-27T04:30:00.000Z,91.63
2026-04-27T04:45:00.000Z,104.01
2026-04-27T05:00:00.000Z,86.89
2026-04-27T05:15:00.000Z,92.23
2026-04-27T05:30:00.000Z,78.06
2026-04-27T05:45:00.000Z,91.58
2026-04-27T06:00:00.000Z,75.81
2026-04-27T06:15:00.000Z,77.54
2026-04-27T06:30:00.000Z,92.23
2026-04-27T06:45:00.000Z,75.91
2026-04-27T07:00:00.000Z,75.83
2026-04-27T07:15:00.000Z,90.42
2026-04-27T07:30:00.000Z,92.23
2026-04-27T07:45:00.000Z,99.74
2026-04-27T08:00:00.000Z,73.94
2026-04-27T08:15:00.000Z,84.95
2026-04-27T08:30:00.000Z,128.48
2026-04-27T08:45:00.000Z,180.23
2026-04-27T09:00:00.000Z,147.36
2026-04-27T09:15:00.000Z,136.14
2026-04-27T09:30:00.000Z,125.32
2026-04-27T09:45:00.000Z,121.17
2026-04-27T10:00:00.000Z,123.27
2026-04-27T10:15:00.000Z,113.06
2026-04-27T10:30:00.000Z,110.69
2026-04-27T10:45:00.000Z,109.45
2026-04-27T11:00:00.000Z,109.54
2026-04-27T11:15:00.000Z,96.53
2026-04-27T11:30:00.000Z,92.23
2026-04-27T11:45:00.000Z,92.23
2026-04-27T12:00:00.000Z,92.23
2026-04-27T12:15:00.000Z,91.61
2026-04-27T12:30:00.000Z,92.23
2026-04-27T12:45:00.000Z,95.31
2026-04-27T13:00:00.000Z,91.66
2026-04-27T13:15:00.000Z,87.99
2026-04-27T13:30:00.000Z,92.23
2026-04-27T13:45:00.000Z,117.50
2026-04-27T14:00:00.000Z,128.93
2026-04-27T14:15:00.000Z,92.23
2026-04-27T14:30:00.000Z,68.08
2026-04-27T14:45:00.000Z,64.82
2026-04-27T15:00:00.000Z,97.25
2026-04-27T15:15:00.000Z,77.98
2026-04-27T15:30:00.000Z,75.87
2026-04-27T15:45:00.000Z,66.54
2026-04-27T16:00:00.000Z,76.30
2026-04-27T16:15:00.000Z,68.43
2026-04-27T16:30:00.000Z,66.53
2026-04-27T16:45:00.000Z,64.84
2026-04-27T17:00:00.000Z,66.51
2026-04-27T17:15:00.000Z,66.51
2026-04-27T17:30:00.000Z,66.51
2026-04-27T17:45:00.000Z,75.81
2026-04-27T18:00:00.000Z,70.00
2026-04-27T18:15:00.000Z,73.34
2026-04-27T18:30:00.000Z,68.72
2026-04-27T18:45:00.000Z,67.70
2026-04-27T19:00:00.000Z,71.75
2026-04-27T19:15:00.000Z,68.79
2026-04-27T19:30:00.000Z,66.59
2026-04-27T19:45:00.000Z,66.60
2026-04-27T20:00:00.000Z,76.00
2026-04-27T20:15:00.000Z,75.75
2026-04-27T20:30:00.000Z,82.13
2026-04-27T20:45:00.000Z,88.08
2026-04-27T21:00:00.000Z,75.86
2026-04-27T21:15:00.000Z,75.86
2026-04-27T21:30:00.000Z,75.86
2026-04-27T21:45:00.000Z,91.62
2026-04-27T22:00:00.000Z,69.44
2026-04-27T22:15:00.000Z,68.12
2026-04-27T22:30:00.000Z,68.53
2026-04-27T22:45:00.000Z,65.79
2026-04-27T23:00:00.000Z,65.79
2026-04-27T23:15:00.000Z,65.79
2026-04-27T23:30:00.000Z,65.79
2026-04-27T23:45:00.000Z,65.79
2026-04-28T00:00:00.000Z,65.78
2026-04-28T00:15:00.000Z,67.40
2026-04-28T00:30:00.000Z,68.35
2026-04-28T00:45:00.000Z,66.14
2026-04-28T01:00:00.000Z,68.79
2026-04-28T01:15:00.000Z,70.76
2026-04-28T01:30:00.000Z,66.26
2026-04-28T01:45:00.000Z,65.75
2026-04-28T02:00:00.000Z,65.70
2026-04-28T02:15:00.000Z,62.68
2026-04-28T02:30:00.000Z,61.86
2026-04-28T02:45:00.000Z,61.64
2026-04-28T03:00:00.000Z,61.76
2026-04-28T03:15:00.000Z,61.90
2026-04-28T03:30:00.000Z,62.97
2026-04-28T03:45:00.000Z,67.28
2026-04-28T04:00:00.000Z,57.45
2026-04-28T04:15:00.000Z,61.73
2026-04-28T04:30:00.000Z,65.76
2026-04-28T04:45:00.000Z,77.15
2026-04-28T05:00:00.000Z,73.18
2026-04-28T05:15:00.000Z,85.01
2026-04-28T05:30:00.000Z,90.09
2026-04-28T05:45:00.000Z,96.31
2026-04-28T06:00:00.000Z,90.75
2026-04-28T06:15:00.000Z,93.56
2026-04-28T06:30:00.000Z,98.71
2026-04-28T06:45:00.000Z,120.97
2026-04-28T07:00:00.000Z,95.75
2026-04-28T07:15:00.000Z,115.96
2026-04-28T07:30:00.000Z,128.85
2026-04-28T07:45:00.000Z,120.16
2026-04-28T08:00:00.000Z,120.29
2026-04-28T08:15:00.000Z,88.63
2026-04-28T08:30:00.000Z,75.41
2026-04-28T08:45:00.000Z,73.36
2026-04-28T09:00:00.000Z,90.09
2026-04-28T09:15:00.000Z,89.18
2026-04-28T09:30:00.000Z,81.10
2026-04-28T09:45:00.000Z,75.49
2026-04-28T10:00:00.000Z,73.92
2026-04-28T10:15:00.000Z,89.28
2026-04-28T10:30:00.000Z,75.00
2026-04-28T10:45:00.000Z,73.62
2026-04-28T11:00:00.000Z,84.73
2026-04-28T11:15:00.000Z,74.96
2026-04-28T11:30:00.000Z,73.56
2026-04-28T11:45:00.000Z,73.37
2026-04-28T12:00:00.000Z,69.60
2026-04-28T12:15:00.000Z,66.60
2026-04-28T12:30:00.000Z,65.77
2026-04-28T12:45:00.000Z,65.76
2026-04-28T13:00:00.000Z,63.10
2026-04-28T13:15:00.000Z,62.96
2026-04-28T13:30:00.000Z,64.78
2026-04-28T13:45:00.000Z,64.10
2026-04-28T14:00:00.000Z,58.46
2026-04-28T14:15:00.000Z,60.39
2026-04-28T14:30:00.000Z,61.75
2026-04-28T14:45:00.000Z,65.70
2026-04-28T15:00:00.000Z,60.82
2026-04-28T15:15:00.000Z,69.74
2026-04-28T15:30:00.000Z,99.36
2026-04-28T15:45:00.000Z,115.12
2026-04-28T16:00:00.000Z,127.08
2026-04-28T16:15:00.000Z,108.59
2026-04-28T16:30:00.000Z,88.91
2026-04-28T16:45:00.000Z,79.17
2026-04-28T17:00:00.000Z,81.59
2026-04-28T17:15:00.000Z,78.29
2026-04-28T17:30:00.000Z,73.98
2026-04-28T17:45:00.000Z,78.01
2026-04-28T18:00:00.000Z,90.09
2026-04-28T18:15:00.000Z,90.00
2026-04-28T18:30:00.000Z,85.00
2026-04-28T18:45:00.000Z,80.09
2026-04-28T19:00:00.000Z,73.96
2026-04-28T19:15:00.000Z,73.99
2026-04-28T19:30:00.000Z,74.94
2026-04-28T19:45:00.000Z,81.59
2026-04-28T20:00:00.000Z,79.07
2026-04-28T20:15:00.000Z,90.00
2026-04-28T20:30:00.000Z,90.09
2026-04-28T20:45:00.000Z,90.09
2026-04-28T21:00:00.000Z,90.09
2026-04-28T21:15:00.000Z,82.42
2026-04-28T21:30:00.000Z,73.62
2026-04-28T21:45:00.000Z,67.99
2026-04-28T22:00:00.000Z,81.74
2026-04-28T22:15:00.000Z,76.10
2026-04-28T22:30:00.000Z,78.25
2026-04-28T22:45:00.000Z,80.00
2026-04-28T23:00:00.000Z,74.80
2026-04-28T23:15:00.000Z,75.38
2026-04-28T23:30:00.000Z,75.81
2026-04-28T23:45:00.000Z,76.02
2026-04-29T00:00:00.000Z,64.73
2026-04-29T00:15:00.000Z,65.73
2026-04-29T00:30:00.000Z,66.86
2026-04-29T00:45:00.000Z,73.62
2026-04-29T01:00:00.000Z,66.03
2026-04-29T01:15:00.000Z,73.17
2026-04-29T01:30:00.000Z,80.00
2026-04-29T01:45:00.000Z,86.11
2026-04-29T02:00:00.000Z,69.48
2026-04-29T02:15:00.000Z,80.00
2026-04-29T02:30:00.000Z,82.33
2026-04-29T02:45:00.000Z,84.99
2026-04-29T03:00:00.000Z,69.59
2026-04-29T03:15:00.000Z,81.24
2026-04-29T03:30:00.000Z,93.42
2026-04-29T03:45:00.000Z,91.94
2026-04-29T04:00:00.000Z,92.47
2026-04-29T04:15:00.000Z,81.64
2026-04-29T04:30:00.000Z,80.01
2026-04-29T04:45:00.000Z,83.01
2026-04-29T05:00:00.000Z,101.38
2026-04-29T05:15:00.000Z,105.73
2026-04-29T05:30:00.000Z,101.15
2026-04-29T05:45:00.000Z,108.78
2026-04-29T06:00:00.000Z,107.58
2026-04-29T06:15:00.000Z,106.04
2026-04-29T06:30:00.000Z,106.31
2026-04-29T06:45:00.000Z,110.57
2026-04-29T07:00:00.000Z,103.21
2026-04-29T07:15:00.000Z,98.69
2026-04-29T07:30:00.000Z,119.50
2026-04-29T07:45:00.000Z,82.61
2026-04-29T08:00:00.000Z,74.70
2026-04-29T08:15:00.000Z,65.90
2026-04-29T08:30:00.000Z,59.47
2026-04-29T08:45:00.000Z,60.55
2026-04-29T09:00:00.000Z,48.72
2026-04-29T09:15:00.000Z,47.80
2026-04-29T09:30:00.000Z,46.17
2026-04-29T09:45:00.000Z,53.31
2026-04-29T10:00:00.000Z,41.24
2026-04-29T10:15:00.000Z,42.60
2026-04-29T10:30:00.000Z,38.64
2026-04-29T10:45:00.000Z,35.02
2026-04-29T11:00:00.000Z,39.51
2026-04-29T11:15:00.000Z,39.46
2026-04-29T11:30:00.000Z,37.72
2026-04-29T11:45:00.000Z,37.45
2026-04-29T12:00:00.000Z,35.72
2026-04-29T12:15:00.000Z,35.68
2026-04-29T12:30:00.000Z,34.53
2026-04-29T12:45:00.000Z,34.45
2026-04-29T13:00:00.000Z,29.46
2026-04-29T13:15:00.000Z,28.23
2026-04-29T13:30:00.000Z,27.93
2026-04-29T13:45:00.000Z,28.67
2026-04-29T14:00:00.000Z,39.26
2026-04-29T14:15:00.000Z,45.30
2026-04-29T14:30:00.000Z,48.54
2026-04-29T14:45:00.000Z,49.36
2026-04-29T15:00:00.000Z,51.39
2026-04-29T15:15:00.000Z,54.06
2026-04-29T15:30:00.000Z,57.66
2026-04-29T15:45:00.000Z,70.90
2026-04-29T16:00:00.000Z,87.92
2026-04-29T16:15:00.000Z,73.10
2026-04-29T16:30:00.000Z,62.53
2026-04-29T16:45:00.000Z,54.47
2026-04-29T17:00:00.000Z,70.01
2026-04-29T17:15:00.000Z,65.74
2026-04-29T17:30:00.000Z,50.88
2026-04-29T17:45:00.000Z,42.35
2026-04-29T18:00:00.000Z,83.41
2026-04-29T18:15:00.000Z,79.12
2026-04-29T18:30:00.000Z,78.09
2026-04-29T18:45:00.000Z,79.30
2026-04-29T19:00:00.000Z,80.99
2026-04-29T19:15:00.000Z,77.25
2026-04-29T19:30:00.000Z,78.82
2026-04-29T19:45:00.000Z,76.94
2026-04-29T20:00:00.000Z,87.76
2026-04-29T20:15:00.000Z,87.74
2026-04-29T20:30:00.000Z,87.05
2026-04-29T20:45:00.000Z,89.10
2026-04-29T21:00:00.000Z,85.67
2026-04-29T21:15:00.000Z,85.63
2026-04-29T21:30:00.000Z,84.55
2026-04-29T21:45:00.000Z,84.17
2026-04-29T22:00:00.000Z,85.57
2026-04-29T22:15:00.000Z,69.83
2026-04-29T22:30:00.000Z,69.94
2026-04-29T22:45:00.000Z,71.51
2026-04-29T23:00:00.000Z,83.68
2026-04-29T23:15:00.000Z,78.36
2026-04-29T23:30:00.000Z,75.01
2026-04-29T23:45:00.000Z,71.51
2026-04-30T00:00:00.000Z,77.42
2026-04-30T00:15:00.000Z,80.73
2026-04-30T00:30:00.000Z,77.26
2026-04-30T00:45:00.000Z,77.93
2026-04-30T01:00:00.000Z,77.40
2026-04-30T01:15:00.000Z,77.86
2026-04-30T01:30:00.000Z,77.77
2026-04-30T01:45:00.000Z,77.79
2026-04-30T02:00:00.000Z,81.25
2026-04-30T02:15:00.000Z,82.01
2026-04-30T02:30:00.000Z,74.80
2026-04-30T02:45:00.000Z,75.00
2026-04-30T03:00:00.000Z,77.18
2026-04-30T03:15:00.000Z,83.88
2026-04-30T03:30:00.000Z,83.51
2026-04-30T03:45:00.000Z,82.49
2026-04-30T04:00:00.000Z,75.18
2026-04-30T04:15:00.000Z,75.10
2026-04-30T04:30:00.000Z,80.29
2026-04-30T04:45:00.000Z,77.32
2026-04-30T05:00:00.000Z,79.24
2026-04-30T05:15:00.000Z,78.56
2026-04-30T05:30:00.000Z,84.58
2026-04-30T05:45:00.000Z,94.60
2026-04-30T06:00:00.000Z,58.92
2026-04-30T06:15:00.000Z,69.03
2026-04-30T06:30:00.000Z,75.30
2026-04-30T06:45:00.000Z,66.85
2026-04-30T07:00:00.000Z,69.60
2026-04-30T07:15:00.000Z,60.57
2026-04-30T07:30:00.000Z,44.49
2026-04-30T07:45:00.000Z,37.35
2026-04-30T08:00:00.000Z,38.83
2026-04-30T08:15:00.000Z,37.02
2026-04-30T08:30:00.000Z,36.57
2026-04-30T08:45:00.000Z,35.99
2026-04-30T09:00:00.000Z,40.79
2026-04-30T09:15:00.000Z,40.40
2026-04-30T09:30:00.000Z,39.70
2026-04-30T09:45:00.000Z,38.66
2026-04-30T10:00:00.000Z,39.41
2026-04-30T10:15:00.000Z,40.21
2026-04-30T10:30:00.000Z,40.68
2026-04-30T10:45:00.000Z,43.03
2026-04-30T11:00:00.000Z,37.54
2026-04-30T11:15:00.000Z,37.67
2026-04-30T11:30:00.000Z,36.15
2026-04-30T11:45:00.000Z,37.22
2026-04-30T12:00:00.000Z,42.71
2026-04-30T12:15:00.000Z,39.79
2026-04-30T12:30:00.000Z,39.23
2026-04-30T12:45:00.000Z,39.25
2026-04-30T13:00:00.000Z,39.76
2026-04-30T13:15:00.000Z,40.98
2026-04-30T13:30:00.000Z,42.27
2026-04-30T13:45:00.000Z,44.13
2026-04-30T14:00:00.000Z,38.81
2026-04-30T14:15:00.000Z,40.66
2026-04-30T14:30:00.000Z,42.56
2026-04-30T14:45:00.000Z,44.01
2026-04-30T15:00:00.000Z,37.05
2026-04-30T15:15:00.000Z,39.89
2026-04-30T15:30:00.000Z,44.19
2026-04-30T15:45:00.000Z,67.25
2026-04-30T16:00:00.000Z,57.15
2026-04-30T16:15:00.000Z,68.38
2026-04-30T16:30:00.000Z,74.87
2026-04-30T16:45:00.000Z,75.08
2026-04-30T17:00:00.000Z,72.41
2026-04-30T17:15:00.000Z,74.96
2026-04-30T17:30:00.000Z,78.17
2026-04-30T17:45:00.000Z,76.67
2026-04-30T18:00:00.000Z,72.89
2026-04-30T18:15:00.000Z,69.14
2026-04-30T18:30:00.000Z,65.76
2026-04-30T18:45:00.000Z,62.32
2026-04-30T19:00:00.000Z,73.28
2026-04-30T19:15:00.000Z,71.48
2026-04-30T19:30:00.000Z,66.23
2026-04-30T19:45:00.000Z,65.02
2026-04-30T20:00:00.000Z,66.45
2026-04-30T20:15:00.000Z,63.66
2026-04-30T20:30:00.000Z,59.94
2026-04-30T20:45:00.000Z,61.73
2026-04-30T21:00:00.000Z,60.37
2026-04-30T21:15:00.000Z,62.49
2026-04-30T21:30:00.000Z,62.14
2026-04-30T21:45:00.000Z,61.12
2026-04-30T22:00:00.000Z,63.91
2026-04-30T22:15:00.000Z,64.36
2026-04-30T22:30:00.000Z,62.06
2026-04-30T22:45:00.000Z,59.93
2026-04-30T23:00:00.000Z,62.57
2026-04-30T23:15:00.000Z,61.78
2026-04-30T23:30:00.000Z,61.07
2026-04-30T23:45:00.000Z,59.55
2026-05-01T00:00:00.000Z,62.11
2026-05-01T00:15:00.000Z,60.98
2026-05-01T00:30:00.000Z,61.15
2026-05-01T00:45:00.000Z,60.66
2026-05-01T01:00:00.000Z,61.95
2026-05-01T01:15:00.000Z,62.38
2026-05-01T01:30:00.000Z,61.86
2026-05-01T01:45:00.000Z,61.23
2026-05-01T02:00:00.000Z,62.04
2026-05-01T02:15:00.000Z,62.28
2026-05-01T02:30:00.000Z,61.59
2026-05-01T02:45:00.000Z,62.75
2026-05-01T03:00:00.000Z,63.60
2026-05-01T03:15:00.000Z,63.56
2026-05-01T03:30:00.000Z,63.66
2026-05-01T03:45:00.000Z,63.17
2026-05-01T04:00:00.000Z,70.27
2026-05-01T04:15:00.000Z,68.08
2026-05-01T04:30:00.000Z,66.44
2026-05-01T04:45:00.000Z,63.13
2026-05-01T05:00:00.000Z,60.35
2026-05-01T05:15:00.000Z,58.24
2026-05-01T05:30:00.000Z,53.65
2026-05-01T05:45:00.000Z,51.60
2026-05-01T06:00:00.000Z,51.70
2026-05-01T06:15:00.000Z,51.50
2026-05-01T06:30:00.000Z,45.40
2026-05-01T06:45:00.000Z,44.22
2026-05-01T07:00:00.000Z,39.83
2026-05-01T07:15:00.000Z,40.27
2026-05-01T07:30:00.000Z,39.30
2026-05-01T07:45:00.000Z,37.26
2026-05-01T08:00:00.000Z,35.20
2026-05-01T08:15:00.000Z,34.64
2026-05-01T08:30:00.000Z,34.31
2026-05-01T08:45:00.000Z,35.19
2026-05-01T09:00:00.000Z,27.67
2026-05-01T09:15:00.000Z,28.64
2026-05-01T09:30:00.000Z,28.28
2026-05-01T09:45:00.000Z,41.31
2026-05-01T10:00:00.000Z,25.19
2026-05-01T10:15:00.000Z,31.80
2026-05-01T10:30:00.000Z,34.35
2026-05-01T10:45:00.000Z,33.62
2026-05-01T11:00:00.000Z,32.72
2026-05-01T11:15:00.000Z,32.24
2026-05-01T11:30:00.000Z,30.26
2026-05-01T11:45:00.000Z,28.24
2026-05-01T12:00:00.000Z,29.33
2026-05-01T12:15:00.000Z,28.92
2026-05-01T12:30:00.000Z,28.39
2026-05-01T12:45:00.000Z,28.37
2026-05-01T13:00:00.000Z,27.36
2026-05-01T13:15:00.000Z,27.42
2026-05-01T13:30:00.000Z,27.44
2026-05-01T13:45:00.000Z,28.38
2026-05-01T14:00:00.000Z,28.93
2026-05-01T14:15:00.000Z,30.08
2026-05-01T14:30:00.000Z,29.88
2026-05-01T14:45:00.000Z,30.56
2026-05-01T15:00:00.000Z,28.32
2026-05-01T15:15:00.000Z,28.95
2026-05-01T15:30:00.000Z,36.01
2026-05-01T15:45:00.000Z,49.85
2026-05-01T16:00:00.000Z,45.41
2026-05-01T16:15:00.000Z,53.19
2026-05-01T16:30:00.000Z,58.98
2026-05-01T16:45:00.000Z,62.61
2026-05-01T17:00:00.000Z,59.78
2026-05-01T17:15:00.000Z,62.21
2026-05-01T17:30:00.000Z,63.98
2026-05-01T17:45:00.000Z,63.65
2026-05-01T18:00:00.000Z,65.27
2026-05-01T18:15:00.000Z,63.76
2026-05-01T18:30:00.000Z,63.41
2026-05-01T18:45:00.000Z,61.86
2026-05-01T19:00:00.000Z,64.01
2026-05-01T19:15:00.000Z,63.97
2026-05-01T19:30:00.000Z,62.71
2026-05-01T19:45:00.000Z,60.51
2026-05-01T20:00:00.000Z,67.40
2026-05-01T20:15:00.000Z,64.87
2026-05-01T20:30:00.000Z,62.62
2026-05-01T20:45:00.000Z,59.55
2026-05-01T21:00:00.000Z,61.26
2026-05-01T21:15:00.000Z,59.85
2026-05-01T21:30:00.000Z,56.17
2026-05-01T21:45:00.000Z,53.61
2026-05-01T22:00:00.000Z,57.19
2026-05-01T22:15:00.000Z,58.92
2026-05-01T22:30:00.000Z,58.82
2026-05-01T22:45:00.000Z,58.30
2026-05-01T23:00:00.000Z,59.81
2026-05-01T23:15:00.000Z,57.73
2026-05-01T23:30:00.000Z,56.33
2026-05-01T23:45:00.000Z,54.63
2026-05-02T00:00:00.000Z,57.18
2026-05-02T00:15:00.000Z,55.45
2026-05-02T00:30:00.000Z,54.93
2026-05-02T00:45:00.000Z,54.62
2026-05-02T01:00:00.000Z,54.08
2026-05-02T01:15:00.000Z,54.08
2026-05-02T01:30:00.000Z,54.08
2026-05-02T01:45:00.000Z,53.89
2026-05-02T02:00:00.000Z,54.74
2026-05-02T02:15:00.000Z,54.96
2026-05-02T02:30:00.000Z,54.98
2026-05-02T02:45:00.000Z,55.00
2026-05-02T03:00:00.000Z,52.53
2026-05-02T03:15:00.000Z,52.38
2026-05-02T03:30:00.000Z,52.54
2026-05-02T03:45:00.000Z,52.58
2026-05-02T04:00:00.000Z,52.97
2026-05-02T04:15:00.000Z,52.89
2026-05-02T04:30:00.000Z,52.58
2026-05-02T04:45:00.000Z,51.65
2026-05-02T05:00:00.000Z,57.03
2026-05-02T05:15:00.000Z,55.42
2026-05-02T05:30:00.000Z,51.86
2026-05-02T05:45:00.000Z,42.27
2026-05-02T06:00:00.000Z,46.45
2026-05-02T06:15:00.000Z,45.45
2026-05-02T06:30:00.000Z,45.15
2026-05-02T06:45:00.000Z,40.10
2026-05-02T07:00:00.000Z,40.44
2026-05-02T07:15:00.000Z,35.77
2026-05-02T07:30:00.000Z,35.21
2026-05-02T07:45:00.000Z,35.43
2026-05-02T08:00:00.000Z,35.69
2026-05-02T08:15:00.000Z,35.59
2026-05-02T08:30:00.000Z,35.18
2026-05-02T08:45:00.000Z,34.69
2026-05-02T09:00:00.000Z,32.91
2026-05-02T09:15:00.000Z,32.48
2026-05-02T09:30:00.000Z,32.39
2026-05-02T09:45:00.000Z,32.44
2026-05-02T10:00:00.000Z,32.34
2026-05-02T10:15:00.000Z,32.16
2026-05-02T10:30:00.000Z,31.99
2026-05-02T10:45:00.000Z,31.59
2026-05-02T11:00:00.000Z,32.89
2026-05-02T11:15:00.000Z,32.65
2026-05-02T11:30:00.000Z,32.53
2026-05-02T11:45:00.000Z,32.50
2026-05-02T12:00:00.000Z,33.40
2026-05-02T12:15:00.000Z,33.41
2026-05-02T12:30:00.000Z,33.41
2026-05-02T12:45:00.000Z,33.41
2026-05-02T13:00:00.000Z,32.40
2026-05-02T13:15:00.000Z,33.06
2026-05-02T13:30:00.000Z,34.44
2026-05-02T13:45:00.000Z,35.59
2026-05-02T14:00:00.000Z,35.08
2026-05-02T14:15:00.000Z,35.13
2026-05-02T14:30:00.000Z,37.40
2026-05-02T14:45:00.000Z,41.36
2026-05-02T15:00:00.000Z,41.32
2026-05-02T15:15:00.000Z,50.70
2026-05-02T15:30:00.000Z,51.84
2026-05-02T15:45:00.000Z,54.32
2026-05-02T16:00:00.000Z,54.70
2026-05-02T16:15:00.000Z,55.78
2026-05-02T16:30:00.000Z,60.86
2026-05-02T16:45:00.000Z,63.55
2026-05-02T17:00:00.000Z,62.21
2026-05-02T17:15:00.000Z,63.74
2026-05-02T17:30:00.000Z,65.61
2026-05-02T17:45:00.000Z,68.10
2026-05-02T18:00:00.000Z,66.43
2026-05-02T18:15:00.000Z,66.93
2026-05-02T18:30:00.000Z,68.57
2026-05-02T18:45:00.000Z,68.81
2026-05-02T19:00:00.000Z,68.33
2026-05-02T19:15:00.000Z,67.67
2026-05-02T19:30:00.000Z,66.82
2026-05-02T19:45:00.000Z,66.33
2026-05-02T20:00:00.000Z,66.92
2026-05-02T20:15:00.000Z,65.06
2026-05-02T20:30:00.000Z,64.13
2026-05-02T20:45:00.000Z,63.09
2026-05-02T21:00:00.000Z,63.90
2026-05-02T21:15:00.000Z,63.16
2026-05-02T21:30:00.000Z,61.53
2026-05-02T21:45:00.000Z,59.51
2026-05-02T22:00:00.000Z,68.72
2026-05-02T22:15:00.000Z,67.88
2026-05-02T22:30:00.000Z,67.22
2026-05-02T22:45:00.000Z,66.01
2026-05-02T23:00:00.000Z,65.46
2026-05-02T23:15:00.000Z,64.53
2026-05-02T23:30:00.000Z,64.07
2026-05-02T23:45:00.000Z,62.55
2026-05-03T00:00:00.000Z,62.91
2026-05-03T00:15:00.000Z,63.39
2026-05-03T00:30:00.000Z,63.37
2026-05-03T00:45:00.000Z,64.00
2026-05-03T01:00:00.000Z,62.27
2026-05-03T01:15:00.000Z,64.16
2026-05-03T01:30:00.000Z,64.22
2026-05-03T01:45:00.000Z,65.04
2026-05-03T02:00:00.000Z,62.64
2026-05-03T02:15:00.000Z,63.04
2026-05-03T02:30:00.000Z,63.55
2026-05-03T02:45:00.000Z,63.93
2026-05-03T03:00:00.000Z,63.22
2026-05-03T03:15:00.000Z,64.68
2026-05-03T03:30:00.000Z,66.26
2026-05-03T03:45:00.000Z,67.25
2026-05-03T04:00:00.000Z,66.43
2026-05-03T04:15:00.000Z,65.20
2026-05-03T04:30:00.000Z,66.28
2026-05-03T04:45:00.000Z,67.61
2026-05-03T05:00:00.000Z,61.35
2026-05-03T05:15:00.000Z,62.47
2026-05-03T05:30:00.000Z,64.57
2026-05-03T05:45:00.000Z,63.56
2026-05-03T06:00:00.000Z,62.55
2026-05-03T06:15:00.000Z,59.36
2026-05-03T06:30:00.000Z,60.78
2026-05-03T06:45:00.000Z,63.40
2026-05-03T07:00:00.000Z,65.80
2026-05-03T07:15:00.000Z,59.08
2026-05-03T07:30:00.000Z,54.61
2026-05-03T07:45:00.000Z,50.91
2026-05-03T08:00:00.000Z,58.88
2026-05-03T08:15:00.000Z,56.16
2026-05-03T08:30:00.000Z,53.50
2026-05-03T08:45:00.000Z,50.19
2026-05-03T09:00:00.000Z,53.78
2026-05-03T09:15:00.000Z,50.40
2026-05-03T09:30:00.000Z,50.23
2026-05-03T09:45:00.000Z,50.01
2026-05-03T10:00:00.000Z,47.74
2026-05-03T10:15:00.000Z,48.05
2026-05-03T10:30:00.000Z,49.00
2026-05-03T10:45:00.000Z,50.87
2026-05-03T11:00:00.000Z,50.60
2026-05-03T11:15:00.000Z,52.40
2026-05-03T11:30:00.000Z,53.43
2026-05-03T11:45:00.000Z,52.54
2026-05-03T12:00:00.000Z,49.71
2026-05-03T12:15:00.000Z,51.43
2026-05-03T12:30:00.000Z,50.01
2026-05-03T12:45:00.000Z,51.56
2026-05-03T13:00:00.000Z,46.37
2026-05-03T13:15:00.000Z,49.75
2026-05-03T13:30:00.000Z,55.39
2026-05-03T13:45:00.000Z,58.35
2026-05-03T14:00:00.000Z,40.40
2026-05-03T14:15:00.000Z,51.84
2026-05-03T14:30:00.000Z,69.97
2026-05-03T14:45:00.000Z,80.96
2026-05-03T15:00:00.000Z,57.49
2026-05-03T15:15:00.000Z,90.52
2026-05-03T15:30:00.000Z,106.52
2026-05-03T15:45:00.000Z,100.97
2026-05-03T16:00:00.000Z,115.19
2026-05-03T16:15:00.000Z,110.85
2026-05-03T16:30:00.000Z,107.91
2026-05-03T16:45:00.000Z,106.06
2026-05-03T17:00:00.000Z,117.52
2026-05-03T17:15:00.000Z,116.09
2026-05-03T17:30:00.000Z,108.96
2026-05-03T17:45:00.000Z,95.96
2026-05-03T18:00:00.000Z,103.75
2026-05-03T18:15:00.000Z,98.16
2026-05-03T18:30:00.000Z,95.92
2026-05-03T18:45:00.000Z,88.31
2026-05-03T19:00:00.000Z,95.47
2026-05-03T19:15:00.000Z,95.87
2026-05-03T19:30:00.000Z,81.49
2026-05-03T19:45:00.000Z,75.07
2026-05-03T20:00:00.000Z,93.09
2026-05-03T20:15:00.000Z,81.66
2026-05-03T20:30:00.000Z,77.30
2026-05-03T20:45:00.000Z,66.16
2026-05-03T21:00:00.000Z,82.19
2026-05-03T21:15:00.000Z,79.02
2026-05-03T21:30:00.000Z,70.83
2026-05-03T21:45:00.000Z,68.53
2026-05-03T22:00:00.000Z,72.55
2026-05-03T22:15:00.000Z,76.04
2026-05-03T22:30:00.000Z,72.87
2026-05-03T22:45:00.000Z,70.46
2026-05-03T23:00:00.000Z,72.16
2026-05-03T23:15:00.000Z,71.21
2026-05-03T23:30:00.000Z,70.45
2026-05-03T23:45:00.000Z,69.48
2026-05-04T00:00:00.000Z,71.97
2026-05-04T00:15:00.000Z,71.32
2026-05-04T00:30:00.000Z,70.32
2026-05-04T00:45:00.000Z,69.37
2026-05-04T01:00:00.000Z,67.92
2026-05-04T01:15:00.000Z,67.86
2026-05-04T01:30:00.000Z,68.19
2026-05-04T01:45:00.000Z,69.15
2026-05-04T02:00:00.000Z,67.55
2026-05-04T02:15:00.000Z,69.13
2026-05-04T02:30:00.000Z,70.49
2026-05-04T02:45:00.000Z,71.85
2026-05-04T03:00:00.000Z,66.81
2026-05-04T03:15:00.000Z,73.24
2026-05-04T03:30:00.000Z,74.96
2026-05-04T03:45:00.000Z,70.24
2026-05-04T04:00:00.000Z,69.99
2026-05-04T04:15:00.000Z,69.22
2026-05-04T04:30:00.000Z,75.99
2026-05-04T04:45:00.000Z,85.87
2026-05-04T05:00:00.000Z,73.67
2026-05-04T05:15:00.000Z,78.14
2026-05-04T05:30:00.000Z,82.14
2026-05-04T05:45:00.000Z,100.93
2026-05-04T06:00:00.000Z,142.78
2026-05-04T06:15:00.000Z,123.62
2026-05-04T06:30:00.000Z,116.96
2026-05-04T06:45:00.000Z,117.10
2026-05-04T07:00:00.000Z,116.79
2026-05-04T07:15:00.000Z,116.03
2026-05-04T07:30:00.000Z,113.01
2026-05-04T07:45:00.000Z,110.64
2026-05-04T08:00:00.000Z,114.06
2026-05-04T08:15:00.000Z,105.82
2026-05-04T08:30:00.000Z,102.78
2026-05-04T08:45:00.000Z,95.48
2026-05-04T09:00:00.000Z,101.91
2026-05-04T09:15:00.000Z,99.23
2026-05-04T09:30:00.000Z,98.25
2026-05-04T09:45:00.000Z,80.01
2026-05-04T10:00:00.000Z,86.20
2026-05-04T10:15:00.000Z,74.37
2026-05-04T10:30:00.000Z,70.24
2026-05-04T10:45:00.000Z,65.78
2026-05-04T11:00:00.000Z,72.49
2026-05-04T11:15:00.000Z,69.82
2026-05-04T11:30:00.000Z,65.27
2026-05-04T11:45:00.000Z,64.79
2026-05-04T12:00:00.000Z,68.64
2026-05-04T12:15:00.000Z,66.78
2026-05-04T12:30:00.000Z,66.76
2026-05-04T12:45:00.000Z,68.29
2026-05-04T13:00:00.000Z,65.94
2026-05-04T13:15:00.000Z,69.39
2026-05-04T13:30:00.000Z,67.52
2026-05-04T13:45:00.000Z,70.98
2026-05-04T14:00:00.000Z,65.59
2026-05-04T14:15:00.000Z,71.15
2026-05-04T14:30:00.000Z,77.63
2026-05-04T14:45:00.000Z,83.85
2026-05-04T15:00:00.000Z,72.52
2026-05-04T15:15:00.000Z,78.90
2026-05-04T15:30:00.000Z,88.30
2026-05-04T15:45:00.000Z,103.57
2026-05-04T16:00:00.000Z,88.32
2026-05-04T16:15:00.000Z,91.34
2026-05-04T16:30:00.000Z,93.68
2026-05-04T16:45:00.000Z,91.82
2026-05-04T17:00:00.000Z,91.88
2026-05-04T17:15:00.000Z,86.49
2026-05-04T17:30:00.000Z,83.35
2026-05-04T17:45:00.000Z,82.28
2026-05-04T18:00:00.000Z,93.67
2026-05-04T18:15:00.000Z,84.38
2026-05-04T18:30:00.000Z,80.91
2026-05-04T18:45:00.000Z,76.42
2026-05-04T19:00:00.000Z,92.25
2026-05-04T19:15:00.000Z,81.11
2026-05-04T19:30:00.000Z,74.76
2026-05-04T19:45:00.000Z,70.03
2026-05-04T20:00:00.000Z,82.72
2026-05-04T20:15:00.000Z,73.96
2026-05-04T20:30:00.000Z,64.96
2026-05-04T20:45:00.000Z,61.55
2026-05-04T21:00:00.000Z,69.80
2026-05-04T21:15:00.000Z,64.67
2026-05-04T21:30:00.000Z,61.98
2026-05-04T21:45:00.000Z,59.68
2026-05-04T22:00:00.000Z,69.28
2026-05-04T22:15:00.000Z,76.23
2026-05-04T22:30:00.000Z,77.87
2026-05-04T22:45:00.000Z,74.63
2026-05-04T23:00:00.000Z,77.39
2026-05-04T23:15:00.000Z,76.42
2026-05-04T23:30:00.000Z,73.80
2026-05-04T23:45:00.000Z,70.65
2026-05-05T00:00:00.000Z,73.60
2026-05-05T00:15:00.000Z,71.78
2026-05-05T00:30:00.000Z,69.97
2026-05-05T00:45:00.000Z,68.72
2026-05-05T01:00:00.000Z,70.20
2026-05-05T01:15:00.000Z,69.13
2026-05-05T01:30:00.000Z,65.31
2026-05-05T01:45:00.000Z,62.73
2026-05-05T02:00:00.000Z,67.39
2026-05-05T02:15:00.000Z,62.71
2026-05-05T02:30:00.000Z,61.17
2026-05-05T02:45:00.000Z,62.10
2026-05-05T03:00:00.000Z,60.13
2026-05-05T03:15:00.000Z,64.21
2026-05-05T03:30:00.000Z,67.22
2026-05-05T03:45:00.000Z,75.13
2026-05-05T04:00:00.000Z,66.83
2026-05-05T04:15:00.000Z,69.17
2026-05-05T04:30:00.000Z,77.09
2026-05-05T04:45:00.000Z,84.56
2026-05-05T05:00:00.000Z,87.05
2026-05-05T05:15:00.000Z,89.48
2026-05-05T05:30:00.000Z,87.37
2026-05-05T05:45:00.000Z,87.76
2026-05-05T06:00:00.000Z,100.41
2026-05-05T06:15:00.000Z,87.97
2026-05-05T06:30:00.000Z,77.93
2026-05-05T06:45:00.000Z,75.08
2026-05-05T07:00:00.000Z,81.22
2026-05-05T07:15:00.000Z,72.96
2026-05-05T07:30:00.000Z,60.76
2026-05-05T07:45:00.000Z,57.86
2026-05-05T08:00:00.000Z,65.12
2026-05-05T08:15:00.000Z,64.70
2026-05-05T08:30:00.000Z,70.19
2026-05-05T08:45:00.000Z,74.28
2026-05-05T09:00:00.000Z,62.45
2026-05-05T09:15:00.000Z,61.25
2026-05-05T09:30:00.000Z,70.32
2026-05-05T09:45:00.000Z,71.21
2026-05-05T10:00:00.000Z,73.62
2026-05-05T10:15:00.000Z,70.89
2026-05-05T10:30:00.000Z,70.03
2026-05-05T10:45:00.000Z,70.01
2026-05-05T11:00:00.000Z,78.32
2026-05-05T11:15:00.000Z,76.03
2026-05-05T11:30:00.000Z,74.92
2026-05-05T11:45:00.000Z,79.59
2026-05-05T12:00:00.000Z,72.30
2026-05-05T12:15:00.000Z,72.96
2026-05-05T12:30:00.000Z,78.69
2026-05-05T12:45:00.000Z,81.33
2026-05-05T13:00:00.000Z,79.04
2026-05-05T13:15:00.000Z,77.31
2026-05-05T13:30:00.000Z,76.80
2026-05-05T13:45:00.000Z,70.47
2026-05-05T14:00:00.000Z,69.70
2026-05-05T14:15:00.000Z,69.83
2026-05-05T14:30:00.000Z,76.01
2026-05-05T14:45:00.000Z,80.58
2026-05-05T15:00:00.000Z,80.01
2026-05-05T15:15:00.000Z,78.52
2026-05-05T15:30:00.000Z,81.47
2026-05-05T15:45:00.000Z,88.32
2026-05-05T16:00:00.000Z,80.23
2026-05-05T16:15:00.000Z,83.94
2026-05-05T16:30:00.000Z,86.87
2026-05-05T16:45:00.000Z,97.36
2026-05-05T17:00:00.000Z,86.72
2026-05-05T17:15:00.000Z,91.09
2026-05-05T17:30:00.000Z,102.76
2026-05-05T17:45:00.000Z,113.37
2026-05-05T18:00:00.000Z,102.51
2026-05-05T18:15:00.000Z,98.10
2026-05-05T18:30:00.000Z,98.66
2026-05-05T18:45:00.000Z,94.23
2026-05-05T19:00:00.000Z,103.35
2026-05-05T19:15:00.000Z,94.11
2026-05-05T19:30:00.000Z,87.75
2026-05-05T19:45:00.000Z,78.32
2026-05-05T20:00:00.000Z,93.10
2026-05-05T20:15:00.000Z,84.91
2026-05-05T20:30:00.000Z,77.23
2026-05-05T20:45:00.000Z,70.35
2026-05-05T21:00:00.000Z,77.44
2026-05-05T21:15:00.000Z,76.25
2026-05-05T21:30:00.000Z,69.14
2026-05-05T21:45:00.000Z,67.67
2026-05-05T22:00:00.000Z,73.51
2026-05-05T22:15:00.000Z,75.43
2026-05-05T22:30:00.000Z,73.89
2026-05-05T22:45:00.000Z,68.33
2026-05-05T23:00:00.000Z,76.71
2026-05-05T23:15:00.000Z,76.07
2026-05-05T23:30:00.000Z,70.36
2026-05-05T23:45:00.000Z,70.12
2026-05-06T00:00:00.000Z,73.13
2026-05-06T00:15:00.000Z,70.57
2026-05-06T00:30:00.000Z,72.86
2026-05-06T00:45:00.000Z,73.11
2026-05-06T01:00:00.000Z,71.08
2026-05-06T01:15:00.000Z,69.88
2026-05-06T01:30:00.000Z,74.93
2026-05-06T01:45:00.000Z,75.10
2026-05-06T02:00:00.000Z,66.18
2026-05-06T02:15:00.000Z,68.83
2026-05-06T02:30:00.000Z,78.14
2026-05-06T02:45:00.000Z,81.70
2026-05-06T03:00:00.000Z,67.18
2026-05-06T03:15:00.000Z,81.48
2026-05-06T03:30:00.000Z,90.58
2026-05-06T03:45:00.000Z,101.71
2026-05-06T04:00:00.000Z,71.61
2026-05-06T04:15:00.000Z,89.01
2026-05-06T04:30:00.000Z,109.27
2026-05-06T04:45:00.000Z,126.35
2026-05-06T05:00:00.000Z,124.55
2026-05-06T05:15:00.000Z,125.49
2026-05-06T05:30:00.000Z,128.91
2026-05-06T05:45:00.000Z,125.14
2026-05-06T06:00:00.000Z,159.25
2026-05-06T06:15:00.000Z,130.91
2026-05-06T06:30:00.000Z,111.48
2026-05-06T06:45:00.000Z,115.78
2026-05-06T07:00:00.000Z,111.33
2026-05-06T07:15:00.000Z,117.55
2026-05-06T07:30:00.000Z,117.05
2026-05-06T07:45:00.000Z,110.94
2026-05-06T08:00:00.000Z,105.05
2026-05-06T08:15:00.000Z,104.95
2026-05-06T08:30:00.000Z,98.31
2026-05-06T08:45:00.000Z,94.52
2026-05-06T09:00:00.000Z,103.75
2026-05-06T09:15:00.000Z,97.67
2026-05-06T09:30:00.000Z,96.88
2026-05-06T09:45:00.000Z,91.10
2026-05-06T10:00:00.000Z,99.24
2026-05-06T10:15:00.000Z,95.61
2026-05-06T10:30:00.000Z,98.28
2026-05-06T10:45:00.000Z,96.68
2026-05-06T11:00:00.000Z,91.84
2026-05-06T11:15:00.000Z,95.33
2026-05-06T11:30:00.000Z,96.39
2026-05-06T11:45:00.000Z,93.86
2026-05-06T12:00:00.000Z,96.05
2026-05-06T12:15:00.000Z,99.61
2026-05-06T12:30:00.000Z,98.89
2026-05-06T12:45:00.000Z,101.20
2026-05-06T13:00:00.000Z,123.01
2026-05-06T13:15:00.000Z,118.60
2026-05-06T13:30:00.000Z,118.69
2026-05-06T13:45:00.000Z,120.44
2026-05-06T14:00:00.000Z,122.33
2026-05-06T14:15:00.000Z,122.06
2026-05-06T14:30:00.000Z,115.87
2026-05-06T14:45:00.000Z,121.54
2026-05-06T15:00:00.000Z,115.05
2026-05-06T15:15:00.000Z,119.64
2026-05-06T15:30:00.000Z,125.43
2026-05-06T15:45:00.000Z,136.33
2026-05-06T16:00:00.000Z,123.70
2026-05-06T16:15:00.000Z,127.64
2026-05-06T16:30:00.000Z,137.02
2026-05-06T16:45:00.000Z,150.96
2026-05-06T17:00:00.000Z,136.43
2026-05-06T17:15:00.000Z,145.66
2026-05-06T17:30:00.000Z,152.74
2026-05-06T17:45:00.000Z,165.31
2026-05-06T18:00:00.000Z,142.11
2026-05-06T18:15:00.000Z,147.46
2026-05-06T18:30:00.000Z,155.28
2026-05-06T18:45:00.000Z,164.95
2026-05-06T19:00:00.000Z,158.97
2026-05-06T19:15:00.000Z,157.59
2026-05-06T19:30:00.000Z,148.56
2026-05-06T19:45:00.000Z,135.69
2026-05-06T20:00:00.000Z,151.00
2026-05-06T20:15:00.000Z,144.13
2026-05-06T20:30:00.000Z,136.24
2026-05-06T20:45:00.000Z,126.20
2026-05-06T21:00:00.000Z,132.16
2026-05-06T21:15:00.000Z,125.53
2026-05-06T21:30:00.000Z,122.19
2026-05-06T21:45:00.000Z,117.42
2026-05-06T22:00:00.000Z,122.15
2026-05-06T22:15:00.000Z,122.09
2026-05-06T22:30:00.000Z,119.27
2026-05-06T22:45:00.000Z,115.92
2026-05-06T23:00:00.000Z,114.75
2026-05-06T23:15:00.000Z,113.13
2026-05-06T23:30:00.000Z,112.60
2026-05-06T23:45:00.000Z,111.96
2026-05-07T00:00:00.000Z,111.16
2026-05-07T00:15:00.000Z,111.92
2026-05-07T00:30:00.000Z,111.76
2026-05-07T00:45:00.000Z,112.82
2026-05-07T01:00:00.000Z,112.31
2026-05-07T01:15:00.000Z,112.00
2026-05-07T01:30:00.000Z,112.97
2026-05-07T01:45:00.000Z,114.99
2026-05-07T02:00:00.000Z,111.91
2026-05-07T02:15:00.000Z,114.65
2026-05-07T02:30:00.000Z,116.55
2026-05-07T02:45:00.000Z,120.70
2026-05-07T03:00:00.000Z,115.90
2026-05-07T03:15:00.000Z,119.91
2026-05-07T03:30:00.000Z,124.72
2026-05-07T03:45:00.000Z,131.70
2026-05-07T04:00:00.000Z,135.45
2026-05-07T04:15:00.000Z,147.19
2026-05-07T04:30:00.000Z,151.64
2026-05-07T04:45:00.000Z,157.00
2026-05-07T05:00:00.000Z,170.01
2026-05-07T05:15:00.000Z,169.73
2026-05-07T05:30:00.000Z,164.61
2026-05-07T05:45:00.000Z,157.97
2026-05-07T06:00:00.000Z,183.80
2026-05-07T06:15:00.000Z,153.69
2026-05-07T06:30:00.000Z,148.05
2026-05-07T06:45:00.000Z,133.25
2026-05-07T07:00:00.000Z,148.96
2026-05-07T07:15:00.000Z,138.72
2026-05-07T07:30:00.000Z,130.49
2026-05-07T07:45:00.000Z,123.66
2026-05-07T08:00:00.000Z,131.37
2026-05-07T08:15:00.000Z,122.01
2026-05-07T08:30:00.000Z,115.97
2026-05-07T08:45:00.000Z,111.18
2026-05-07T09:00:00.000Z,115.96
2026-05-07T09:15:00.000Z,113.91
2026-05-07T09:30:00.000Z,112.93
2026-05-07T09:45:00.000Z,112.04
2026-05-07T10:00:00.000Z,110.11
2026-05-07T10:15:00.000Z,107.03
2026-05-07T10:30:00.000Z,105.72
2026-05-07T10:45:00.000Z,104.32
2026-05-07T11:00:00.000Z,105.83
2026-05-07T11:15:00.000Z,105.65
2026-05-07T11:30:00.000Z,103.25
2026-05-07T11:45:00.000Z,102.59
2026-05-07T12:00:00.000Z,102.52
2026-05-07T12:15:00.000Z,103.38
2026-05-07T12:30:00.000Z,103.99
2026-05-07T12:45:00.000Z,106.04
2026-05-07T13:00:00.000Z,105.34
2026-05-07T13:15:00.000Z,108.57
2026-05-07T13:30:00.000Z,110.38
2026-05-07T13:45:00.000Z,112.78
2026-05-07T14:00:00.000Z,111.75
2026-05-07T14:15:00.000Z,111.74
2026-05-07T14:30:00.000Z,115.22
2026-05-07T14:45:00.000Z,121.96
2026-05-07T15:00:00.000Z,116.96
2026-05-07T15:15:00.000Z,122.30
2026-05-07T15:30:00.000Z,131.20
2026-05-07T15:45:00.000Z,149.02
2026-05-07T16:00:00.000Z,129.13
2026-05-07T16:15:00.000Z,136.93
2026-05-07T16:30:00.000Z,148.23
2026-05-07T16:45:00.000Z,163.86
2026-05-07T17:00:00.000Z,158.04
2026-05-07T17:15:00.000Z,162.77
2026-05-07T17:30:00.000Z,183.03
2026-05-07T17:45:00.000Z,216.38
2026-05-07T18:00:00.000Z,208.89
2026-05-07T18:15:00.000Z,214.80
2026-05-07T18:30:00.000Z,214.53
2026-05-07T18:45:00.000Z,206.53
2026-05-07T19:00:00.000Z,212.44
2026-05-07T19:15:00.000Z,182.78
2026-05-07T19:30:00.000Z,163.34
2026-05-07T19:45:00.000Z,151.46
2026-05-07T20:00:00.000Z,160.44
2026-05-07T20:15:00.000Z,150.01
2026-05-07T20:30:00.000Z,149.99
2026-05-07T20:45:00.000Z,140.78
2026-05-07T21:00:00.000Z,150.00
2026-05-07T21:15:00.000Z,142.13
2026-05-07T21:30:00.000Z,132.34
2026-05-07T21:45:00.000Z,126.73
2026-05-07T22:00:00.000Z,133.72
2026-05-07T22:15:00.000Z,129.74
2026-05-07T22:30:00.000Z,123.49
2026-05-07T22:45:00.000Z,118.51
2026-05-07T23:00:00.000Z,120.83
2026-05-07T23:15:00.000Z,117.75
2026-05-07T23:30:00.000Z,116.28
2026-05-07T23:45:00.000Z,113.26
2026-05-08T00:00:00.000Z,115.78
2026-05-08T00:15:00.000Z,115.15
2026-05-08T00:30:00.000Z,114.99
2026-05-08T00:45:00.000Z,113.00
2026-05-08T01:00:00.000Z,113.99
2026-05-08T01:15:00.000Z,113.95
2026-05-08T01:30:00.000Z,113.06
2026-05-08T01:45:00.000Z,113.82
2026-05-08T02:00:00.000Z,112.59
2026-05-08T02:15:00.000Z,113.50
2026-05-08T02:30:00.000Z,115.80
2026-05-08T02:45:00.000Z,117.67
2026-05-08T03:00:00.000Z,116.49
2026-05-08T03:15:00.000Z,117.84
2026-05-08T03:30:00.000Z,121.90
2026-05-08T03:45:00.000Z,124.50
2026-05-08T04:00:00.000Z,129.60
2026-05-08T04:15:00.000Z,135.65
2026-05-08T04:30:00.000Z,139.79
2026-05-08T04:45:00.000Z,140.71
2026-05-08T05:00:00.000Z,151.76
2026-05-08T05:15:00.000Z,147.30
2026-05-08T05:30:00.000Z,141.37
2026-05-08T05:45:00.000Z,130.97
2026-05-08T06:00:00.000Z,156.09
2026-05-08T06:15:00.000Z,137.88
2026-05-08T06:30:00.000Z,123.99
2026-05-08T06:45:00.000Z,115.90
2026-05-08T07:00:00.000Z,126.73
2026-05-08T07:15:00.000Z,117.46
2026-05-08T07:30:00.000Z,112.25
2026-05-08T07:45:00.000Z,104.19
2026-05-08T08:00:00.000Z,113.90
2026-05-08T08:15:00.000Z,104.24
2026-05-08T08:30:00.000Z,99.35
2026-05-08T08:45:00.000Z,92.40
2026-05-08T09:00:00.000Z,102.70
2026-05-08T09:15:00.000Z,97.37
2026-05-08T09:30:00.000Z,87.85
2026-05-08T09:45:00.000Z,82.22
2026-05-08T10:00:00.000Z,91.20
2026-05-08T10:15:00.000Z,86.87
2026-05-08T10:30:00.000Z,83.82
2026-05-08T10:45:00.000Z,80.28
2026-05-08T11:00:00.000Z,85.01
2026-05-08T11:15:00.000Z,81.21
2026-05-08T11:30:00.000Z,77.99
2026-05-08T11:45:00.000Z,75.13
2026-05-08T12:00:00.000Z,76.18
2026-05-08T12:15:00.000Z,79.97
2026-05-08T12:30:00.000Z,87.01
2026-05-08T12:45:00.000Z,84.02
2026-05-08T13:00:00.000Z,78.95
2026-05-08T13:15:00.000Z,78.11
2026-05-08T13:30:00.000Z,80.69
2026-05-08T13:45:00.000Z,88.28
2026-05-08T14:00:00.000Z,74.92
2026-05-08T14:15:00.000Z,85.46
2026-05-08T14:30:00.000Z,94.86
2026-05-08T14:45:00.000Z,103.49
2026-05-08T15:00:00.000Z,85.72
2026-05-08T15:15:00.000Z,94.64
2026-05-08T15:30:00.000Z,101.09
2026-05-08T15:45:00.000Z,105.43
2026-05-08T16:00:00.000Z,102.11
2026-05-08T16:15:00.000Z,100.01
2026-05-08T16:30:00.000Z,101.74
2026-05-08T16:45:00.000Z,103.89
2026-05-08T17:00:00.000Z,109.94
2026-05-08T17:15:00.000Z,103.40
2026-05-08T17:30:00.000Z,104.78
2026-05-08T17:45:00.000Z,92.48
2026-05-08T18:00:00.000Z,113.42
2026-05-08T18:15:00.000Z,101.76
2026-05-08T18:30:00.000Z,88.26
2026-05-08T18:45:00.000Z,80.96
2026-05-08T19:00:00.000Z,105.18
2026-05-08T19:15:00.000Z,93.40
2026-05-08T19:30:00.000Z,87.61
2026-05-08T19:45:00.000Z,75.56
2026-05-08T20:00:00.000Z,90.20
2026-05-08T20:15:00.000Z,88.04
2026-05-08T20:30:00.000Z,80.44
2026-05-08T20:45:00.000Z,72.49
2026-05-08T21:00:00.000Z,82.89
2026-05-08T21:15:00.000Z,73.57
2026-05-08T21:30:00.000Z,67.68
2026-05-08T21:45:00.000Z,64.01
2026-05-08T22:00:00.000Z,84.66
2026-05-08T22:15:00.000Z,80.59
2026-05-08T22:30:00.000Z,74.44
2026-05-08T22:45:00.000Z,72.06
2026-05-08T23:00:00.000Z,79.04
2026-05-08T23:15:00.000Z,70.99
2026-05-08T23:30:00.000Z,69.08
2026-05-08T23:45:00.000Z,66.49
2026-05-09T00:00:00.000Z,73.91
2026-05-09T00:15:00.000Z,69.20
2026-05-09T00:30:00.000Z,69.14
2026-05-09T00:45:00.000Z,67.13
2026-05-09T01:00:00.000Z,71.64
2026-05-09T01:15:00.000Z,68.87
2026-05-09T01:30:00.000Z,67.36
2026-05-09T01:45:00.000Z,66.37
2026-05-09T02:00:00.000Z,74.19
2026-05-09T02:15:00.000Z,72.04
2026-05-09T02:30:00.000Z,71.64
2026-05-09T02:45:00.000Z,71.83
2026-05-09T03:00:00.000Z,72.66
2026-05-09T03:15:00.000Z,70.91
2026-05-09T03:30:00.000Z,70.86
2026-05-09T03:45:00.000Z,72.02
2026-05-09T04:00:00.000Z,73.56
2026-05-09T04:15:00.000Z,73.55
2026-05-09T04:30:00.000Z,74.25
2026-05-09T04:45:00.000Z,74.99
2026-05-09T05:00:00.000Z,65.49
2026-05-09T05:15:00.000Z,73.74
2026-05-09T05:30:00.000Z,75.06
2026-05-09T05:45:00.000Z,81.92
2026-05-09T06:00:00.000Z,79.05
2026-05-09T06:15:00.000Z,83.72
2026-05-09T06:30:00.000Z,82.85
2026-05-09T06:45:00.000Z,78.32
2026-05-09T07:00:00.000Z,95.24
2026-05-09T07:15:00.000Z,80.10
2026-05-09T07:30:00.000Z,67.46
2026-05-09T07:45:00.000Z,56.06
2026-05-09T08:00:00.000Z,64.36
2026-05-09T08:15:00.000Z,55.91
2026-05-09T08:30:00.000Z,55.51
2026-05-09T08:45:00.000Z,53.22
2026-05-09T09:00:00.000Z,59.59
2026-05-09T09:15:00.000Z,59.83
2026-05-09T09:30:00.000Z,59.63
2026-05-09T09:45:00.000Z,58.86
2026-05-09T10:00:00.000Z,57.00
2026-05-09T10:15:00.000Z,58.97
2026-05-09T10:30:00.000Z,58.99
2026-05-09T10:45:00.000Z,58.15
2026-05-09T11:00:00.000Z,59.85
2026-05-09T11:15:00.000Z,59.63
2026-05-09T11:30:00.000Z,57.51
2026-05-09T11:45:00.000Z,57.42
2026-05-09T12:00:00.000Z,57.86
2026-05-09T12:15:00.000Z,58.48
2026-05-09T12:30:00.000Z,57.10
2026-05-09T12:45:00.000Z,59.34
2026-05-09T13:00:00.000Z,57.58
2026-05-09T13:15:00.000Z,59.02
2026-05-09T13:30:00.000Z,57.50
2026-05-09T13:45:00.000Z,58.32
2026-05-09T14:00:00.000Z,51.97
2026-05-09T14:15:00.000Z,53.15
2026-05-09T14:30:00.000Z,60.16
2026-05-09T14:45:00.000Z,77.91
2026-05-09T15:00:00.000Z,59.79
2026-05-09T15:15:00.000Z,64.68
2026-05-09T15:30:00.000Z,74.26
2026-05-09T15:45:00.000Z,83.48
2026-05-09T16:00:00.000Z,69.15
2026-05-09T16:15:00.000Z,75.55
2026-05-09T16:30:00.000Z,87.72
2026-05-09T16:45:00.000Z,88.23
2026-05-09T17:00:00.000Z,91.98
2026-05-09T17:15:00.000Z,90.48
2026-05-09T17:30:00.000Z,85.69
2026-05-09T17:45:00.000Z,83.64
2026-05-09T18:00:00.000Z,86.91
2026-05-09T18:15:00.000Z,82.05
2026-05-09T18:30:00.000Z,79.08
2026-05-09T18:45:00.000Z,76.76
2026-05-09T19:00:00.000Z,87.67
2026-05-09T19:15:00.000Z,83.55
2026-05-09T19:30:00.000Z,76.98
2026-05-09T19:45:00.000Z,73.76
2026-05-09T20:00:00.000Z,78.35
2026-05-09T20:15:00.000Z,77.11
2026-05-09T20:30:00.000Z,75.96
2026-05-09T20:45:00.000Z,74.09
2026-05-09T21:00:00.000Z,74.40
2026-05-09T21:15:00.000Z,72.52
2026-05-09T21:30:00.000Z,69.08
2026-05-09T21:45:00.000Z,65.42
2026-05-09T22:00:00.000Z,77.74
2026-05-09T22:15:00.000Z,76.15
2026-05-09T22:30:00.000Z,75.23
2026-05-09T22:45:00.000Z,74.83
2026-05-09T23:00:00.000Z,75.66
2026-05-09T23:15:00.000Z,75.26
2026-05-09T23:30:00.000Z,74.32
2026-05-09T23:45:00.000Z,73.43
2026-05-10T00:00:00.000Z,72.63
2026-05-10T00:15:00.000Z,74.14
2026-05-10T00:30:00.000Z,74.11
2026-05-10T00:45:00.000Z,73.65
2026-05-10T01:00:00.000Z,71.62
2026-05-10T01:15:00.000Z,73.76
2026-05-10T01:30:00.000Z,73.98
2026-05-10T01:45:00.000Z,77.00
2026-05-10T02:00:00.000Z,73.89
2026-05-10T02:15:00.000Z,76.00
2026-05-10T02:30:00.000Z,79.13
2026-05-10T02:45:00.000Z,85.69
2026-05-10T03:00:00.000Z,70.93
2026-05-10T03:15:00.000Z,78.69
2026-05-10T03:30:00.000Z,85.66
2026-05-10T03:45:00.000Z,93.96
2026-05-10T04:00:00.000Z,71.24
2026-05-10T04:15:00.000Z,80.54
2026-05-10T04:30:00.000Z,92.54
2026-05-10T04:45:00.000Z,99.29
2026-05-10T05:00:00.000Z,66.85
2026-05-10T05:15:00.000Z,85.29
2026-05-10T05:30:00.000Z,96.25
2026-05-10T05:45:00.000Z,101.42
2026-05-10T06:00:00.000Z,109.18
2026-05-10T06:15:00.000Z,104.67
2026-05-10T06:30:00.000Z,81.16
2026-05-10T06:45:00.000Z,56.62
2026-05-10T07:00:00.000Z,72.46
2026-05-10T07:15:00.000Z,60.85
2026-05-10T07:30:00.000Z,60.26
2026-05-10T07:45:00.000Z,59.13
2026-05-10T08:00:00.000Z,62.24
2026-05-10T08:15:00.000Z,62.61
2026-05-10T08:30:00.000Z,62.12
2026-05-10T08:45:00.000Z,62.24
2026-05-10T09:00:00.000Z,62.73
2026-05-10T09:15:00.000Z,62.40
2026-05-10T09:30:00.000Z,61.70
2026-05-10T09:45:00.000Z,60.21
2026-05-10T10:00:00.000Z,62.48
2026-05-10T10:15:00.000Z,62.03
2026-05-10T10:30:00.000Z,61.02
2026-05-10T10:45:00.000Z,60.66
2026-05-10T11:00:00.000Z,60.13
2026-05-10T11:15:00.000Z,60.21
2026-05-10T11:30:00.000Z,60.22
2026-05-10T11:45:00.000Z,62.00
2026-05-10T12:00:00.000Z,58.77
2026-05-10T12:15:00.000Z,59.53
2026-05-10T12:30:00.000Z,60.82
2026-05-10T12:45:00.000Z,60.53
2026-05-10T13:00:00.000Z,63.49
2026-05-10T13:15:00.000Z,63.36
2026-05-10T13:30:00.000Z,64.84
2026-05-10T13:45:00.000Z,69.10
2026-05-10T14:00:00.000Z,63.53
2026-05-10T14:15:00.000Z,65.04
2026-05-10T14:30:00.000Z,70.46
2026-05-10T14:45:00.000Z,81.53
2026-05-10T15:00:00.000Z,54.29
2026-05-10T15:15:00.000Z,73.80
2026-05-10T15:30:00.000Z,100.79
2026-05-10T15:45:00.000Z,106.00
2026-05-10T16:00:00.000Z,112.45
2026-05-10T16:15:00.000Z,106.71
2026-05-10T16:30:00.000Z,110.52
2026-05-10T16:45:00.000Z,111.14
2026-05-10T17:00:00.000Z,109.05
2026-05-10T17:15:00.000Z,110.50
2026-05-10T17:30:00.000Z,107.21
2026-05-10T17:45:00.000Z,106.14
2026-05-10T18:00:00.000Z,112.61
2026-05-10T18:15:00.000Z,110.98
2026-05-10T18:30:00.000Z,111.97
2026-05-10T18:45:00.000Z,110.36
2026-05-10T19:00:00.000Z,112.48
2026-05-10T19:15:00.000Z,110.01
2026-05-10T19:30:00.000Z,108.82
2026-05-10T19:45:00.000Z,106.94
2026-05-10T20:00:00.000Z,109.37
2026-05-10T20:15:00.000Z,106.44
2026-05-10T20:30:00.000Z,105.03
2026-05-10T20:45:00.000Z,103.76
2026-05-10T21:00:00.000Z,103.95
2026-05-10T21:15:00.000Z,104.08
2026-05-10T21:30:00.000Z,99.75
2026-05-10T21:45:00.000Z,95.03
2026-05-10T22:00:00.000Z,111.94
2026-05-10T22:15:00.000Z,107.98
2026-05-10T22:30:00.000Z,106.03
2026-05-10T22:45:00.000Z,105.68
2026-05-10T23:00:00.000Z,108.74
2026-05-10T23:15:00.000Z,106.83
2026-05-10T23:30:00.000Z,111.29
2026-05-10T23:45:00.000Z,111.65
2026-05-11T00:00:00.000Z,111.81
2026-05-11T00:15:00.000Z,112.38
2026-05-11T00:30:00.000Z,112.00
2026-05-11T00:45:00.000Z,111.33
2026-05-11T01:00:00.000Z,111.26
2026-05-11T01:15:00.000Z,110.93
2026-05-11T01:30:00.000Z,110.13
2026-05-11T01:45:00.000Z,109.17
2026-05-11T02:00:00.000Z,101.62
2026-05-11T02:15:00.000Z,102.93
2026-05-11T02:30:00.000Z,106.67
2026-05-11T02:45:00.000Z,111.60
2026-05-11T03:00:00.000Z,105.21
2026-05-11T03:15:00.000Z,110.11
2026-05-11T03:30:00.000Z,114.54
2026-05-11T03:45:00.000Z,118.36
2026-05-11T04:00:00.000Z,113.13
2026-05-11T04:15:00.000Z,111.95
2026-05-11T04:30:00.000Z,119.93
2026-05-11T04:45:00.000Z,132.94
2026-05-11T05:00:00.000Z,142.69
2026-05-11T05:15:00.000Z,149.31
2026-05-11T05:30:00.000Z,146.81
2026-05-11T05:45:00.000Z,140.71
2026-05-11T06:00:00.000Z,165.50
2026-05-11T06:15:00.000Z,146.79
2026-05-11T06:30:00.000Z,134.89
2026-05-11T06:45:00.000Z,135.71
2026-05-11T07:00:00.000Z,148.31
2026-05-11T07:15:00.000Z,132.68
2026-05-11T07:30:00.000Z,125.18
2026-05-11T07:45:00.000Z,125.17
2026-05-11T08:00:00.000Z,139.37
2026-05-11T08:15:00.000Z,134.50
2026-05-11T08:30:00.000Z,127.49
2026-05-11T08:45:00.000Z,129.93
2026-05-11T09:00:00.000Z,134.32
2026-05-11T09:15:00.000Z,129.78
2026-05-11T09:30:00.000Z,129.22
2026-05-11T09:45:00.000Z,128.59
2026-05-11T10:00:00.000Z,127.32
2026-05-11T10:15:00.000Z,126.09
2026-05-11T10:30:00.000Z,125.96
2026-05-11T10:45:00.000Z,122.11
2026-05-11T11:00:00.000Z,121.66
2026-05-11T11:15:00.000Z,120.70
2026-05-11T11:30:00.000Z,118.41
2026-05-11T11:45:00.000Z,115.16
2026-05-11T12:00:00.000Z,119.63
2026-05-11T12:15:00.000Z,121.09
2026-05-11T12:30:00.000Z,117.20
2026-05-11T12:45:00.000Z,118.65
2026-05-11T13:00:00.000Z,122.29
2026-05-11T13:15:00.000Z,120.18
2026-05-11T13:30:00.000Z,121.43
2026-05-11T13:45:00.000Z,119.21
2026-05-11T14:00:00.000Z,118.05
2026-05-11T14:15:00.000Z,120.89
2026-05-11T14:30:00.000Z,119.57
2026-05-11T14:45:00.000Z,118.36
2026-05-11T15:00:00.000Z,123.42
2026-05-11T15:15:00.000Z,123.92
2026-05-11T15:30:00.000Z,122.14
2026-05-11T15:45:00.000Z,124.71
2026-05-11T16:00:00.000Z,122.43
2026-05-11T16:15:00.000Z,123.59
2026-05-11T16:30:00.000Z,124.35
2026-05-11T16:45:00.000Z,126.44
2026-05-11T17:00:00.000Z,124.31
2026-05-11T17:15:00.000Z,125.98
2026-05-11T17:30:00.000Z,128.56
2026-05-11T17:45:00.000Z,134.20
2026-05-11T18:00:00.000Z,126.90
2026-05-11T18:15:00.000Z,125.11
2026-05-11T18:30:00.000Z,129.89
2026-05-11T18:45:00.000Z,130.02
2026-05-11T19:00:00.000Z,131.46
2026-05-11T19:15:00.000Z,126.74
2026-05-11T19:30:00.000Z,123.94
2026-05-11T19:45:00.000Z,123.52
2026-05-11T20:00:00.000Z,123.18
2026-05-11T20:15:00.000Z,123.47
2026-05-11T20:30:00.000Z,124.18
2026-05-11T20:45:00.000Z,127.01
2026-05-11T21:00:00.000Z,125.46
2026-05-11T21:15:00.000Z,123.94
2026-05-11T21:30:00.000Z,122.65
2026-05-11T21:45:00.000Z,118.28
2026-05-11T22:00:00.000Z,123.01
2026-05-11T22:15:00.000Z,120.28
2026-05-11T22:30:00.000Z,117.07
2026-05-11T22:45:00.000Z,115.30
2026-05-11T23:00:00.000Z,119.14
2026-05-11T23:15:00.000Z,115.71
2026-05-11T23:30:00.000Z,115.61
2026-05-11T23:45:00.000Z,114.14
2026-05-12T00:00:00.000Z,114.16
2026-05-12T00:15:00.000Z,113.72
2026-05-12T00:30:00.000Z,113.83
2026-05-12T00:45:00.000Z,113.51
2026-05-12T01:00:00.000Z,113.28
2026-05-12T01:15:00.000Z,112.17
2026-05-12T01:30:00.000Z,110.90
2026-05-12T01:45:00.000Z,107.11
2026-05-12T02:00:00.000Z,105.67
2026-05-12T02:15:00.000Z,108.90
2026-05-12T02:30:00.000Z,110.54
2026-05-12T02:45:00.000Z,115.25
2026-05-12T03:00:00.000Z,105.16
2026-05-12T03:15:00.000Z,107.76
2026-05-12T03:30:00.000Z,112.14
2026-05-12T03:45:00.000Z,115.90
2026-05-12T04:00:00.000Z,119.57
2026-05-12T04:15:00.000Z,122.85
2026-05-12T04:30:00.000Z,121.23
2026-05-12T04:45:00.000Z,120.11
2026-05-12T05:00:00.000Z,127.81
2026-05-12T05:15:00.000Z,129.57
2026-05-12T05:30:00.000Z,127.20
2026-05-12T05:45:00.000Z,125.70
2026-05-12T06:00:00.000Z,127.34
2026-05-12T06:15:00.000Z,124.20
2026-05-12T06:30:00.000Z,120.82
2026-05-12T06:45:00.000Z,118.51
2026-05-12T07:00:00.000Z,122.44
2026-05-12T07:15:00.000Z,119.29
2026-05-12T07:30:00.000Z,116.51
2026-05-12T07:45:00.000Z,115.70
2026-05-12T08:00:00.000Z,118.19
2026-05-12T08:15:00.000Z,114.00
2026-05-12T08:30:00.000Z,105.19
2026-05-12T08:45:00.000Z,102.80
2026-05-12T09:00:00.000Z,107.78
2026-05-12T09:15:00.000Z,107.21
2026-05-12T09:30:00.000Z,108.16
2026-05-12T09:45:00.000Z,110.43
2026-05-12T10:00:00.000Z,105.65
2026-05-12T10:15:00.000Z,108.16
2026-05-12T10:30:00.000Z,109.63
2026-05-12T10:45:00.000Z,107.14
2026-05-12T11:00:00.000Z,123.17
2026-05-12T11:15:00.000Z,118.37
2026-05-12T11:30:00.000Z,118.79
2026-05-12T11:45:00.000Z,123.63
2026-05-12T12:00:00.000Z,120.62
2026-05-12T12:15:00.000Z,119.90
2026-05-12T12:30:00.000Z,121.80
2026-05-12T12:45:00.000Z,123.17
2026-05-12T13:00:00.000Z,94.28
2026-05-12T13:15:00.000Z,97.78
2026-05-12T13:30:00.000Z,105.25
2026-05-12T13:45:00.000Z,107.40
2026-05-12T14:00:00.000Z,97.18
2026-05-12T14:15:00.000Z,101.46
2026-05-12T14:30:00.000Z,106.92
2026-05-12T14:45:00.000Z,108.14
2026-05-12T15:00:00.000Z,114.78
2026-05-12T15:15:00.000Z,116.83
2026-05-12T15:30:00.000Z,118.54
2026-05-12T15:45:00.000Z,122.65
2026-05-12T16:00:00.000Z,117.02
2026-05-12T16:15:00.000Z,119.45
2026-05-12T16:30:00.000Z,124.13
2026-05-12T16:45:00.000Z,130.19
2026-05-12T17:00:00.000Z,124.59
2026-05-12T17:15:00.000Z,128.50
2026-05-12T17:30:00.000Z,136.73
2026-05-12T17:45:00.000Z,148.95
2026-05-12T18:00:00.000Z,135.41
2026-05-12T18:15:00.000Z,139.22
2026-05-12T18:30:00.000Z,142.59
2026-05-12T18:45:00.000Z,140.63
2026-05-12T19:00:00.000Z,147.85
2026-05-12T19:15:00.000Z,143.18
2026-05-12T19:30:00.000Z,135.50
2026-05-12T19:45:00.000Z,128.95
2026-05-12T20:00:00.000Z,134.28
2026-05-12T20:15:00.000Z,129.34
2026-05-12T20:30:00.000Z,126.64
2026-05-12T20:45:00.000Z,123.12
2026-05-12T21:00:00.000Z,123.46
2026-05-12T21:15:00.000Z,118.81
2026-05-12T21:30:00.000Z,116.35
2026-05-12T21:45:00.000Z,117.24
2026-05-12T22:00:00.000Z,122.90
2026-05-12T22:15:00.000Z,117.83
2026-05-12T22:30:00.000Z,117.81
2026-05-12T22:45:00.000Z,115.70
2026-05-12T23:00:00.000Z,113.63
2026-05-12T23:15:00.000Z,115.17
2026-05-12T23:30:00.000Z,113.18
2026-05-12T23:45:00.000Z,111.10
2026-05-13T00:00:00.000Z,116.60
2026-05-13T00:15:00.000Z,111.59
2026-05-13T00:30:00.000Z,108.47
2026-05-13T00:45:00.000Z,100.73
2026-05-13T01:00:00.000Z,111.17
2026-05-13T01:15:00.000Z,103.31
2026-05-13T01:30:00.000Z,95.63
2026-05-13T01:45:00.000Z,93.90
2026-05-13T02:00:00.000Z,106.72
2026-05-13T02:15:00.000Z,100.34
2026-05-13T02:30:00.000Z,99.38
2026-05-13T02:45:00.000Z,98.75
2026-05-13T03:00:00.000Z,99.30
2026-05-13T03:15:00.000Z,100.69
2026-05-13T03:30:00.000Z,106.60
2026-05-13T03:45:00.000Z,116.53
2026-05-13T04:00:00.000Z,103.61
2026-05-13T04:15:00.000Z,108.16
2026-05-13T04:30:00.000Z,116.37
2026-05-13T04:45:00.000Z,119.39
2026-05-13T05:00:00.000Z,116.07
2026-05-13T05:15:00.000Z,119.58
2026-05-13T05:30:00.000Z,126.94
2026-05-13T05:45:00.000Z,134.32
2026-05-13T06:00:00.000Z,128.16
2026-05-13T06:15:00.000Z,134.13
2026-05-13T06:30:00.000Z,131.81
2026-05-13T06:45:00.000Z,126.58
2026-05-13T07:00:00.000Z,129.71
2026-05-13T07:15:00.000Z,127.72
2026-05-13T07:30:00.000Z,126.62
2026-05-13T07:45:00.000Z,124.57
2026-05-13T08:00:00.000Z,124.14
2026-05-13T08:15:00.000Z,121.92
2026-05-13T08:30:00.000Z,123.38
2026-05-13T08:45:00.000Z,123.39
2026-05-13T09:00:00.000Z,119.17
2026-05-13T09:15:00.000Z,119.57
2026-05-13T09:30:00.000Z,119.80
2026-05-13T09:45:00.000Z,119.63
2026-05-13T10:00:00.000Z,115.09
2026-05-13T10:15:00.000Z,110.02
2026-05-13T10:30:00.000Z,109.09
2026-05-13T10:45:00.000Z,105.42
2026-05-13T11:00:00.000Z,110.04
2026-05-13T11:15:00.000Z,110.89
2026-05-13T11:30:00.000Z,109.23
2026-05-13T11:45:00.000Z,107.11
2026-05-13T12:00:00.000Z,105.17
2026-05-13T12:15:00.000Z,103.01
2026-05-13T12:30:00.000Z,105.53
2026-05-13T12:45:00.000Z,108.26
2026-05-13T13:00:00.000Z,101.97
2026-05-13T13:15:00.000Z,108.13
2026-05-13T13:30:00.000Z,113.87
2026-05-13T13:45:00.000Z,118.67
2026-05-13T14:00:00.000Z,109.05
2026-05-13T14:15:00.000Z,117.71
2026-05-13T14:30:00.000Z,116.98
2026-05-13T14:45:00.000Z,106.10
2026-05-13T15:00:00.000Z,119.61
2026-05-13T15:15:00.000Z,110.74
2026-05-13T15:30:00.000Z,101.74
2026-05-13T15:45:00.000Z,93.94
2026-05-13T16:00:00.000Z,113.12
2026-05-13T16:15:00.000Z,106.88
2026-05-13T16:30:00.000Z,100.49
2026-05-13T16:45:00.000Z,89.03
2026-05-13T17:00:00.000Z,111.96
2026-05-13T17:15:00.000Z,100.07
2026-05-13T17:30:00.000Z,97.66
2026-05-13T17:45:00.000Z,86.24
2026-05-13T18:00:00.000Z,100.84
2026-05-13T18:15:00.000Z,97.49
2026-05-13T18:30:00.000Z,89.73
2026-05-13T18:45:00.000Z,78.38
2026-05-13T19:00:00.000Z,102.12
2026-05-13T19:15:00.000Z,88.77
2026-05-13T19:30:00.000Z,82.68
2026-05-13T19:45:00.000Z,73.38
2026-05-13T20:00:00.000Z,84.25
2026-05-13T20:15:00.000Z,80.78
2026-05-13T20:30:00.000Z,68.21
2026-05-13T20:45:00.000Z,62.11
2026-05-13T21:00:00.000Z,62.72
2026-05-13T21:15:00.000Z,60.30
2026-05-13T21:30:00.000Z,58.12
2026-05-13T21:45:00.000Z,56.20
2026-05-13T22:00:00.000Z,63.22
2026-05-13T22:15:00.000Z,64.21
2026-05-13T22:30:00.000Z,61.47
2026-05-13T22:45:00.000Z,58.73
2026-05-13T23:00:00.000Z,61.40
2026-05-13T23:15:00.000Z,58.78
2026-05-13T23:30:00.000Z,59.09
2026-05-13T23:45:00.000Z,58.41
2026-05-14T00:00:00.000Z,58.86
2026-05-14T00:15:00.000Z,58.38
2026-05-14T00:30:00.000Z,58.11
2026-05-14T00:45:00.000Z,57.99
2026-05-14T01:00:00.000Z,57.75
2026-05-14T01:15:00.000Z,57.73
2026-05-14T01:30:00.000Z,57.51
2026-05-14T01:45:00.000Z,57.42
2026-05-14T02:00:00.000Z,56.55
2026-05-14T02:15:00.000Z,56.36
2026-05-14T02:30:00.000Z,56.34
2026-05-14T02:45:00.000Z,56.34
2026-05-14T03:00:00.000Z,56.34
2026-05-14T03:15:00.000Z,53.06
2026-05-14T03:30:00.000Z,53.33
2026-05-14T03:45:00.000Z,52.32
2026-05-14T04:00:00.000Z,56.07
2026-05-14T04:15:00.000Z,56.39
2026-05-14T04:30:00.000Z,61.33
2026-05-14T04:45:00.000Z,64.64
2026-05-14T05:00:00.000Z,58.02
2026-05-14T05:15:00.000Z,62.88
2026-05-14T05:30:00.000Z,67.59
2026-05-14T05:45:00.000Z,65.38
2026-05-14T06:00:00.000Z,71.48
2026-05-14T06:15:00.000Z,66.68
2026-05-14T06:30:00.000Z,72.65
2026-05-14T06:45:00.000Z,68.81
2026-05-14T07:00:00.000Z,71.39
2026-05-14T07:15:00.000Z,68.72
2026-05-14T07:30:00.000Z,66.42
2026-05-14T07:45:00.000Z,64.40
2026-05-14T08:00:00.000Z,67.04
2026-05-14T08:15:00.000Z,64.91
2026-05-14T08:30:00.000Z,64.21
2026-05-14T08:45:00.000Z,64.10
2026-05-14T09:00:00.000Z,61.10
2026-05-14T09:15:00.000Z,60.14
2026-05-14T09:30:00.000Z,58.45
2026-05-14T09:45:00.000Z,57.06
2026-05-14T10:00:00.000Z,59.17
2026-05-14T10:15:00.000Z,55.82
2026-05-14T10:30:00.000Z,55.59
2026-05-14T10:45:00.000Z,55.30
2026-05-14T11:00:00.000Z,63.85
2026-05-14T11:15:00.000Z,62.97
2026-05-14T11:30:00.000Z,62.33
2026-05-14T11:45:00.000Z,61.81
2026-05-14T12:00:00.000Z,54.50
2026-05-14T12:15:00.000Z,54.99
2026-05-14T12:30:00.000Z,54.46
2026-05-14T12:45:00.000Z,56.20
2026-05-14T13:00:00.000Z,50.61
2026-05-14T13:15:00.000Z,52.40
2026-05-14T13:30:00.000Z,58.74
2026-05-14T13:45:00.000Z,76.90
2026-05-14T14:00:00.000Z,68.72
2026-05-14T14:15:00.000Z,74.10
2026-05-14T14:30:00.000Z,79.81
2026-05-14T14:45:00.000Z,90.57
2026-05-14T15:00:00.000Z,68.82
2026-05-14T15:15:00.000Z,83.77
2026-05-14T15:30:00.000Z,95.18
2026-05-14T15:45:00.000Z,100.12
2026-05-14T16:00:00.000Z,72.02
2026-05-14T16:15:00.000Z,94.14
2026-05-14T16:30:00.000Z,100.77
2026-05-14T16:45:00.000Z,103.68
2026-05-14T17:00:00.000Z,96.60
2026-05-14T17:15:00.000Z,101.01
2026-05-14T17:30:00.000Z,98.79
2026-05-14T17:45:00.000Z,99.07
2026-05-14T18:00:00.000Z,94.51
2026-05-14T18:15:00.000Z,92.21
2026-05-14T18:30:00.000Z,93.43
2026-05-14T18:45:00.000Z,93.90
2026-05-14T19:00:00.000Z,93.66
2026-05-14T19:15:00.000Z,92.67
2026-05-14T19:30:00.000Z,90.51
2026-05-14T19:45:00.000Z,87.42
2026-05-14T20:00:00.000Z,93.06
2026-05-14T20:15:00.000Z,88.92
2026-05-14T20:30:00.000Z,84.94
2026-05-14T20:45:00.000Z,79.09
2026-05-14T21:00:00.000Z,88.43
2026-05-14T21:15:00.000Z,84.21
2026-05-14T21:30:00.000Z,82.61
2026-05-14T21:45:00.000Z,78.05
2026-05-14T22:00:00.000Z,85.36
2026-05-14T22:15:00.000Z,85.27
2026-05-14T22:30:00.000Z,83.61
2026-05-14T22:45:00.000Z,80.73
2026-05-14T23:00:00.000Z,84.70
2026-05-14T23:15:00.000Z,83.26
2026-05-14T23:30:00.000Z,83.31
2026-05-14T23:45:00.000Z,86.90
2026-05-15T00:00:00.000Z,78.86
2026-05-15T00:15:00.000Z,83.25
2026-05-15T00:30:00.000Z,82.85
2026-05-15T00:45:00.000Z,85.29
2026-05-15T01:00:00.000Z,75.99
2026-05-15T01:15:00.000Z,79.59
2026-05-15T01:30:00.000Z,81.80
2026-05-15T01:45:00.000Z,87.56
2026-05-15T02:00:00.000Z,78.35
2026-05-15T02:15:00.000Z,79.07
2026-05-15T02:30:00.000Z,81.42
2026-05-15T02:45:00.000Z,85.11
2026-05-15T03:00:00.000Z,83.61
2026-05-15T03:15:00.000Z,84.31
2026-05-15T03:30:00.000Z,90.14
2026-05-15T03:45:00.000Z,98.38
2026-05-15T04:00:00.000Z,80.32
2026-05-15T04:15:00.000Z,94.41
2026-05-15T04:30:00.000Z,103.38
2026-05-15T04:45:00.000Z,116.51
2026-05-15T05:00:00.000Z,100.46
2026-05-15T05:15:00.000Z,103.00
2026-05-15T05:30:00.000Z,102.82
2026-05-15T05:45:00.000Z,124.89
2026-05-15T06:00:00.000Z,122.05
2026-05-15T06:15:00.000Z,119.33
2026-05-15T06:30:00.000Z,113.41
2026-05-15T06:45:00.000Z,103.92
2026-05-15T07:00:00.000Z,116.71
2026-05-15T07:15:00.000Z,107.37
2026-05-15T07:30:00.000Z,102.61
2026-05-15T07:45:00.000Z,93.80
2026-05-15T08:00:00.000Z,115.26
2026-05-15T08:15:00.000Z,106.07
2026-05-15T08:30:00.000Z,95.78
2026-05-15T08:45:00.000Z,85.61
2026-05-15T09:00:00.000Z,107.77
2026-05-15T09:15:00.000Z,99.99
2026-05-15T09:30:00.000Z,86.90
2026-05-15T09:45:00.000Z,79.42
2026-05-15T10:00:00.000Z,92.42
2026-05-15T10:15:00.000Z,85.90
2026-05-15T10:30:00.000Z,78.69
2026-05-15T10:45:00.000Z,73.08
2026-05-15T11:00:00.000Z,81.53
2026-05-15T11:15:00.000Z,75.31
2026-05-15T11:30:00.000Z,73.75
2026-05-15T11:45:00.000Z,69.72
2026-05-15T12:00:00.000Z,70.45
2026-05-15T12:15:00.000Z,73.28
2026-05-15T12:30:00.000Z,76.92
2026-05-15T12:45:00.000Z,79.85
2026-05-15T13:00:00.000Z,67.11
2026-05-15T13:15:00.000Z,75.80
2026-05-15T13:30:00.000Z,83.27
2026-05-15T13:45:00.000Z,93.38
2026-05-15T14:00:00.000Z,70.99
2026-05-15T14:15:00.000Z,87.65
2026-05-15T14:30:00.000Z,102.96
2026-05-15T14:45:00.000Z,108.08
2026-05-15T15:00:00.000Z,93.76
2026-05-15T15:15:00.000Z,97.98
2026-05-15T15:30:00.000Z,113.04
2026-05-15T15:45:00.000Z,119.96
2026-05-15T16:00:00.000Z,104.29
2026-05-15T16:15:00.000Z,109.85
2026-05-15T16:30:00.000Z,118.50
2026-05-15T16:45:00.000Z,117.25
2026-05-15T17:00:00.000Z,113.01
2026-05-15T17:15:00.000Z,115.40
2026-05-15T17:30:00.000Z,118.54
2026-05-15T17:45:00.000Z,122.84
2026-05-15T18:00:00.000Z,122.51
2026-05-15T18:15:00.000Z,119.88
2026-05-15T18:30:00.000Z,118.10
2026-05-15T18:45:00.000Z,115.94
2026-05-15T19:00:00.000Z,125.01
2026-05-15T19:15:00.000Z,119.29
2026-05-15T19:30:00.000Z,118.21
2026-05-15T19:45:00.000Z,111.19
2026-05-15T20:00:00.000Z,126.82
2026-05-15T20:15:00.000Z,118.21
2026-05-15T20:30:00.000Z,109.50
2026-05-15T20:45:00.000Z,106.95
2026-05-15T21:00:00.000Z,110.61
2026-05-15T21:15:00.000Z,113.00
2026-05-15T21:30:00.000Z,111.97
2026-05-15T21:45:00.000Z,104.26
2026-05-15T22:00:00.000Z,100.82
2026-05-15T22:15:00.000Z,103.33
2026-05-15T22:30:00.000Z,112.00
2026-05-15T22:45:00.000Z,118.97
2026-05-15T23:00:00.000Z,110.98
2026-05-15T23:15:00.000Z,111.89
2026-05-15T23:30:00.000Z,113.02
2026-05-15T23:45:00.000Z,108.84
2026-05-16T00:00:00.000Z,114.78
2026-05-16T00:15:00.000Z,112.16
2026-05-16T00:30:00.000Z,107.94
2026-05-16T00:45:00.000Z,101.79
2026-05-16T01:00:00.000Z,112.80
2026-05-16T01:15:00.000Z,107.76
2026-05-16T01:30:00.000Z,104.92
2026-05-16T01:45:00.000Z,97.64
2026-05-16T02:00:00.000Z,107.09
2026-05-16T02:15:00.000Z,101.39
2026-05-16T02:30:00.000Z,103.64
2026-05-16T02:45:00.000Z,100.59
2026-05-16T03:00:00.000Z,96.85
2026-05-16T03:15:00.000Z,106.73
2026-05-16T03:30:00.000Z,107.01
2026-05-16T03:45:00.000Z,106.34
2026-05-16T04:00:00.000Z,105.22
2026-05-16T04:15:00.000Z,106.65
2026-05-16T04:30:00.000Z,105.85
2026-05-16T04:45:00.000Z,101.83
2026-05-16T05:00:00.000Z,108.43
2026-05-16T05:15:00.000Z,105.14
2026-05-16T05:30:00.000Z,102.85
2026-05-16T05:45:00.000Z,97.56
2026-05-16T06:00:00.000Z,106.27
2026-05-16T06:15:00.000Z,103.22
2026-05-16T06:30:00.000Z,95.22
2026-05-16T06:45:00.000Z,87.90
2026-05-16T07:00:00.000Z,108.58
2026-05-16T07:15:00.000Z,88.82
2026-05-16T07:30:00.000Z,66.18
2026-05-16T07:45:00.000Z,64.66
2026-05-16T08:00:00.000Z,81.12
2026-05-16T08:15:00.000Z,73.64
2026-05-16T08:30:00.000Z,71.55
2026-05-16T08:45:00.000Z,69.74
2026-05-16T09:00:00.000Z,72.17
2026-05-16T09:15:00.000Z,70.35
2026-05-16T09:30:00.000Z,65.90
2026-05-16T09:45:00.000Z,65.44
2026-05-16T10:00:00.000Z,72.21
2026-05-16T10:15:00.000Z,64.98
2026-05-16T10:30:00.000Z,62.62
2026-05-16T10:45:00.000Z,58.63
2026-05-16T11:00:00.000Z,66.41
2026-05-16T11:15:00.000Z,61.83
2026-05-16T11:30:00.000Z,61.20
2026-05-16T11:45:00.000Z,60.02
2026-05-16T12:00:00.000Z,61.85
2026-05-16T12:15:00.000Z,61.55
2026-05-16T12:30:00.000Z,63.26
2026-05-16T12:45:00.000Z,66.22
2026-05-16T13:00:00.000Z,63.24
2026-05-16T13:15:00.000Z,64.02
2026-05-16T13:30:00.000Z,63.72
2026-05-16T13:45:00.000Z,69.16
2026-05-16T14:00:00.000Z,58.54
2026-05-16T14:15:00.000Z,63.08
2026-05-16T14:30:00.000Z,70.90
2026-05-16T14:45:00.000Z,80.90
2026-05-16T15:00:00.000Z,55.42
2026-05-16T15:15:00.000Z,75.75
2026-05-16T15:30:00.000Z,98.29
2026-05-16T15:45:00.000Z,110.87
2026-05-16T16:00:00.000Z,91.95
2026-05-16T16:15:00.000Z,102.15
2026-05-16T16:30:00.000Z,112.46
2026-05-16T16:45:00.000Z,118.00
2026-05-16T17:00:00.000Z,113.38
2026-05-16T17:15:00.000Z,118.83
2026-05-16T17:30:00.000Z,122.69
2026-05-16T17:45:00.000Z,116.11
2026-05-16T18:00:00.000Z,122.06
2026-05-16T18:15:00.000Z,121.61
2026-05-16T18:30:00.000Z,117.40
2026-05-16T18:45:00.000Z,110.14
2026-05-16T19:00:00.000Z,124.86
2026-05-16T19:15:00.000Z,121.42
2026-05-16T19:30:00.000Z,111.85
2026-05-16T19:45:00.000Z,105.09
2026-05-16T20:00:00.000Z,128.29
2026-05-16T20:15:00.000Z,117.81
2026-05-16T20:30:00.000Z,103.30
2026-05-16T20:45:00.000Z,98.92
2026-05-16T21:00:00.000Z,105.06
2026-05-16T21:15:00.000Z,100.40
2026-05-16T21:30:00.000Z,96.00
2026-05-16T21:45:00.000Z,92.40
2026-05-16T22:00:00.000Z,122.16
2026-05-16T22:15:00.000Z,116.48
2026-05-16T22:30:00.000Z,112.97
2026-05-16T22:45:00.000Z,110.32
2026-05-16T23:00:00.000Z,114.80
2026-05-16T23:15:00.000Z,110.45
2026-05-16T23:30:00.000Z,108.35
2026-05-16T23:45:00.000Z,104.57
2026-05-17T00:00:00.000Z,107.16
2026-05-17T00:15:00.000Z,105.00
2026-05-17T00:30:00.000Z,102.62
2026-05-17T00:45:00.000Z,97.64
2026-05-17T01:00:00.000Z,101.28
2026-05-17T01:15:00.000Z,102.05
2026-05-17T01:30:00.000Z,102.38
2026-05-17T01:45:00.000Z,94.68
2026-05-17T02:00:00.000Z,92.10
2026-05-17T02:15:00.000Z,96.74
2026-05-17T02:30:00.000Z,100.67
2026-05-17T02:45:00.000Z,103.50
2026-05-17T03:00:00.000Z,93.62
2026-05-17T03:15:00.000Z,98.62
2026-05-17T03:30:00.000Z,101.11
2026-05-17T03:45:00.000Z,102.49
2026-05-17T04:00:00.000Z,96.70
2026-05-17T04:15:00.000Z,101.31
2026-05-17T04:30:00.000Z,105.47
2026-05-17T04:45:00.000Z,92.33
2026-05-17T05:00:00.000Z,96.78
2026-05-17T05:15:00.000Z,95.80
2026-05-17T05:30:00.000Z,92.01
2026-05-17T05:45:00.000Z,88.21
2026-05-17T06:00:00.000Z,101.16
2026-05-17T06:15:00.000Z,91.50
2026-05-17T06:30:00.000Z,85.82
2026-05-17T06:45:00.000Z,62.26
2026-05-17T07:00:00.000Z,79.61
2026-05-17T07:15:00.000Z,66.12
2026-05-17T07:30:00.000Z,60.07
2026-05-17T07:45:00.000Z,57.29
2026-05-17T08:00:00.000Z,61.51
2026-05-17T08:15:00.000Z,60.64
2026-05-17T08:30:00.000Z,57.68
2026-05-17T08:45:00.000Z,56.45
2026-05-17T09:00:00.000Z,56.45
2026-05-17T09:15:00.000Z,56.45
2026-05-17T09:30:00.000Z,54.51
2026-05-17T09:45:00.000Z,53.43
2026-05-17T10:00:00.000Z,52.61
2026-05-17T10:15:00.000Z,52.35
2026-05-17T10:30:00.000Z,51.98
2026-05-17T10:45:00.000Z,51.31
2026-05-17T11:00:00.000Z,52.10
2026-05-17T11:15:00.000Z,51.97
2026-05-17T11:30:00.000Z,51.89
2026-05-17T11:45:00.000Z,51.77
2026-05-17T12:00:00.000Z,52.40
2026-05-17T12:15:00.000Z,52.36
2026-05-17T12:30:00.000Z,52.09
2026-05-17T12:45:00.000Z,53.18
2026-05-17T13:00:00.000Z,51.95
2026-05-17T13:15:00.000Z,53.19
2026-05-17T13:30:00.000Z,57.90
2026-05-17T13:45:00.000Z,70.38
2026-05-17T14:00:00.000Z,55.50
2026-05-17T14:15:00.000Z,66.65
2026-05-17T14:30:00.000Z,98.22
2026-05-17T14:45:00.000Z,122.66
2026-05-17T15:00:00.000Z,85.83
2026-05-17T15:15:00.000Z,108.22
2026-05-17T15:30:00.000Z,118.88
2026-05-17T15:45:00.000Z,115.55
2026-05-17T16:00:00.000Z,105.33
2026-05-17T16:15:00.000Z,107.93
2026-05-17T16:30:00.000Z,107.32
2026-05-17T16:45:00.000Z,117.02
2026-05-17T17:00:00.000Z,107.13
2026-05-17T17:15:00.000Z,110.23
2026-05-17T17:30:00.000Z,114.11
2026-05-17T17:45:00.000Z,118.05
2026-05-17T18:00:00.000Z,117.99
2026-05-17T18:15:00.000Z,117.59
2026-05-17T18:30:00.000Z,115.86
2026-05-17T18:45:00.000Z,112.37
2026-05-17T19:00:00.000Z,123.48
2026-05-17T19:15:00.000Z,122.12
2026-05-17T19:30:00.000Z,112.64
2026-05-17T19:45:00.000Z,105.06
2026-05-17T20:00:00.000Z,120.27
2026-05-17T20:15:00.000Z,110.32
2026-05-17T20:30:00.000Z,106.42
2026-05-17T20:45:00.000Z,100.29
2026-05-17T21:00:00.000Z,107.87
2026-05-17T21:15:00.000Z,103.16
2026-05-17T21:30:00.000Z,103.70
2026-05-17T21:45:00.000Z,107.26
2026-05-17T22:00:00.000Z,97.54
2026-05-17T22:15:00.000Z,95.87
2026-05-17T22:30:00.000Z,89.22
2026-05-17T22:45:00.000Z,89.08
2026-05-17T23:00:00.000Z,93.74
2026-05-17T23:15:00.000Z,101.83
2026-05-17T23:30:00.000Z,101.10
2026-05-17T23:45:00.000Z,100.40
2026-05-18T00:00:00.000Z,99.01
2026-05-18T00:15:00.000Z,99.91
2026-05-18T00:30:00.000Z,101.86
2026-05-18T00:45:00.000Z,105.56
2026-05-18T01:00:00.000Z,96.00
2026-05-18T01:15:00.000Z,101.25
2026-05-18T01:30:00.000Z,104.23
2026-05-18T01:45:00.000Z,112.00
2026-05-18T02:00:00.000Z,95.01
2026-05-18T02:15:00.000Z,105.60
2026-05-18T02:30:00.000Z,105.85
2026-05-18T02:45:00.000Z,119.07
2026-05-18T03:00:00.000Z,86.32
2026-05-18T03:15:00.000Z,97.67
2026-05-18T03:30:00.000Z,109.19
2026-05-18T03:45:00.000Z,139.33
2026-05-18T04:00:00.000Z,101.02
2026-05-18T04:15:00.000Z,121.51
2026-05-18T04:30:00.000Z,141.59
2026-05-18T04:45:00.000Z,149.93
2026-05-18T05:00:00.000Z,110.28
2026-05-18T05:15:00.000Z,123.84
2026-05-18T05:30:00.000Z,134.46
2026-05-18T05:45:00.000Z,129.74
2026-05-18T06:00:00.000Z,133.99
2026-05-18T06:15:00.000Z,129.36
2026-05-18T06:30:00.000Z,129.75
2026-05-18T06:45:00.000Z,121.37
2026-05-18T07:00:00.000Z,138.65
2026-05-18T07:15:00.000Z,127.10
2026-05-18T07:30:00.000Z,111.86
2026-05-18T07:45:00.000Z,96.59
2026-05-18T08:00:00.000Z,112.87
2026-05-18T08:15:00.000Z,103.55
2026-05-18T08:30:00.000Z,105.01
2026-05-18T08:45:00.000Z,101.38
2026-05-18T09:00:00.000Z,115.16
2026-05-18T09:15:00.000Z,110.49
2026-05-18T09:30:00.000Z,113.84
2026-05-18T09:45:00.000Z,108.29
2026-05-18T10:00:00.000Z,108.60
2026-05-18T10:15:00.000Z,107.09
2026-05-18T10:30:00.000Z,105.37
2026-05-18T10:45:00.000Z,104.38
2026-05-18T11:00:00.000Z,103.28
2026-05-18T11:15:00.000Z,105.11
2026-05-18T11:30:00.000Z,105.95
2026-05-18T11:45:00.000Z,102.29
2026-05-18T12:00:00.000Z,103.26
2026-05-18T12:15:00.000Z,104.82
2026-05-18T12:30:00.000Z,107.83
2026-05-18T12:45:00.000Z,108.72
2026-05-18T13:00:00.000Z,108.64
2026-05-18T13:15:00.000Z,120.02
2026-05-18T13:30:00.000Z,123.47
2026-05-18T13:45:00.000Z,121.71
2026-05-18T14:00:00.000Z,114.77
2026-05-18T14:15:00.000Z,122.07
2026-05-18T14:30:00.000Z,129.46
2026-05-18T14:45:00.000Z,124.76
2026-05-18T15:00:00.000Z,108.60
2026-05-18T15:15:00.000Z,119.47
2026-05-18T15:30:00.000Z,130.66
2026-05-18T15:45:00.000Z,136.58
2026-05-18T16:00:00.000Z,130.61
2026-05-18T16:15:00.000Z,139.09
2026-05-18T16:30:00.000Z,126.90
2026-05-18T16:45:00.000Z,113.34
2026-05-18T17:00:00.000Z,141.47
2026-05-18T17:15:00.000Z,126.60
2026-05-18T17:30:00.000Z,113.21
2026-05-18T17:45:00.000Z,109.57
2026-05-18T18:00:00.000Z,128.30
2026-05-18T18:15:00.000Z,115.38
2026-05-18T18:30:00.000Z,112.80
2026-05-18T18:45:00.000Z,102.46
2026-05-18T19:00:00.000Z,123.82
2026-05-18T19:15:00.000Z,112.62
2026-05-18T19:30:00.000Z,110.75
2026-05-18T19:45:00.000Z,99.66
2026-05-18T20:00:00.000Z,122.76
2026-05-18T20:15:00.000Z,106.58
2026-05-18T20:30:00.000Z,101.86
2026-05-18T20:45:00.000Z,88.02
2026-05-18T21:00:00.000Z,110.78
2026-05-18T21:15:00.000Z,101.48
2026-05-18T21:30:00.000Z,93.68
2026-05-18T21:45:00.000Z,97.01
2026-05-18T22:00:00.000Z,106.80
2026-05-18T22:15:00.000Z,99.99
2026-05-18T22:30:00.000Z,100.00
2026-05-18T22:45:00.000Z,97.37
2026-05-18T23:00:00.000Z,99.31
2026-05-18T23:15:00.000Z,96.55
2026-05-18T23:30:00.000Z,95.19
2026-05-18T23:45:00.000Z,92.42
2026-05-19T00:00:00.000Z,97.14
2026-05-19T00:15:00.000Z,92.77
2026-05-19T00:30:00.000Z,92.04
2026-05-19T00:45:00.000Z,87.08
2026-05-19T01:00:00.000Z,96.04
2026-05-19T01:15:00.000Z,92.42
2026-05-19T01:30:00.000Z,87.23
2026-05-19T01:45:00.000Z,81.09
2026-05-19T02:00:00.000Z,92.42
2026-05-19T02:15:00.000Z,90.63
2026-05-19T02:30:00.000Z,88.38
2026-05-19T02:45:00.000Z,84.75
2026-05-19T03:00:00.000Z,79.25
2026-05-19T03:15:00.000Z,89.15
2026-05-19T03:30:00.000Z,96.41
2026-05-19T03:45:00.000Z,97.65
2026-05-19T04:00:00.000Z,85.31
2026-05-19T04:15:00.000Z,97.97
2026-05-19T04:30:00.000Z,101.55
2026-05-19T04:45:00.000Z,111.42
2026-05-19T05:00:00.000Z,81.67
2026-05-19T05:15:00.000Z,95.65
2026-05-19T05:30:00.000Z,105.86
2026-05-19T05:45:00.000Z,139.54
2026-05-19T06:00:00.000Z,105.58
2026-05-19T06:15:00.000Z,113.88
2026-05-19T06:30:00.000Z,110.24
2026-05-19T06:45:00.000Z,135.32
2026-05-19T07:00:00.000Z,121.27
2026-05-19T07:15:00.000Z,112.33
2026-05-19T07:30:00.000Z,123.31
2026-05-19T07:45:00.000Z,120.69
2026-05-19T08:00:00.000Z,122.60
2026-05-19T08:15:00.000Z,114.16
2026-05-19T08:30:00.000Z,110.67
2026-05-19T08:45:00.000Z,106.25
2026-05-19T09:00:00.000Z,117.41
2026-05-19T09:15:00.000Z,111.86
2026-05-19T09:30:00.000Z,106.21
2026-05-19T09:45:00.000Z,92.42
2026-05-19T10:00:00.000Z,103.41
2026-05-19T10:15:00.000Z,102.86
2026-05-19T10:30:00.000Z,94.56
2026-05-19T10:45:00.000Z,93.75
2026-05-19T11:00:00.000Z,102.35
2026-05-19T11:15:00.000Z,102.66
2026-05-19T11:30:00.000Z,100.60
2026-05-19T11:45:00.000Z,95.23
2026-05-19T12:00:00.000Z,92.07
2026-05-19T12:15:00.000Z,96.87
2026-05-19T12:30:00.000Z,97.96
2026-05-19T12:45:00.000Z,96.82
2026-05-19T13:00:00.000Z,100.96
2026-05-19T13:15:00.000Z,102.40
2026-05-19T13:30:00.000Z,103.93
2026-05-19T13:45:00.000Z,100.14
2026-05-19T14:00:00.000Z,100.00
2026-05-19T14:15:00.000Z,101.67
2026-05-19T14:30:00.000Z,103.40
2026-05-19T14:45:00.000Z,92.85
2026-05-19T15:00:00.000Z,111.43
2026-05-19T15:15:00.000Z,110.60
2026-05-19T15:30:00.000Z,86.66
2026-05-19T15:45:00.000Z,92.38
2026-05-19T16:00:00.000Z,103.21
2026-05-19T16:15:00.000Z,94.93
2026-05-19T16:30:00.000Z,94.36
2026-05-19T16:45:00.000Z,80.27
2026-05-19T17:00:00.000Z,98.73
2026-05-19T17:15:00.000Z,86.23
2026-05-19T17:30:00.000Z,84.10
2026-05-19T17:45:00.000Z,67.20
2026-05-19T18:00:00.000Z,84.66
2026-05-19T18:15:00.000Z,81.48
2026-05-19T18:30:00.000Z,73.87
2026-05-19T18:45:00.000Z,63.88
2026-05-19T19:00:00.000Z,77.63
2026-05-19T19:15:00.000Z,83.83
2026-05-19T19:30:00.000Z,80.32
2026-05-19T19:45:00.000Z,81.28
2026-05-19T20:00:00.000Z,80.69
2026-05-19T20:15:00.000Z,73.58
2026-05-19T20:30:00.000Z,73.03
2026-05-19T20:45:00.000Z,82.49
2026-05-19T21:00:00.000Z,76.19
2026-05-19T21:15:00.000Z,73.06
2026-05-19T21:30:00.000Z,73.51
2026-05-19T21:45:00.000Z,71.62
2026-05-19T22:00:00.000Z,58.97
2026-05-19T22:15:00.000Z,56.18
2026-05-19T22:30:00.000Z,58.92
2026-05-19T22:45:00.000Z,53.96
2026-05-19T23:00:00.000Z,56.55
2026-05-19T23:15:00.000Z,52.18
2026-05-19T23:30:00.000Z,49.77
2026-05-19T23:45:00.000Z,49.71
2026-05-20T00:00:00.000Z,49.66
2026-05-20T00:15:00.000Z,50.97
2026-05-20T00:30:00.000Z,50.09
2026-05-20T00:45:00.000Z,54.48
2026-05-20T01:00:00.000Z,50.95
2026-05-20T01:15:00.000Z,52.63
2026-05-20T01:30:00.000Z,57.05
2026-05-20T01:45:00.000Z,58.38
2026-05-20T02:00:00.000Z,53.16
2026-05-20T02:15:00.000Z,58.87
2026-05-20T02:30:00.000Z,61.98
2026-05-20T02:45:00.000Z,66.36
2026-05-20T03:00:00.000Z,60.90
2026-05-20T03:15:00.000Z,68.78
2026-05-20T03:30:00.000Z,80.51
2026-05-20T03:45:00.000Z,86.58
2026-05-20T04:00:00.000Z,51.20
2026-05-20T04:15:00.000Z,65.22
2026-05-20T04:30:00.000Z,84.29
2026-05-20T04:45:00.000Z,104.38
2026-05-20T05:00:00.000Z,71.89
2026-05-20T05:15:00.000Z,86.18
2026-05-20T05:30:00.000Z,93.38
2026-05-20T05:45:00.000Z,91.10
2026-05-20T06:00:00.000Z,92.75
2026-05-20T06:15:00.000Z,91.56
2026-05-20T06:30:00.000Z,96.32
2026-05-20T06:45:00.000Z,83.82
2026-05-20T07:00:00.000Z,101.36
2026-05-20T07:15:00.000Z,89.49
2026-05-20T07:30:00.000Z,76.81
2026-05-20T07:45:00.000Z,68.79
2026-05-20T08:00:00.000Z,75.90
2026-05-20T08:15:00.000Z,72.02
2026-05-20T08:30:00.000Z,67.56
2026-05-20T08:45:00.000Z,60.95
2026-05-20T09:00:00.000Z,68.75
2026-05-20T09:15:00.000Z,68.70
2026-05-20T09:30:00.000Z,67.06
2026-05-20T09:45:00.000Z,70.92
2026-05-20T10:00:00.000Z,71.00
2026-05-20T10:15:00.000Z,68.70
2026-05-20T10:30:00.000Z,68.76
2026-05-20T10:45:00.000Z,66.01
2026-05-20T11:00:00.000Z,61.37
2026-05-20T11:15:00.000Z,50.26
2026-05-20T11:30:00.000Z,46.77
2026-05-20T11:45:00.000Z,47.34
2026-05-20T12:00:00.000Z,35.40
2026-05-20T12:15:00.000Z,40.00
2026-05-20T12:30:00.000Z,40.60
2026-05-20T12:45:00.000Z,44.03
2026-05-20T13:00:00.000Z,32.60
2026-05-20T13:15:00.000Z,40.02
2026-05-20T13:30:00.000Z,50.31
2026-05-20T13:45:00.000Z,69.92
2026-05-20T14:00:00.000Z,53.03
2026-05-20T14:15:00.000Z,69.39
2026-05-20T14:30:00.000Z,72.74
2026-05-20T14:45:00.000Z,90.01
2026-05-20T15:00:00.000Z,51.51
2026-05-20T15:15:00.000Z,72.25
2026-05-20T15:30:00.000Z,77.11
2026-05-20T15:45:00.000Z,83.80
2026-05-20T16:00:00.000Z,77.31
2026-05-20T16:15:00.000Z,81.97
2026-05-20T16:30:00.000Z,80.64
2026-05-20T16:45:00.000Z,81.02
2026-05-20T17:00:00.000Z,84.03
2026-05-20T17:15:00.000Z,85.85
2026-05-20T17:30:00.000Z,84.30
2026-05-20T17:45:00.000Z,85.69
2026-05-20T18:00:00.000Z,94.23
2026-05-20T18:15:00.000Z,89.34
2026-05-20T18:30:00.000Z,82.90
2026-05-20T18:45:00.000Z,74.27
2026-05-20T19:00:00.000Z,90.34
2026-05-20T19:15:00.000Z,85.31
2026-05-20T19:30:00.000Z,80.07
2026-05-20T19:45:00.000Z,76.79
2026-05-20T20:00:00.000Z,89.79
2026-05-20T20:15:00.000Z,89.12
2026-05-20T20:30:00.000Z,78.21
2026-05-20T20:45:00.000Z,70.65
2026-05-20T21:00:00.000Z,85.67
2026-05-20T21:15:00.000Z,76.96
2026-05-20T21:30:00.000Z,74.43
2026-05-20T21:45:00.000Z,68.71
2026-05-20T22:00:00.000Z,67.17
2026-05-20T22:15:00.000Z,67.12
2026-05-20T22:30:00.000Z,65.36
2026-05-20T22:45:00.000Z,62.38
2026-05-20T23:00:00.000Z,62.10
2026-05-20T23:15:00.000Z,65.15
2026-05-20T23:30:00.000Z,68.17
2026-05-20T23:45:00.000Z,71.44
2026-05-21T00:00:00.000Z,65.17
2026-05-21T00:15:00.000Z,67.12
2026-05-21T00:30:00.000Z,67.10
2026-05-21T00:45:00.000Z,66.94
2026-05-21T01:00:00.000Z,60.75
2026-05-21T01:15:00.000Z,65.60
2026-05-21T01:30:00.000Z,67.18
2026-05-21T01:45:00.000Z,73.22
2026-05-21T02:00:00.000Z,64.80
2026-05-21T02:15:00.000Z,66.74
2026-05-21T02:30:00.000Z,72.27
2026-05-21T02:45:00.000Z,80.06
2026-05-21T03:00:00.000Z,60.11
2026-05-21T03:15:00.000Z,69.59
2026-05-21T03:30:00.000Z,68.27
2026-05-21T03:45:00.000Z,80.19
2026-05-21T04:00:00.000Z,51.40
2026-05-21T04:15:00.000Z,69.59
2026-05-21T04:30:00.000Z,71.64
2026-05-21T04:45:00.000Z,77.34
2026-05-21T05:00:00.000Z,76.01
2026-05-21T05:15:00.000Z,82.47
2026-05-21T05:30:00.000Z,82.47
2026-05-21T05:45:00.000Z,82.47
2026-05-21T06:00:00.000Z,100.00
2026-05-21T06:15:00.000Z,107.33
2026-05-21T06:30:00.000Z,104.71
2026-05-21T06:45:00.000Z,103.18
2026-05-21T07:00:00.000Z,110.23
2026-05-21T07:15:00.000Z,91.31
2026-05-21T07:30:00.000Z,84.92
2026-05-21T07:45:00.000Z,77.41
2026-05-21T08:00:00.000Z,96.26
2026-05-21T08:15:00.000Z,82.20
2026-05-21T08:30:00.000Z,70.53
2026-05-21T08:45:00.000Z,73.00
2026-05-21T09:00:00.000Z,80.98
2026-05-21T09:15:00.000Z,72.84
2026-05-21T09:30:00.000Z,64.54
2026-05-21T09:45:00.000Z,57.85
2026-05-21T10:00:00.000Z,64.23
2026-05-21T10:15:00.000Z,60.80
2026-05-21T10:30:00.000Z,56.52
2026-05-21T10:45:00.000Z,51.34
2026-05-21T11:00:00.000Z,56.61
2026-05-21T11:15:00.000Z,53.24
2026-05-21T11:30:00.000Z,50.20
2026-05-21T11:45:00.000Z,48.47
2026-05-21T12:00:00.000Z,50.70
2026-05-21T12:15:00.000Z,54.01
2026-05-21T12:30:00.000Z,52.42
2026-05-21T12:45:00.000Z,51.21
2026-05-21T13:00:00.000Z,34.09
2026-05-21T13:15:00.000Z,26.70
2026-05-21T13:30:00.000Z,48.64
2026-05-21T13:45:00.000Z,67.56
2026-05-21T14:00:00.000Z,28.09
2026-05-21T14:15:00.000Z,70.56
2026-05-21T14:30:00.000Z,90.38
2026-05-21T14:45:00.000Z,98.57
2026-05-21T15:00:00.000Z,57.23
2026-05-21T15:15:00.000Z,84.53
2026-05-21T15:30:00.000Z,104.15
2026-05-21T15:45:00.000Z,96.14
2026-05-21T16:00:00.000Z,103.26
2026-05-21T16:15:00.000Z,93.14
2026-05-21T16:30:00.000Z,86.98
2026-05-21T16:45:00.000Z,86.96
2026-05-21T17:00:00.000Z,73.93
2026-05-21T17:15:00.000Z,70.74
2026-05-21T17:30:00.000Z,74.96
2026-05-21T17:45:00.000Z,73.92
2026-05-21T18:00:00.000Z,74.13
2026-05-21T18:15:00.000Z,71.94
2026-05-21T18:30:00.000Z,68.61
2026-05-21T18:45:00.000Z,67.12
2026-05-21T19:00:00.000Z,75.76
2026-05-21T19:15:00.000Z,72.56
2026-05-21T19:30:00.000Z,69.53
2026-05-21T19:45:00.000Z,70.20
2026-05-21T20:00:00.000Z,75.39
2026-05-21T20:15:00.000Z,73.96
2026-05-21T20:30:00.000Z,72.53
2026-05-21T20:45:00.000Z,67.20
2026-05-21T21:00:00.000Z,73.73
2026-05-21T21:15:00.000Z,69.59
2026-05-21T21:30:00.000Z,70.15
2026-05-21T21:45:00.000Z,64.88
2026-05-21T22:00:00.000Z,66.91
2026-05-21T22:15:00.000Z,66.91
2026-05-21T22:30:00.000Z,66.91
2026-05-21T22:45:00.000Z,55.83
2026-05-21T23:00:00.000Z,55.95
2026-05-21T23:15:00.000Z,54.87
2026-05-21T23:30:00.000Z,55.09
2026-05-21T23:45:00.000Z,64.64
2026-05-22T00:00:00.000Z,66.92
2026-05-22T00:15:00.000Z,55.91
2026-05-22T00:30:00.000Z,58.54
2026-05-22T00:45:00.000Z,66.93
2026-05-22T01:00:00.000Z,74.44
2026-05-22T01:15:00.000Z,69.09
2026-05-22T01:30:00.000Z,66.98
2026-05-22T01:45:00.000Z,66.97
2026-05-22T02:00:00.000Z,73.21
2026-05-22T02:15:00.000Z,66.95
2026-05-22T02:30:00.000Z,66.92
2026-05-22T02:45:00.000Z,61.34
2026-05-22T03:00:00.000Z,60.43
2026-05-22T03:15:00.000Z,54.89
2026-05-22T03:30:00.000Z,56.92
2026-05-22T03:45:00.000Z,65.41
2026-05-22T04:00:00.000Z,54.38
2026-05-22T04:15:00.000Z,59.30
2026-05-22T04:30:00.000Z,69.48
2026-05-22T04:45:00.000Z,74.32
2026-05-22T05:00:00.000Z,69.45
2026-05-22T05:15:00.000Z,80.27
2026-05-22T05:30:00.000Z,75.95
2026-05-22T05:45:00.000Z,98.75
2026-05-22T06:00:00.000Z,79.75
2026-05-22T06:15:00.000Z,75.32
2026-05-22T06:30:00.000Z,93.98
2026-05-22T06:45:00.000Z,94.51
2026-05-22T07:00:00.000Z,103.50
2026-05-22T07:15:00.000Z,106.80
2026-05-22T07:30:00.000Z,108.19
2026-05-22T07:45:00.000Z,78.61
2026-05-22T08:00:00.000Z,102.47
2026-05-22T08:15:00.000Z,72.36
2026-05-22T08:30:00.000Z,44.87
2026-05-22T08:45:00.000Z,42.29
2026-05-22T09:00:00.000Z,61.47
2026-05-22T09:15:00.000Z,54.37
2026-05-22T09:30:00.000Z,53.50
2026-05-22T09:45:00.000Z,46.87
2026-05-22T10:00:00.000Z,52.83
2026-05-22T10:15:00.000Z,51.44
2026-05-22T10:30:00.000Z,49.48
2026-05-22T10:45:00.000Z,45.98
2026-05-22T11:00:00.000Z,46.32
2026-05-22T11:15:00.000Z,44.73
2026-05-22T11:30:00.000Z,42.05
2026-05-22T11:45:00.000Z,36.96
2026-05-22T12:00:00.000Z,47.03
2026-05-22T12:15:00.000Z,44.03
2026-05-22T12:30:00.000Z,40.49
2026-05-22T12:45:00.000Z,40.20
2026-05-22T13:00:00.000Z,39.11
2026-05-22T13:15:00.000Z,40.21
2026-05-22T13:30:00.000Z,47.67
2026-05-22T13:45:00.000Z,59.89
2026-05-22T14:00:00.000Z,37.42
2026-05-22T14:15:00.000Z,73.83
2026-05-22T14:30:00.000Z,74.34
2026-05-22T14:45:00.000Z,93.06
2026-05-22T15:00:00.000Z,38.85
2026-05-22T15:15:00.000Z,76.85
2026-05-22T15:30:00.000Z,92.58
2026-05-22T15:45:00.000Z,79.12
2026-05-22T16:00:00.000Z,87.10
2026-05-22T16:15:00.000Z,66.48
2026-05-22T16:30:00.000Z,60.68
2026-05-22T16:45:00.000Z,59.37
2026-05-22T17:00:00.000Z,63.26
2026-05-22T17:15:00.000Z,62.26
2026-05-22T17:30:00.000Z,60.30
2026-05-22T17:45:00.000Z,56.49
2026-05-22T18:00:00.000Z,64.83
2026-05-22T18:15:00.000Z,62.51
2026-05-22T18:30:00.000Z,60.49
2026-05-22T18:45:00.000Z,59.35
2026-05-22T19:00:00.000Z,63.15
2026-05-22T19:15:00.000Z,58.81
2026-05-22T19:30:00.000Z,58.87
2026-05-22T19:45:00.000Z,53.90
2026-05-22T20:00:00.000Z,68.47
2026-05-22T20:15:00.000Z,59.10
2026-05-22T20:30:00.000Z,56.67
2026-05-22T20:45:00.000Z,49.87
2026-05-22T21:00:00.000Z,60.36
2026-05-22T21:15:00.000Z,64.72
2026-05-22T21:30:00.000Z,59.35
2026-05-22T21:45:00.000Z,47.98
2026-05-22T22:00:00.000Z,41.61
2026-05-22T22:15:00.000Z,40.71
2026-05-22T22:30:00.000Z,37.06
2026-05-22T22:45:00.000Z,34.56
2026-05-22T23:00:00.000Z,38.34
2026-05-22T23:15:00.000Z,37.30
2026-05-22T23:30:00.000Z,37.25
2026-05-22T23:45:00.000Z,36.90
2026-05-23T00:00:00.000Z,36.34
2026-05-23T00:15:00.000Z,36.33
2026-05-23T00:30:00.000Z,37.37
2026-05-23T00:45:00.000Z,38.08
2026-05-23T01:00:00.000Z,33.98
2026-05-23T01:15:00.000Z,36.91
2026-05-23T01:30:00.000Z,39.02
2026-05-23T01:45:00.000Z,39.54
2026-05-23T02:00:00.000Z,38.34
2026-05-23T02:15:00.000Z,39.51
2026-05-23T02:30:00.000Z,39.68
2026-05-23T02:45:00.000Z,40.10
2026-05-23T03:00:00.000Z,41.30
2026-05-23T03:15:00.000Z,41.47
2026-05-23T03:30:00.000Z,41.62
2026-05-23T03:45:00.000Z,41.74
2026-05-23T04:00:00.000Z,41.87
2026-05-23T04:15:00.000Z,42.00
2026-05-23T04:30:00.000Z,42.02
2026-05-23T04:45:00.000Z,42.28
2026-05-23T05:00:00.000Z,48.36
2026-05-23T05:15:00.000Z,48.18
2026-05-23T05:30:00.000Z,43.27
2026-05-23T05:45:00.000Z,39.47
2026-05-23T06:00:00.000Z,60.51
2026-05-23T06:15:00.000Z,45.78
2026-05-23T06:30:00.000Z,26.25
2026-05-23T06:45:00.000Z,4.28
2026-05-23T07:00:00.000Z,12.59
2026-05-23T07:15:00.000Z,3.80
2026-05-23T07:30:00.000Z,4.13
2026-05-23T07:45:00.000Z,3.38
2026-05-23T08:00:00.000Z,5.28
2026-05-23T08:15:00.000Z,4.62
2026-05-23T08:30:00.000Z,4.45
2026-05-23T08:45:00.000Z,3.80
2026-05-23T09:00:00.000Z,5.51
2026-05-23T09:15:00.000Z,4.31
2026-05-23T09:30:00.000Z,5.54
2026-05-23T09:45:00.000Z,5.15
2026-05-23T10:00:00.000Z,5.65
2026-05-23T10:15:00.000Z,6.38
2026-05-23T10:30:00.000Z,7.42
2026-05-23T10:45:00.000Z,9.60
2026-05-23T11:00:00.000Z,11.85
2026-05-23T11:15:00.000Z,14.21
2026-05-23T11:30:00.000Z,16.90
2026-05-23T11:45:00.000Z,16.26
2026-05-23T12:00:00.000Z,12.42
2026-05-23T12:15:00.000Z,9.22
2026-05-23T12:30:00.000Z,7.67
2026-05-23T12:45:00.000Z,7.22
2026-05-23T13:00:00.000Z,5.07
2026-05-23T13:15:00.000Z,2.68
2026-05-23T13:30:00.000Z,2.45
2026-05-23T13:45:00.000Z,2.93
2026-05-23T14:00:00.000Z,2.67
2026-05-23T14:15:00.000Z,2.71
2026-05-23T14:30:00.000Z,2.82
2026-05-23T14:45:00.000Z,3.81
2026-05-23T15:00:00.000Z,1.61
2026-05-23T15:15:00.000Z,28.80
2026-05-23T15:30:00.000Z,46.06
2026-05-23T15:45:00.000Z,60.52
2026-05-23T16:00:00.000Z,51.97
2026-05-23T16:15:00.000Z,54.91
2026-05-23T16:30:00.000Z,38.70
2026-05-23T16:45:00.000Z,32.89
2026-05-23T17:00:00.000Z,49.31
2026-05-23T17:15:00.000Z,35.22
2026-05-23T17:30:00.000Z,35.10
2026-05-23T17:45:00.000Z,33.07
2026-05-23T18:00:00.000Z,38.36
2026-05-23T18:15:00.000Z,38.38
2026-05-23T18:30:00.000Z,40.68
2026-05-23T18:45:00.000Z,38.46
2026-05-23T19:00:00.000Z,36.68
2026-05-23T19:15:00.000Z,35.88
2026-05-23T19:30:00.000Z,33.34
2026-05-23T19:45:00.000Z,33.35
2026-05-23T20:00:00.000Z,33.11
2026-05-23T20:15:00.000Z,28.48
2026-05-23T20:30:00.000Z,33.35
2026-05-23T20:45:00.000Z,49.59
2026-05-23T21:00:00.000Z,47.51
2026-05-23T21:15:00.000Z,48.91
2026-05-23T21:30:00.000Z,48.28
2026-05-23T21:45:00.000Z,38.60
2026-05-23T22:00:00.000Z,27.96
2026-05-23T22:15:00.000Z,31.05
2026-05-23T22:30:00.000Z,32.50
2026-05-23T22:45:00.000Z,36.80
2026-05-23T23:00:00.000Z,36.26
2026-05-23T23:15:00.000Z,35.67
2026-05-23T23:30:00.000Z,28.87
2026-05-23T23:45:00.000Z,10.44
2026-05-24T00:00:00.000Z,34.79
2026-05-24T00:15:00.000Z,34.79
2026-05-24T00:30:00.000Z,34.79
2026-05-24T00:45:00.000Z,13.08
2026-05-24T01:00:00.000Z,32.47
2026-05-24T01:15:00.000Z,15.89
2026-05-24T01:30:00.000Z,11.34
2026-05-24T01:45:00.000Z,5.29
2026-05-24T02:00:00.000Z,22.05
2026-05-24T02:15:00.000Z,12.39
2026-05-24T02:30:00.000Z,7.65
2026-05-24T02:45:00.000Z,5.41
2026-05-24T03:00:00.000Z,5.29
2026-05-24T03:15:00.000Z,5.29
2026-05-24T03:30:00.000Z,5.29
2026-05-24T03:45:00.000Z,6.29
2026-05-24T04:00:00.000Z,10.24
2026-05-24T04:15:00.000Z,11.39
2026-05-24T04:30:00.000Z,14.65
2026-05-24T04:45:00.000Z,26.63
2026-05-24T05:00:00.000Z,6.29
2026-05-24T05:15:00.000Z,16.73
2026-05-24T05:30:00.000Z,32.75
2026-05-24T05:45:00.000Z,11.46
2026-05-24T06:00:00.000Z,19.32
2026-05-24T06:15:00.000Z,3.81
2026-05-24T06:30:00.000Z,1.83
2026-05-24T06:45:00.000Z,0.00
2026-05-24T07:00:00.000Z,0.01
2026-05-24T07:15:00.000Z,0.00
2026-05-24T07:30:00.000Z,-0.01
2026-05-24T07:45:00.000Z,-0.05
2026-05-24T08:00:00.000Z,-0.11
2026-05-24T08:15:00.000Z,-0.76
2026-05-24T08:30:00.000Z,-0.93
2026-05-24T08:45:00.000Z,-0.31
2026-05-24T09:00:00.000Z,-0.34
2026-05-24T09:15:00.000Z,0.87
2026-05-24T09:30:00.000Z,0.47
2026-05-24T09:45:00.000Z,1.82
2026-05-24T10:00:00.000Z,1.36
2026-05-24T10:15:00.000Z,2.67
2026-05-24T10:30:00.000Z,2.15
2026-05-24T10:45:00.000Z,2.15
2026-05-24T11:00:00.000Z,2.15
2026-05-24T11:15:00.000Z,9.37
2026-05-24T11:30:00.000Z,7.64
2026-05-24T11:45:00.000Z,5.80
2026-05-24T12:00:00.000Z,13.23
2026-05-24T12:15:00.000Z,10.54
2026-05-24T12:30:00.000Z,6.79
2026-05-24T12:45:00.000Z,3.70
2026-05-24T13:00:00.000Z,3.69
2026-05-24T13:15:00.000Z,1.34
2026-05-24T13:30:00.000Z,0.00
2026-05-24T13:45:00.000Z,-1.29
2026-05-24T14:00:00.000Z,0.14
2026-05-24T14:15:00.000Z,-0.07
2026-05-24T14:30:00.000Z,0.02
2026-05-24T14:45:00.000Z,0.14
2026-05-24T15:00:00.000Z,0.00
2026-05-24T15:15:00.000Z,0.04
2026-05-24T15:30:00.000Z,2.85
2026-05-24T15:45:00.000Z,41.56
2026-05-24T16:00:00.000Z,38.20
2026-05-24T16:15:00.000Z,30.42
2026-05-24T16:30:00.000Z,32.14
2026-05-24T16:45:00.000Z,36.16
2026-05-24T17:00:00.000Z,34.08
2026-05-24T17:15:00.000Z,40.58
2026-05-24T17:30:00.000Z,40.06
2026-05-24T17:45:00.000Z,40.84
2026-05-24T18:00:00.000Z,39.40
2026-05-24T18:15:00.000Z,39.25
2026-05-24T18:30:00.000Z,39.18
2026-05-24T18:45:00.000Z,38.73
2026-05-24T19:00:00.000Z,40.31
2026-05-24T19:15:00.000Z,39.89
2026-05-24T19:30:00.000Z,37.70
2026-05-24T19:45:00.000Z,35.55
2026-05-24T20:00:00.000Z,39.91
2026-05-24T20:15:00.000Z,37.78
2026-05-24T20:30:00.000Z,31.80
2026-05-24T20:45:00.000Z,31.62
2026-05-24T21:00:00.000Z,37.88
2026-05-24T21:15:00.000Z,36.17
2026-05-24T21:30:00.000Z,35.30
2026-05-24T21:45:00.000Z,33.67
2026-05-24T22:00:00.000Z,34.02
2026-05-24T22:15:00.000Z,32.35
2026-05-24T22:30:00.000Z,31.88
2026-05-24T22:45:00.000Z,27.28
2026-05-24T23:00:00.000Z,30.66
2026-05-24T23:15:00.000Z,30.36
2026-05-24T23:30:00.000Z,31.93
2026-05-24T23:45:00.000Z,30.43
2026-05-25T00:00:00.000Z,30.56
2026-05-25T00:15:00.000Z,30.40
2026-05-25T00:30:00.000Z,30.16
2026-05-25T00:45:00.000Z,28.96
2026-05-25T01:00:00.000Z,30.53
2026-05-25T01:15:00.000Z,30.49
2026-05-25T01:30:00.000Z,30.54
2026-05-25T01:45:00.000Z,30.65
2026-05-25T02:00:00.000Z,30.97
2026-05-25T02:15:00.000Z,30.48
2026-05-25T02:30:00.000Z,30.58
2026-05-25T02:45:00.000Z,30.78
2026-05-25T03:00:00.000Z,32.33
2026-05-25T03:15:00.000Z,33.17
2026-05-25T03:30:00.000Z,34.43
2026-05-25T03:45:00.000Z,34.57
2026-05-25T04:00:00.000Z,37.98
2026-05-25T04:15:00.000Z,39.85
2026-05-25T04:30:00.000Z,40.29
2026-05-25T04:45:00.000Z,40.25
2026-05-25T05:00:00.000Z,42.28
2026-05-25T05:15:00.000Z,41.27
2026-05-25T05:30:00.000Z,39.60
2026-05-25T05:45:00.000Z,34.13
2026-05-25T06:00:00.000Z,41.68
2026-05-25T06:15:00.000Z,37.18
2026-05-25T06:30:00.000Z,25.87
2026-05-25T06:45:00.000Z,10.79
2026-05-25T07:00:00.000Z,14.40
2026-05-25T07:15:00.000Z,3.04
2026-05-25T07:30:00.000Z,1.83
2026-05-25T07:45:00.000Z,1.47
2026-05-25T08:00:00.000Z,0.27
2026-05-25T08:15:00.000Z,0.07
2026-05-25T08:30:00.000Z,0.05
2026-05-25T08:45:00.000Z,0.29
2026-05-25T09:00:00.000Z,0.98
2026-05-25T09:15:00.000Z,1.36
2026-05-25T09:30:00.000Z,2.46
2026-05-25T09:45:00.000Z,3.93
2026-05-25T10:00:00.000Z,4.05
2026-05-25T10:15:00.000Z,4.37
2026-05-25T10:30:00.000Z,4.85
2026-05-25T10:45:00.000Z,5.73
2026-05-25T11:00:00.000Z,5.43
2026-05-25T11:15:00.000Z,5.58
2026-05-25T11:30:00.000Z,8.83
2026-05-25T11:45:00.000Z,3.48
2026-05-25T12:00:00.000Z,22.32
2026-05-25T12:15:00.000Z,17.24
2026-05-25T12:30:00.000Z,12.18
2026-05-25T12:45:00.000Z,10.45
2026-05-25T13:00:00.000Z,12.33
2026-05-25T13:15:00.000Z,15.38
2026-05-25T13:30:00.000Z,16.13
2026-05-25T13:45:00.000Z,16.52
2026-05-25T14:00:00.000Z,17.30
2026-05-25T14:15:00.000Z,17.89
2026-05-25T14:30:00.000Z,18.20
2026-05-25T14:45:00.000Z,18.60
2026-05-25T15:00:00.000Z,22.00
2026-05-25T15:15:00.000Z,23.38
2026-05-25T15:30:00.000Z,34.36
2026-05-25T15:45:00.000Z,27.64
2026-05-25T16:00:00.000Z,24.66
2026-05-25T16:15:00.000Z,26.69
2026-05-25T16:30:00.000Z,28.86
2026-05-25T16:45:00.000Z,36.27
2026-05-25T17:00:00.000Z,35.19
2026-05-25T17:15:00.000Z,39.41
2026-05-25T17:30:00.000Z,39.78
2026-05-25T17:45:00.000Z,40.54
2026-05-25T18:00:00.000Z,37.00
2026-05-25T18:15:00.000Z,39.90
2026-05-25T18:30:00.000Z,40.51
2026-05-25T18:45:00.000Z,41.02
2026-05-25T19:00:00.000Z,36.34
2026-05-25T19:15:00.000Z,41.08
2026-05-25T19:30:00.000Z,40.21
2026-05-25T19:45:00.000Z,38.37
2026-05-25T20:00:00.000Z,41.45
2026-05-25T20:15:00.000Z,40.30
2026-05-25T20:30:00.000Z,37.96
2026-05-25T20:45:00.000Z,31.29
2026-05-25T21:00:00.000Z,36.44
2026-05-25T21:15:00.000Z,30.76
2026-05-25T21:30:00.000Z,25.40
2026-05-25T21:45:00.000Z,25.21
2026-05-25T22:00:00.000Z,30.42
2026-05-25T22:15:00.000Z,30.46
2026-05-25T22:30:00.000Z,30.39
2026-05-25T22:45:00.000Z,29.00
2026-05-25T23:00:00.000Z,33.46
2026-05-25T23:15:00.000Z,29.19
2026-05-25T23:30:00.000Z,27.87
2026-05-25T23:45:00.000Z,16.25
2026-05-26T00:00:00.000Z,27.87
2026-05-26T00:15:00.000Z,27.87
2026-05-26T00:30:00.000Z,27.87
2026-05-26T00:45:00.000Z,14.06
2026-05-26T01:00:00.000Z,25.36
2026-05-26T01:15:00.000Z,27.49
2026-05-26T01:30:00.000Z,26.22
2026-05-26T01:45:00.000Z,26.39
2026-05-26T02:00:00.000Z,25.52
2026-05-26T02:15:00.000Z,26.15
2026-05-26T02:30:00.000Z,27.87
2026-05-26T02:45:00.000Z,28.58
2026-05-26T03:00:00.000Z,25.34
2026-05-26T03:15:00.000Z,26.27
2026-05-26T03:30:00.000Z,32.47
2026-05-26T03:45:00.000Z,36.12
2026-05-26T04:00:00.000Z,28.94
2026-05-26T04:15:00.000Z,36.36
2026-05-26T04:30:00.000Z,37.60
2026-05-26T04:45:00.000Z,39.99
2026-05-26T05:00:00.000Z,39.20
2026-05-26T05:15:00.000Z,39.93
2026-05-26T05:30:00.000Z,38.98
2026-05-26T05:45:00.000Z,38.19
2026-05-26T06:00:00.000Z,42.14
2026-05-26T06:15:00.000Z,41.37
2026-05-26T06:30:00.000Z,39.06
2026-05-26T06:45:00.000Z,37.27
2026-05-26T07:00:00.000Z,40.63
2026-05-26T07:15:00.000Z,36.10
2026-05-26T07:30:00.000Z,28.33
2026-05-26T07:45:00.000Z,21.29
2026-05-26T08:00:00.000Z,34.38
2026-05-26T08:15:00.000Z,28.26
2026-05-26T08:30:00.000Z,23.50
2026-05-26T08:45:00.000Z,19.24
2026-05-26T09:00:00.000Z,11.74
2026-05-26T09:15:00.000Z,6.35
2026-05-26T09:30:00.000Z,6.00
2026-05-26T09:45:00.000Z,5.29
2026-05-26T10:00:00.000Z,7.00
2026-05-26T10:15:00.000Z,6.94
2026-05-26T10:30:00.000Z,6.36
2026-05-26T10:45:00.000Z,6.50
2026-05-26T11:00:00.000Z,6.31
2026-05-26T11:15:00.000Z,5.83
2026-05-26T11:30:00.000Z,6.02
2026-05-26T11:45:00.000Z,5.51
2026-05-26T12:00:00.000Z,5.14
2026-05-26T12:15:00.000Z,5.00
2026-05-26T12:30:00.000Z,4.32
2026-05-26T12:45:00.000Z,3.80
2026-05-26T13:00:00.000Z,3.79
2026-05-26T13:15:00.000Z,3.79
2026-05-26T13:30:00.000Z,3.79
2026-05-26T13:45:00.000Z,4.01
2026-05-26T14:00:00.000Z,2.98
2026-05-26T14:15:00.000Z,3.69
2026-05-26T14:30:00.000Z,5.36
2026-05-26T14:45:00.000Z,31.57
2026-05-26T15:00:00.000Z,39.42
2026-05-26T15:15:00.000Z,31.35
2026-05-26T15:30:00.000Z,30.12
2026-05-26T15:45:00.000Z,33.22
2026-05-26T16:00:00.000Z,30.17
2026-05-26T16:15:00.000Z,30.94
2026-05-26T16:30:00.000Z,31.74
2026-05-26T16:45:00.000Z,35.43
2026-05-26T17:00:00.000Z,31.18
2026-05-26T17:15:00.000Z,33.15
2026-05-26T17:30:00.000Z,33.72
2026-05-26T17:45:00.000Z,33.61
2026-05-26T18:00:00.000Z,32.37
2026-05-26T18:15:00.000Z,31.18
2026-05-26T18:30:00.000Z,30.51
2026-05-26T18:45:00.000Z,29.90
2026-05-26T19:00:00.000Z,29.41
2026-05-26T19:15:00.000Z,28.53
2026-05-26T19:30:00.000Z,29.33
2026-05-26T19:45:00.000Z,27.67
2026-05-26T20:00:00.000Z,29.81
2026-05-26T20:15:00.000Z,27.25
2026-05-26T20:30:00.000Z,26.38
2026-05-26T20:45:00.000Z,25.59
2026-05-26T21:00:00.000Z,26.90
2026-05-26T21:15:00.000Z,26.33
2026-05-26T21:30:00.000Z,25.71
2026-05-26T21:45:00.000Z,24.95
2026-05-26T22:00:00.000Z,29.63
2026-05-26T22:15:00.000Z,29.25
2026-05-26T22:30:00.000Z,27.88
2026-05-26T22:45:00.000Z,27.49
2026-05-26T23:00:00.000Z,27.35
2026-05-26T23:15:00.000Z,27.33
2026-05-26T23:30:00.000Z,27.24
2026-05-26T23:45:00.000Z,27.29
2026-05-27T00:00:00.000Z,27.61
2026-05-27T00:15:00.000Z,27.69
2026-05-27T00:30:00.000Z,27.55
2026-05-27T00:45:00.000Z,27.62
2026-05-27T01:00:00.000Z,27.44
2026-05-27T01:15:00.000Z,27.51
2026-05-27T01:30:00.000Z,27.45
2026-05-27T01:45:00.000Z,27.45
2026-05-27T02:00:00.000Z,27.45
2026-05-27T02:15:00.000Z,27.48
2026-05-27T02:30:00.000Z,27.52
2026-05-27T02:45:00.000Z,27.75
2026-05-27T03:00:00.000Z,29.00
2026-05-27T03:15:00.000Z,30.12
2026-05-27T03:30:00.000Z,30.71
2026-05-27T03:45:00.000Z,31.69
2026-05-27T04:00:00.000Z,31.71
2026-05-27T04:15:00.000Z,32.12
2026-05-27T04:30:00.000Z,32.17
2026-05-27T04:45:00.000Z,32.25
2026-05-27T05:00:00.000Z,33.91
2026-05-27T05:15:00.000Z,33.05
2026-05-27T05:30:00.000Z,36.17
2026-05-27T05:45:00.000Z,38.58
2026-05-27T06:00:00.000Z,37.22
2026-05-27T06:15:00.000Z,39.38
2026-05-27T06:30:00.000Z,35.35
2026-05-27T06:45:00.000Z,27.39
2026-05-27T07:00:00.000Z,33.59
2026-05-27T07:15:00.000Z,22.43
2026-05-27T07:30:00.000Z,29.01
2026-05-27T07:45:00.000Z,28.42
2026-05-27T08:00:00.000Z,27.97
2026-05-27T08:15:00.000Z,28.13
2026-05-27T08:30:00.000Z,28.11
2026-05-27T08:45:00.000Z,28.19
2026-05-27T09:00:00.000Z,28.94
2026-05-27T09:15:00.000Z,28.85
2026-05-27T09:30:00.000Z,28.68
2026-05-27T09:45:00.000Z,28.56
2026-05-27T10:00:00.000Z,28.43
2026-05-27T10:15:00.000Z,28.23
2026-05-27T10:30:00.000Z,28.18
2026-05-27T10:45:00.000Z,28.09
2026-05-27T11:00:00.000Z,26.14
2026-05-27T11:15:00.000Z,27.14
2026-05-27T11:30:00.000Z,26.93
2026-05-27T11:45:00.000Z,26.85
2026-05-27T12:00:00.000Z,27.29
2026-05-27T12:15:00.000Z,27.46
2026-05-27T12:30:00.000Z,27.39
2026-05-27T12:45:00.000Z,27.35
2026-05-27T13:00:00.000Z,27.36
2026-05-27T13:15:00.000Z,27.10
2026-05-27T13:30:00.000Z,27.29
2026-05-27T13:45:00.000Z,27.33
2026-05-27T14:00:00.000Z,23.74
2026-05-27T14:15:00.000Z,23.14
2026-05-27T14:30:00.000Z,23.40
2026-05-27T14:45:00.000Z,23.27
2026-05-27T15:00:00.000Z,22.55
2026-05-27T15:15:00.000Z,23.13
2026-05-27T15:30:00.000Z,31.49
2026-05-27T15:45:00.000Z,25.17
2026-05-27T16:00:00.000Z,22.61
2026-05-27T16:15:00.000Z,27.03
2026-05-27T16:30:00.000Z,32.59
2026-05-27T16:45:00.000Z,33.45
2026-05-27T17:00:00.000Z,36.04
2026-05-27T17:15:00.000Z,38.54
2026-05-27T17:30:00.000Z,37.86
2026-05-27T17:45:00.000Z,38.89
2026-05-27T18:00:00.000Z,40.52
2026-05-27T18:15:00.000Z,40.62
2026-05-27T18:30:00.000Z,40.66
2026-05-27T18:45:00.000Z,40.87
2026-05-27T19:00:00.000Z,41.40
2026-05-27T19:15:00.000Z,41.46
2026-05-27T19:30:00.000Z,41.56
2026-05-27T19:45:00.000Z,41.40
2026-05-27T20:00:00.000Z,41.86
2026-05-27T20:15:00.000Z,41.69
2026-05-27T20:30:00.000Z,41.50
2026-05-27T20:45:00.000Z,41.05
2026-05-27T21:00:00.000Z,40.32
2026-05-27T21:15:00.000Z,39.73
2026-05-27T21:30:00.000Z,39.30
2026-05-27T21:45:00.000Z,38.27
2026-05-27T22:00:00.000Z,37.19
2026-05-27T22:15:00.000Z,37.49
2026-05-27T22:30:00.000Z,37.91
2026-05-27T22:45:00.000Z,37.45
2026-05-27T23:00:00.000Z,37.02
2026-05-27T23:15:00.000Z,36.76
2026-05-27T23:30:00.000Z,36.64
2026-05-27T23:45:00.000Z,36.44
2026-05-28T00:00:00.000Z,37.58
2026-05-28T00:15:00.000Z,37.51
2026-05-28T00:30:00.000Z,36.81
2026-05-28T00:45:00.000Z,36.80
2026-05-28T01:00:00.000Z,36.70
2026-05-28T01:15:00.000Z,36.68
2026-05-28T01:30:00.000Z,36.72
2026-05-28T01:45:00.000Z,36.75
2026-05-28T02:00:00.000Z,37.08
2026-05-28T02:15:00.000Z,37.22
2026-05-28T02:30:00.000Z,37.39
2026-05-28T02:45:00.000Z,37.63
2026-05-28T03:00:00.000Z,37.31
2026-05-28T03:15:00.000Z,38.01
2026-05-28T03:30:00.000Z,38.42
2026-05-28T03:45:00.000Z,39.09
2026-05-28T04:00:00.000Z,41.23
2026-05-28T04:15:00.000Z,42.25
2026-05-28T04:30:00.000Z,42.27
2026-05-28T04:45:00.000Z,42.47
2026-05-28T05:00:00.000Z,43.07
2026-05-28T05:15:00.000Z,42.14
2026-05-28T05:30:00.000Z,41.07
2026-05-28T05:45:00.000Z,39.24
2026-05-28T06:00:00.000Z,41.92
2026-05-28T06:15:00.000Z,41.21
2026-05-28T06:30:00.000Z,40.24
2026-05-28T06:45:00.000Z,35.34
2026-05-28T07:00:00.000Z,39.13
2026-05-28T07:15:00.000Z,34.06
2026-05-28T07:30:00.000Z,28.76
2026-05-28T07:45:00.000Z,26.46
2026-05-28T08:00:00.000Z,27.52
2026-05-28T08:15:00.000Z,32.96
2026-05-28T08:30:00.000Z,34.49
2026-05-28T08:45:00.000Z,34.46
2026-05-28T09:00:00.000Z,35.17
2026-05-28T09:15:00.000Z,35.27
2026-05-28T09:30:00.000Z,35.05
2026-05-28T09:45:00.000Z,35.05
2026-05-28T10:00:00.000Z,35.05
2026-05-28T10:15:00.000Z,35.30
2026-05-28T10:30:00.000Z,35.25
2026-05-28T10:45:00.000Z,35.19
2026-05-28T11:00:00.000Z,35.08
2026-05-28T11:15:00.000Z,35.09
2026-05-28T11:30:00.000Z,34.98
2026-05-28T11:45:00.000Z,30.90
2026-05-28T12:00:00.000Z,18.15
2026-05-28T12:15:00.000Z,17.03
2026-05-28T12:30:00.000Z,17.09
2026-05-28T12:45:00.000Z,17.33
2026-05-28T13:00:00.000Z,33.73
2026-05-28T13:15:00.000Z,34.48
2026-05-28T13:30:00.000Z,35.09
2026-05-28T13:45:00.000Z,33.67
2026-05-28T14:00:00.000Z,19.20
2026-05-28T14:15:00.000Z,23.37
2026-05-28T14:30:00.000Z,25.25
2026-05-28T14:45:00.000Z,35.63
2026-05-28T15:00:00.000Z,27.48
2026-05-28T15:15:00.000Z,35.77
2026-05-28T15:30:00.000Z,42.30
2026-05-28T15:45:00.000Z,45.88
2026-05-28T16:00:00.000Z,38.79
2026-05-28T16:15:00.000Z,39.78
2026-05-28T16:30:00.000Z,41.58
2026-05-28T16:45:00.000Z,42.87
2026-05-28T17:00:00.000Z,42.14
2026-05-28T17:15:00.000Z,41.99
2026-05-28T17:30:00.000Z,41.62
2026-05-28T17:45:00.000Z,39.70
2026-05-28T18:00:00.000Z,42.57
2026-05-28T18:15:00.000Z,41.72
2026-05-28T18:30:00.000Z,40.89
2026-05-28T18:45:00.000Z,38.81
2026-05-28T19:00:00.000Z,38.22
2026-05-28T19:15:00.000Z,38.31
2026-05-28T19:30:00.000Z,39.98
2026-05-28T19:45:00.000Z,43.40
2026-05-28T20:00:00.000Z,41.24
2026-05-28T20:15:00.000Z,42.62
2026-05-28T20:30:00.000Z,43.37
2026-05-28T20:45:00.000Z,43.36
2026-05-28T21:00:00.000Z,43.41
2026-05-28T21:15:00.000Z,43.04
2026-05-28T21:30:00.000Z,42.72
2026-05-28T21:45:00.000Z,41.77
2026-05-28T22:00:00.000Z,43.43
2026-05-28T22:15:00.000Z,43.04
2026-05-28T22:30:00.000Z,42.80
2026-05-28T22:45:00.000Z,42.11
2026-05-28T23:00:00.000Z,42.21
2026-05-28T23:15:00.000Z,42.18
2026-05-28T23:30:00.000Z,42.11
2026-05-28T23:45:00.000Z,41.71
2026-05-29T00:00:00.000Z,42.01
2026-05-29T00:15:00.000Z,42.03
2026-05-29T00:30:00.000Z,42.00
2026-05-29T00:45:00.000Z,42.09
2026-05-29T01:00:00.000Z,42.03
2026-05-29T01:15:00.000Z,42.04
2026-05-29T01:30:00.000Z,42.65
2026-05-29T01:45:00.000Z,44.80
2026-05-29T02:00:00.000Z,41.77
2026-05-29T02:15:00.000Z,43.61
2026-05-29T02:30:00.000Z,49.15
2026-05-29T02:45:00.000Z,54.10
2026-05-29T03:00:00.000Z,42.04
2026-05-29T03:15:00.000Z,50.09
2026-05-29T03:30:00.000Z,59.55
2026-05-29T03:45:00.000Z,80.78
2026-05-29T04:00:00.000Z,52.88
2026-05-29T04:15:00.000Z,57.69
2026-05-29T04:30:00.000Z,65.68
2026-05-29T04:45:00.000Z,77.05
2026-05-29T05:00:00.000Z,69.00
2026-05-29T05:15:00.000Z,69.61
2026-05-29T05:30:00.000Z,74.13
2026-05-29T05:45:00.000Z,74.57
2026-05-29T06:00:00.000Z,77.83
2026-05-29T06:15:00.000Z,68.62
2026-05-29T06:30:00.000Z,62.42
2026-05-29T06:45:00.000Z,51.93
2026-05-29T07:00:00.000Z,69.70
2026-05-29T07:15:00.000Z,55.04
2026-05-29T07:30:00.000Z,46.68
2026-05-29T07:45:00.000Z,29.89
2026-05-29T08:00:00.000Z,45.99
2026-05-29T08:15:00.000Z,34.39
2026-05-29T08:30:00.000Z,35.87
2026-05-29T08:45:00.000Z,34.17
2026-05-29T09:00:00.000Z,36.24
2026-05-29T09:15:00.000Z,36.02
2026-05-29T09:30:00.000Z,35.66
2026-05-29T09:45:00.000Z,35.63
2026-05-29T10:00:00.000Z,36.05
2026-05-29T10:15:00.000Z,35.68
2026-05-29T10:30:00.000Z,35.56
2026-05-29T10:45:00.000Z,35.99
2026-05-29T11:00:00.000Z,35.25
2026-05-29T11:15:00.000Z,35.03
2026-05-29T11:30:00.000Z,34.00
2026-05-29T11:45:00.000Z,33.89
2026-05-29T12:00:00.000Z,33.64
2026-05-29T12:15:00.000Z,33.50
2026-05-29T12:30:00.000Z,33.79
2026-05-29T12:45:00.000Z,33.91
2026-05-29T13:00:00.000Z,22.95
2026-05-29T13:15:00.000Z,23.25
2026-05-29T13:30:00.000Z,18.78
2026-05-29T13:45:00.000Z,26.23
2026-05-29T14:00:00.000Z,17.61
2026-05-29T14:15:00.000Z,37.49
2026-05-29T14:30:00.000Z,78.73
2026-05-29T14:45:00.000Z,81.60
2026-05-29T15:00:00.000Z,51.67
2026-05-29T15:15:00.000Z,59.88
2026-05-29T15:30:00.000Z,75.75
2026-05-29T15:45:00.000Z,84.04
2026-05-29T16:00:00.000Z,66.94
2026-05-29T16:15:00.000Z,67.33
2026-05-29T16:30:00.000Z,74.07
2026-05-29T16:45:00.000Z,76.26
2026-05-29T17:00:00.000Z,79.92
2026-05-29T17:15:00.000Z,76.92
2026-05-29T17:30:00.000Z,71.50
2026-05-29T17:45:00.000Z,67.11
2026-05-29T18:00:00.000Z,79.47
2026-05-29T18:15:00.000Z,76.10
2026-05-29T18:30:00.000Z,67.41
2026-05-29T18:45:00.000Z,63.98
2026-05-29T19:00:00.000Z,74.21
2026-05-29T19:15:00.000Z,68.91
2026-05-29T19:30:00.000Z,63.97
2026-05-29T19:45:00.000Z,63.67
2026-05-29T20:00:00.000Z,68.46
2026-05-29T20:15:00.000Z,65.27
2026-05-29T20:30:00.000Z,62.73
2026-05-29T20:45:00.000Z,61.68
2026-05-29T21:00:00.000Z,62.42
2026-05-29T21:15:00.000Z,61.12
2026-05-29T21:30:00.000Z,61.97
2026-05-29T21:45:00.000Z,60.31
2026-05-29T22:00:00.000Z,58.91
2026-05-29T22:15:00.000Z,58.01
2026-05-29T22:30:00.000Z,56.00
2026-05-29T22:45:00.000Z,50.99
2026-05-29T23:00:00.000Z,56.33
2026-05-29T23:15:00.000Z,54.69
2026-05-29T23:30:00.000Z,56.19
2026-05-29T23:45:00.000Z,55.49
2026-05-30T00:00:00.000Z,53.44
2026-05-30T00:15:00.000Z,53.80
2026-05-30T00:30:00.000Z,55.55
2026-05-30T00:45:00.000Z,57.89
2026-05-30T01:00:00.000Z,50.66
2026-05-30T01:15:00.000Z,53.22
2026-05-30T01:30:00.000Z,58.19
2026-05-30T01:45:00.000Z,59.12
2026-05-30T02:00:00.000Z,57.41
2026-05-30T02:15:00.000Z,58.55
2026-05-30T02:30:00.000Z,60.06
2026-05-30T02:45:00.000Z,61.58
2026-05-30T03:00:00.000Z,57.05
2026-05-30T03:15:00.000Z,57.13
2026-05-30T03:30:00.000Z,55.92
2026-05-30T03:45:00.000Z,60.16
2026-05-30T04:00:00.000Z,55.53
2026-05-30T04:15:00.000Z,54.86
2026-05-30T04:30:00.000Z,63.50
2026-05-30T04:45:00.000Z,73.09
2026-05-30T05:00:00.000Z,57.16
2026-05-30T05:15:00.000Z,60.67
2026-05-30T05:30:00.000Z,62.26
2026-05-30T05:45:00.000Z,66.87
2026-05-30T06:00:00.000Z,64.44
2026-05-30T06:15:00.000Z,63.54
2026-05-30T06:30:00.000Z,69.52
2026-05-30T06:45:00.000Z,72.81
2026-05-30T07:00:00.000Z,77.42
2026-05-30T07:15:00.000Z,48.37
2026-05-30T07:30:00.000Z,17.33
2026-05-30T07:45:00.000Z,7.84
2026-05-30T08:00:00.000Z,23.56
2026-05-30T08:15:00.000Z,21.50
2026-05-30T08:30:00.000Z,20.01
2026-05-30T08:45:00.000Z,21.46
2026-05-30T09:00:00.000Z,24.77
2026-05-30T09:15:00.000Z,22.45
2026-05-30T09:30:00.000Z,20.01
2026-05-30T09:45:00.000Z,19.99
2026-05-30T10:00:00.000Z,24.78
2026-05-30T10:15:00.000Z,23.94
2026-05-30T10:30:00.000Z,20.94
2026-05-30T10:45:00.000Z,20.38
2026-05-30T11:00:00.000Z,23.98
2026-05-30T11:15:00.000Z,21.64
2026-05-30T11:30:00.000Z,20.99
2026-05-30T11:45:00.000Z,21.14
2026-05-30T12:00:00.000Z,20.00
2026-05-30T12:15:00.000Z,20.38
2026-05-30T12:30:00.000Z,22.00
2026-05-30T12:45:00.000Z,23.83
2026-05-30T13:00:00.000Z,22.32
2026-05-30T13:15:00.000Z,20.01
2026-05-30T13:30:00.000Z,20.87
2026-05-30T13:45:00.000Z,24.99
2026-05-30T14:00:00.000Z,18.45
2026-05-30T14:15:00.000Z,20.17
2026-05-30T14:30:00.000Z,26.02
2026-05-30T14:45:00.000Z,34.77
2026-05-30T15:00:00.000Z,8.44
2026-05-30T15:15:00.000Z,61.98
2026-05-30T15:30:00.000Z,85.70
2026-05-30T15:45:00.000Z,95.77
2026-05-30T16:00:00.000Z,80.07
2026-05-30T16:15:00.000Z,75.65
2026-05-30T16:30:00.000Z,73.39
2026-05-30T16:45:00.000Z,83.90
2026-05-30T17:00:00.000Z,89.61
2026-05-30T17:15:00.000Z,84.13
2026-05-30T17:30:00.000Z,73.29
2026-05-30T17:45:00.000Z,68.72
2026-05-30T18:00:00.000Z,73.90
2026-05-30T18:15:00.000Z,71.43
2026-05-30T18:30:00.000Z,70.65
2026-05-30T18:45:00.000Z,68.23
2026-05-30T19:00:00.000Z,72.99
2026-05-30T19:15:00.000Z,68.46
2026-05-30T19:30:00.000Z,67.59
2026-05-30T19:45:00.000Z,67.27
2026-05-30T20:00:00.000Z,76.28
2026-05-30T20:15:00.000Z,71.55
2026-05-30T20:30:00.000Z,67.57
2026-05-30T20:45:00.000Z,64.68
2026-05-30T21:00:00.000Z,70.66
2026-05-30T21:15:00.000Z,63.45
2026-05-30T21:30:00.000Z,63.47
2026-05-30T21:45:00.000Z,63.48
2026-05-30T22:00:00.000Z,66.63
2026-05-30T22:15:00.000Z,70.78
2026-05-30T22:30:00.000Z,73.77
2026-05-30T22:45:00.000Z,78.40
2026-05-30T23:00:00.000Z,72.84
2026-05-30T23:15:00.000Z,75.62
2026-05-30T23:30:00.000Z,76.39
2026-05-30T23:45:00.000Z,78.14
2026-05-31T00:00:00.000Z,73.02
2026-05-31T00:15:00.000Z,74.50
2026-05-31T00:30:00.000Z,75.29
2026-05-31T00:45:00.000Z,78.75
2026-05-31T01:00:00.000Z,73.45
2026-05-31T01:15:00.000Z,74.33
2026-05-31T01:30:00.000Z,74.35
2026-05-31T01:45:00.000Z,74.42
2026-05-31T02:00:00.000Z,65.77
2026-05-31T02:15:00.000Z,67.82
2026-05-31T02:30:00.000Z,67.82
2026-05-31T02:45:00.000Z,67.82
2026-05-31T03:00:00.000Z,60.98
2026-05-31T03:15:00.000Z,61.25
2026-05-31T03:30:00.000Z,61.86
2026-05-31T03:45:00.000Z,62.08
2026-05-31T04:00:00.000Z,63.47
2026-05-31T04:15:00.000Z,63.50
2026-05-31T04:30:00.000Z,64.99
2026-05-31T04:45:00.000Z,68.55
2026-05-31T05:00:00.000Z,64.63
2026-05-31T05:15:00.000Z,66.96
2026-05-31T05:30:00.000Z,64.33
2026-05-31T05:45:00.000Z,76.65
2026-05-31T06:00:00.000Z,67.21
2026-05-31T06:15:00.000Z,80.02
2026-05-31T06:30:00.000Z,74.43
2026-05-31T06:45:00.000Z,70.57
2026-05-31T07:00:00.000Z,79.46
2026-05-31T07:15:00.000Z,63.67
2026-05-31T07:30:00.000Z,56.82
2026-05-31T07:45:00.000Z,25.72
2026-05-31T08:00:00.000Z,39.40
2026-05-31T08:15:00.000Z,37.04
2026-05-31T08:30:00.000Z,34.75
2026-05-31T08:45:00.000Z,36.43
2026-05-31T09:00:00.000Z,43.59
2026-05-31T09:15:00.000Z,40.96
2026-05-31T09:30:00.000Z,36.58
2026-05-31T09:45:00.000Z,32.43
2026-05-31T10:00:00.000Z,40.54
2026-05-31T10:15:00.000Z,39.98
2026-05-31T10:30:00.000Z,36.32
2026-05-31T10:45:00.000Z,36.64
2026-05-31T11:00:00.000Z,39.97
2026-05-31T11:15:00.000Z,39.69
2026-05-31T11:30:00.000Z,38.71
2026-05-31T11:45:00.000Z,36.68
2026-05-31T12:00:00.000Z,37.92
2026-05-31T12:15:00.000Z,37.23
2026-05-31T12:30:00.000Z,40.62
2026-05-31T12:45:00.000Z,40.00
2026-05-31T13:00:00.000Z,32.10
2026-05-31T13:15:00.000Z,34.50
2026-05-31T13:30:00.000Z,39.60
2026-05-31T13:45:00.000Z,56.19
2026-05-31T14:00:00.000Z,19.17
2026-05-31T14:15:00.000Z,40.49
2026-05-31T14:30:00.000Z,65.65
2026-05-31T14:45:00.000Z,87.25
2026-05-31T15:00:00.000Z,68.12
2026-05-31T15:15:00.000Z,68.80
2026-05-31T15:30:00.000Z,69.26
2026-05-31T15:45:00.000Z,73.82
2026-05-31T16:00:00.000Z,68.93
2026-05-31T16:15:00.000Z,73.33
2026-05-31T16:30:00.000Z,72.12
2026-05-31T16:45:00.000Z,69.86
2026-05-31T17:00:00.000Z,73.96
2026-05-31T17:15:00.000Z,72.00
2026-05-31T17:30:00.000Z,69.86
2026-05-31T17:45:00.000Z,68.04
2026-05-31T18:00:00.000Z,74.37
2026-05-31T18:15:00.000Z,71.04
2026-05-31T18:30:00.000Z,69.70
2026-05-31T18:45:00.000Z,67.69
2026-05-31T19:00:00.000Z,71.81
2026-05-31T19:15:00.000Z,70.63
2026-05-31T19:30:00.000Z,70.25
2026-05-31T19:45:00.000Z,67.56
2026-05-31T20:00:00.000Z,68.43
2026-05-31T20:15:00.000Z,68.58
2026-05-31T20:30:00.000Z,68.20
2026-05-31T20:45:00.000Z,65.81
2026-05-31T21:00:00.000Z,70.11
2026-05-31T21:15:00.000Z,67.90
2026-05-31T21:30:00.000Z,66.05
2026-05-31T21:45:00.000Z,64.19
2026-05-31T22:00:00.000Z,68.49
2026-05-31T22:15:00.000Z,69.51
2026-05-31T22:30:00.000Z,69.78
2026-05-31T22:45:00.000Z,72.53
2026-05-31T23:00:00.000Z,67.26
2026-05-31T23:15:00.000Z,66.55
2026-05-31T23:30:00.000Z,69.31
2026-05-31T23:45:00.000Z,73.23
2026-06-01T00:00:00.000Z,69.68
2026-06-01T00:15:00.000Z,67.59
2026-06-01T00:30:00.000Z,70.27
2026-06-01T00:45:00.000Z,73.45
2026-06-01T01:00:00.000Z,68.03
2026-06-01T01:15:00.000Z,70.31
2026-06-01T01:30:00.000Z,71.17
2026-06-01T01:45:00.000Z,72.83
2026-06-01T02:00:00.000Z,68.75
2026-06-01T02:15:00.000Z,69.14
2026-06-01T02:30:00.000Z,68.58
2026-06-01T02:45:00.000Z,73.19
2026-06-01T03:00:00.000Z,65.18
2026-06-01T03:15:00.000Z,66.63
2026-06-01T03:30:00.000Z,69.53
2026-06-01T03:45:00.000Z,75.05
2026-06-01T04:00:00.000Z,63.46
2026-06-01T04:15:00.000Z,69.04
2026-06-01T04:30:00.000Z,77.32
2026-06-01T04:45:00.000Z,79.19
2026-06-01T05:00:00.000Z,80.24
2026-06-01T05:15:00.000Z,88.68
2026-06-01T05:30:00.000Z,91.33
2026-06-01T05:45:00.000Z,94.41
2026-06-01T06:00:00.000Z,100.20
2026-06-01T06:15:00.000Z,99.46
2026-06-01T06:30:00.000Z,97.04
2026-06-01T06:45:00.000Z,94.21
2026-06-01T07:00:00.000Z,119.94
2026-06-01T07:15:00.000Z,111.42
2026-06-01T07:30:00.000Z,105.58
2026-06-01T07:45:00.000Z,101.61
2026-06-01T08:00:00.000Z,107.01
2026-06-01T08:15:00.000Z,103.14
2026-06-01T08:30:00.000Z,101.68
2026-06-01T08:45:00.000Z,101.47
2026-06-01T09:00:00.000Z,103.55
2026-06-01T09:15:00.000Z,103.16
2026-06-01T09:30:00.000Z,101.63
2026-06-01T09:45:00.000Z,97.15
2026-06-01T10:00:00.000Z,98.19
2026-06-01T10:15:00.000Z,93.94
2026-06-01T10:30:00.000Z,91.74
2026-06-01T10:45:00.000Z,88.50
2026-06-01T11:00:00.000Z,93.23
2026-06-01T11:15:00.000Z,92.82
2026-06-01T11:30:00.000Z,90.18
2026-06-01T11:45:00.000Z,88.04
2026-06-01T12:00:00.000Z,87.10
2026-06-01T12:15:00.000Z,87.80
2026-06-01T12:30:00.000Z,86.70
2026-06-01T12:45:00.000Z,88.41
2026-06-01T13:00:00.000Z,85.70
2026-06-01T13:15:00.000Z,89.08
2026-06-01T13:30:00.000Z,93.66
2026-06-01T13:45:00.000Z,99.86
2026-06-01T14:00:00.000Z,80.18
2026-06-01T14:15:00.000Z,90.92
2026-06-01T14:30:00.000Z,93.91
2026-06-01T14:45:00.000Z,93.77
2026-06-01T15:00:00.000Z,88.25
2026-06-01T15:15:00.000Z,91.82
2026-06-01T15:30:00.000Z,86.95
2026-06-01T15:45:00.000Z,85.67
2026-06-01T16:00:00.000Z,87.27
2026-06-01T16:15:00.000Z,81.61
2026-06-01T16:30:00.000Z,80.93
2026-06-01T16:45:00.000Z,85.90
2026-06-01T17:00:00.000Z,86.36
2026-06-01T17:15:00.000Z,86.25
2026-06-01T17:30:00.000Z,82.56
2026-06-01T17:45:00.000Z,78.74
2026-06-01T18:00:00.000Z,76.90
2026-06-01T18:15:00.000Z,75.45
2026-06-01T18:30:00.000Z,72.23
2026-06-01T18:45:00.000Z,69.25
2026-06-01T19:00:00.000Z,73.51
2026-06-01T19:15:00.000Z,73.41
2026-06-01T19:30:00.000Z,74.02
2026-06-01T19:45:00.000Z,75.18
2026-06-01T20:00:00.000Z,76.58
2026-06-01T20:15:00.000Z,79.17
2026-06-01T20:30:00.000Z,74.80
2026-06-01T20:45:00.000Z,73.88
2026-06-01T21:00:00.000Z,79.46
2026-06-01T21:15:00.000Z,76.31
2026-06-01T21:30:00.000Z,72.72
2026-06-01T21:45:00.000Z,70.54
2026-06-01T22:00:00.000Z,81.17
2026-06-01T22:15:00.000Z,79.38
2026-06-01T22:30:00.000Z,76.52
2026-06-01T22:45:00.000Z,79.06
2026-06-01T23:00:00.000Z,77.07
2026-06-01T23:15:00.000Z,75.92
2026-06-01T23:30:00.000Z,77.02
2026-06-01T23:45:00.000Z,80.76
2026-06-02T00:00:00.000Z,74.38
2026-06-02T00:15:00.000Z,79.13
2026-06-02T00:30:00.000Z,80.77
2026-06-02T00:45:00.000Z,81.17
2026-06-02T01:00:00.000Z,78.54
2026-06-02T01:15:00.000Z,79.38
2026-06-02T01:30:00.000Z,79.38
2026-06-02T01:45:00.000Z,79.38
2026-06-02T02:00:00.000Z,79.25
2026-06-02T02:15:00.000Z,79.32
2026-06-02T02:30:00.000Z,79.33
2026-06-02T02:45:00.000Z,75.23
2026-06-02T03:00:00.000Z,83.92
2026-06-02T03:15:00.000Z,83.12
2026-06-02T03:30:00.000Z,82.16
2026-06-02T03:45:00.000Z,77.33
2026-06-02T04:00:00.000Z,80.62
2026-06-02T04:15:00.000Z,85.65
2026-06-02T04:30:00.000Z,89.82
2026-06-02T04:45:00.000Z,94.66
2026-06-02T05:00:00.000Z,92.06
2026-06-02T05:15:00.000Z,93.14
2026-06-02T05:30:00.000Z,92.34
2026-06-02T05:45:00.000Z,91.70
2026-06-02T06:00:00.000Z,92.66
2026-06-02T06:15:00.000Z,91.65
2026-06-02T06:30:00.000Z,91.54
2026-06-02T06:45:00.000Z,91.98
2026-06-02T07:00:00.000Z,94.73
2026-06-02T07:15:00.000Z,89.91
2026-06-02T07:30:00.000Z,84.81
2026-06-02T07:45:00.000Z,85.55
2026-06-02T08:00:00.000Z,99.61
2026-06-02T08:15:00.000Z,94.94
2026-06-02T08:30:00.000Z,91.56
2026-06-02T08:45:00.000Z,82.81
2026-06-02T09:00:00.000Z,92.69
2026-06-02T09:15:00.000Z,88.81
2026-06-02T09:30:00.000Z,85.42
2026-06-02T09:45:00.000Z,84.03
2026-06-02T10:00:00.000Z,85.88
2026-06-02T10:15:00.000Z,85.63
2026-06-02T10:30:00.000Z,85.62
2026-06-02T10:45:00.000Z,85.80
2026-06-02T11:00:00.000Z,82.65
2026-06-02T11:15:00.000Z,88.34
2026-06-02T11:30:00.000Z,89.29
2026-06-02T11:45:00.000Z,90.42
2026-06-02T12:00:00.000Z,87.82
2026-06-02T12:15:00.000Z,91.87
2026-06-02T12:30:00.000Z,95.46
2026-06-02T12:45:00.000Z,98.74
2026-06-02T13:00:00.000Z,90.60
2026-06-02T13:15:00.000Z,92.10
2026-06-02T13:30:00.000Z,90.43
2026-06-02T13:45:00.000Z,86.76
2026-06-02T14:00:00.000Z,90.02
2026-06-02T14:15:00.000Z,86.75
2026-06-02T14:30:00.000Z,87.74
2026-06-02T14:45:00.000Z,91.22
2026-06-02T15:00:00.000Z,86.95
2026-06-02T15:15:00.000Z,89.40
2026-06-02T15:30:00.000Z,92.25
2026-06-02T15:45:00.000Z,94.27
2026-06-02T16:00:00.000Z,93.09
2026-06-02T16:15:00.000Z,95.31
2026-06-02T16:30:00.000Z,97.22
2026-06-02T16:45:00.000Z,98.83
2026-06-02T17:00:00.000Z,94.91
2026-06-02T17:15:00.000Z,97.75
2026-06-02T17:30:00.000Z,99.90
2026-06-02T17:45:00.000Z,100.34
2026-06-02T18:00:00.000Z,100.13
2026-06-02T18:15:00.000Z,97.60
2026-06-02T18:30:00.000Z,96.35
2026-06-02T18:45:00.000Z,93.37
2026-06-02T19:00:00.000Z,109.85
2026-06-02T19:15:00.000Z,102.53
2026-06-02T19:30:00.000Z,98.92
2026-06-02T19:45:00.000Z,96.79
2026-06-02T20:00:00.000Z,99.56
2026-06-02T20:15:00.000Z,97.19
2026-06-02T20:30:00.000Z,96.34
2026-06-02T20:45:00.000Z,91.14
2026-06-02T21:00:00.000Z,91.82
2026-06-02T21:15:00.000Z,86.44
2026-06-02T21:30:00.000Z,85.61
2026-06-02T21:45:00.000Z,81.85
2026-06-02T22:00:00.000Z,88.22
2026-06-02T22:15:00.000Z,85.30
2026-06-02T22:30:00.000Z,83.95
2026-06-02T22:45:00.000Z,82.68
2026-06-02T23:00:00.000Z,82.40
2026-06-02T23:15:00.000Z,81.47
2026-06-02T23:30:00.000Z,80.87
2026-06-02T23:45:00.000Z,80.03
2026-06-03T00:00:00.000Z,80.60
2026-06-03T00:15:00.000Z,79.90
2026-06-03T00:30:00.000Z,78.93
2026-06-03T00:45:00.000Z,78.45
2026-06-03T01:00:00.000Z,79.21
2026-06-03T01:15:00.000Z,79.29
2026-06-03T01:30:00.000Z,79.37
2026-06-03T01:45:00.000Z,80.20
2026-06-03T02:00:00.000Z,78.23
2026-06-03T02:15:00.000Z,79.09
2026-06-03T02:30:00.000Z,79.63
2026-06-03T02:45:00.000Z,81.24
2026-06-03T03:00:00.000Z,77.03
2026-06-03T03:15:00.000Z,80.36
2026-06-03T03:30:00.000Z,82.25
2026-06-03T03:45:00.000Z,83.77
2026-06-03T04:00:00.000Z,85.61
2026-06-03T04:15:00.000Z,86.90
2026-06-03T04:30:00.000Z,87.98
2026-06-03T04:45:00.000Z,88.82
2026-06-03T05:00:00.000Z,95.23
2026-06-03T05:15:00.000Z,92.77
2026-06-03T05:30:00.000Z,90.20
2026-06-03T05:45:00.000Z,89.34
2026-06-03T06:00:00.000Z,97.60
2026-06-03T06:15:00.000Z,94.21
2026-06-03T06:30:00.000Z,92.20
2026-06-03T06:45:00.000Z,91.75
2026-06-03T07:00:00.000Z,94.49
2026-06-03T07:15:00.000Z,88.27
2026-06-03T07:30:00.000Z,86.15
2026-06-03T07:45:00.000Z,81.58
2026-06-03T08:00:00.000Z,85.65
2026-06-03T08:15:00.000Z,81.82
2026-06-03T08:30:00.000Z,77.36
2026-06-03T08:45:00.000Z,76.06
2026-06-03T09:00:00.000Z,74.66
2026-06-03T09:15:00.000Z,75.59
2026-06-03T09:30:00.000Z,67.95
2026-06-03T09:45:00.000Z,69.61
2026-06-03T10:00:00.000Z,78.69
2026-06-03T10:15:00.000Z,69.37
2026-06-03T10:30:00.000Z,69.84
2026-06-03T10:45:00.000Z,65.59
2026-06-03T11:00:00.000Z,54.73
2026-06-03T11:15:00.000Z,51.93
2026-06-03T11:30:00.000Z,49.81
2026-06-03T11:45:00.000Z,47.66
2026-06-03T12:00:00.000Z,40.95
2026-06-03T12:15:00.000Z,44.93
2026-06-03T12:30:00.000Z,45.61
2026-06-03T12:45:00.000Z,53.74
2026-06-03T13:00:00.000Z,36.23
2026-06-03T13:15:00.000Z,44.05
2026-06-03T13:30:00.000Z,47.46
2026-06-03T13:45:00.000Z,62.68
2026-06-03T14:00:00.000Z,37.85
2026-06-03T14:15:00.000Z,59.28
2026-06-03T14:30:00.000Z,69.36
2026-06-03T14:45:00.000Z,79.36
2026-06-03T15:00:00.000Z,70.04
2026-06-03T15:15:00.000Z,82.31
2026-06-03T15:30:00.000Z,79.77
2026-06-03T15:45:00.000Z,76.76
2026-06-03T16:00:00.000Z,75.48
2026-06-03T16:15:00.000Z,74.94
2026-06-03T16:30:00.000Z,73.74
2026-06-03T16:45:00.000Z,71.70
2026-06-03T17:00:00.000Z,71.96
2026-06-03T17:15:00.000Z,71.90
2026-06-03T17:30:00.000Z,72.69
2026-06-03T17:45:00.000Z,65.16
2026-06-03T18:00:00.000Z,75.56
2026-06-03T18:15:00.000Z,73.09
2026-06-03T18:30:00.000Z,70.72
2026-06-03T18:45:00.000Z,60.15
2026-06-03T19:00:00.000Z,73.15
2026-06-03T19:15:00.000Z,68.86
2026-06-03T19:30:00.000Z,65.96
2026-06-03T19:45:00.000Z,54.89
2026-06-03T20:00:00.000Z,82.54
2026-06-03T20:15:00.000Z,69.92
2026-06-03T20:30:00.000Z,55.91
2026-06-03T20:45:00.000Z,50.38
2026-06-03T21:00:00.000Z,69.11
2026-06-03T21:15:00.000Z,61.57
2026-06-03T21:30:00.000Z,54.76
2026-06-03T21:45:00.000Z,46.67
2026-06-03T22:00:00.000Z,65.46
2026-06-03T22:15:00.000Z,58.37
2026-06-03T22:30:00.000Z,52.66
2026-06-03T22:45:00.000Z,41.36
2026-06-03T23:00:00.000Z,54.40
2026-06-03T23:15:00.000Z,52.09
2026-06-03T23:30:00.000Z,45.33
2026-06-03T23:45:00.000Z,41.23
2026-06-04T00:00:00.000Z,47.71
2026-06-04T00:15:00.000Z,45.26
2026-06-04T00:30:00.000Z,42.72
2026-06-04T00:45:00.000Z,40.73
2026-06-04T01:00:00.000Z,44.21
2026-06-04T01:15:00.000Z,42.76
2026-06-04T01:30:00.000Z,44.52
2026-06-04T01:45:00.000Z,45.13
2026-06-04T02:00:00.000Z,39.28
2026-06-04T02:15:00.000Z,40.36
2026-06-04T02:30:00.000Z,43.39
2026-06-04T02:45:00.000Z,48.74
2026-06-04T03:00:00.000Z,38.48
2026-06-04T03:15:00.000Z,42.67
2026-06-04T03:30:00.000Z,49.31
2026-06-04T03:45:00.000Z,51.81
2026-06-04T04:00:00.000Z,47.05
2026-06-04T04:15:00.000Z,57.25
2026-06-04T04:30:00.000Z,60.88
2026-06-04T04:45:00.000Z,58.60
2026-06-04T05:00:00.000Z,69.97
2026-06-04T05:15:00.000Z,68.96
2026-06-04T05:30:00.000Z,66.36
2026-06-04T05:45:00.000Z,61.77
2026-06-04T06:00:00.000Z,76.78
2026-06-04T06:15:00.000Z,66.49
2026-06-04T06:30:00.000Z,54.21
2026-06-04T06:45:00.000Z,35.25
2026-06-04T07:00:00.000Z,56.66
2026-06-04T07:15:00.000Z,40.33
2026-06-04T07:30:00.000Z,19.86
2026-06-04T07:45:00.000Z,10.08
2026-06-04T08:00:00.000Z,21.08
2026-06-04T08:15:00.000Z,14.31
2026-06-04T08:30:00.000Z,10.77
2026-06-04T08:45:00.000Z,9.03
2026-06-04T09:00:00.000Z,9.94
2026-06-04T09:15:00.000Z,8.66
2026-06-04T09:30:00.000Z,7.12
2026-06-04T09:45:00.000Z,8.03
2026-06-04T10:00:00.000Z,10.29
2026-06-04T10:15:00.000Z,10.00
2026-06-04T10:30:00.000Z,9.80
2026-06-04T10:45:00.000Z,9.67
2026-06-04T11:00:00.000Z,9.78
2026-06-04T11:15:00.000Z,9.77
2026-06-04T11:30:00.000Z,9.78
2026-06-04T11:45:00.000Z,9.99
2026-06-04T12:00:00.000Z,8.12
2026-06-04T12:15:00.000Z,9.18
2026-06-04T12:30:00.000Z,9.99
2026-06-04T12:45:00.000Z,11.00
2026-06-04T13:00:00.000Z,10.01
2026-06-04T13:15:00.000Z,11.00
2026-06-04T13:30:00.000Z,11.01
2026-06-04T13:45:00.000Z,15.21
2026-06-04T14:00:00.000Z,6.74
2026-06-04T14:15:00.000Z,15.14
2026-06-04T14:30:00.000Z,33.61
2026-06-04T14:45:00.000Z,53.32
2026-06-04T15:00:00.000Z,29.54
2026-06-04T15:15:00.000Z,43.03
2026-06-04T15:30:00.000Z,54.77
2026-06-04T15:45:00.000Z,60.61
2026-06-04T16:00:00.000Z,52.42
2026-06-04T16:15:00.000Z,55.57
2026-06-04T16:30:00.000Z,61.39
2026-06-04T16:45:00.000Z,62.07
2026-06-04T17:00:00.000Z,59.94
2026-06-04T17:15:00.000Z,61.39
2026-06-04T17:30:00.000Z,62.48
2026-06-04T17:45:00.000Z,63.62
2026-06-04T18:00:00.000Z,63.45
2026-06-04T18:15:00.000Z,65.24
2026-06-04T18:30:00.000Z,64.52
2026-06-04T18:45:00.000Z,59.09
2026-06-04T19:00:00.000Z,67.46
2026-06-04T19:15:00.000Z,64.53
2026-06-04T19:30:00.000Z,60.94
2026-06-04T19:45:00.000Z,57.35
2026-06-04T20:00:00.000Z,66.94
2026-06-04T20:15:00.000Z,61.44
2026-06-04T20:30:00.000Z,56.36
2026-06-04T20:45:00.000Z,52.32
2026-06-04T21:00:00.000Z,55.36
2026-06-04T21:15:00.000Z,51.71
2026-06-04T21:30:00.000Z,48.27
2026-06-04T21:45:00.000Z,47.45
2026-06-04T22:00:00.000Z,48.73
2026-06-04T22:15:00.000Z,44.95
2026-06-04T22:30:00.000Z,41.94
2026-06-04T22:45:00.000Z,40.67
2026-06-04T23:00:00.000Z,43.99
2026-06-04T23:15:00.000Z,42.15
2026-06-04T23:30:00.000Z,42.87
2026-06-04T23:45:00.000Z,40.37
2026-06-05T00:00:00.000Z,37.21
2026-06-05T00:15:00.000Z,41.54
2026-06-05T00:30:00.000Z,42.91
2026-06-05T00:45:00.000Z,46.17
2026-06-05T01:00:00.000Z,46.20
2026-06-05T01:15:00.000Z,43.38
2026-06-05T01:30:00.000Z,42.76
2026-06-05T01:45:00.000Z,48.14
2026-06-05T02:00:00.000Z,27.09
2026-06-05T02:15:00.000Z,37.59
2026-06-05T02:30:00.000Z,39.80
2026-06-05T02:45:00.000Z,43.08
2026-06-05T03:00:00.000Z,40.26
2026-06-05T03:15:00.000Z,41.65
2026-06-05T03:30:00.000Z,48.56
2026-06-05T03:45:00.000Z,52.27
2026-06-05T04:00:00.000Z,50.14
2026-06-05T04:15:00.000Z,54.09
2026-06-05T04:30:00.000Z,59.85
2026-06-05T04:45:00.000Z,63.38
2026-06-05T05:00:00.000Z,59.23
2026-06-05T05:15:00.000Z,60.51
2026-06-05T05:30:00.000Z,60.30
2026-06-05T05:45:00.000Z,58.82
2026-06-05T06:00:00.000Z,77.73
2026-06-05T06:15:00.000Z,75.30
2026-06-05T06:30:00.000Z,74.38
2026-06-05T06:45:00.000Z,72.62
2026-06-05T07:00:00.000Z,75.40
2026-06-05T07:15:00.000Z,74.67
2026-06-05T07:30:00.000Z,75.32
2026-06-05T07:45:00.000Z,71.56
2026-06-05T08:00:00.000Z,73.87
2026-06-05T08:15:00.000Z,72.56
2026-06-05T08:30:00.000Z,61.98
2026-06-05T08:45:00.000Z,58.60
2026-06-05T09:00:00.000Z,62.94
2026-06-05T09:15:00.000Z,60.07
2026-06-05T09:30:00.000Z,60.42
2026-06-05T09:45:00.000Z,61.60
2026-06-05T10:00:00.000Z,60.63
2026-06-05T10:15:00.000Z,62.96
2026-06-05T10:30:00.000Z,59.44
2026-06-05T10:45:00.000Z,54.73
2026-06-05T11:00:00.000Z,62.73
2026-06-05T11:15:00.000Z,58.15
2026-06-05T11:30:00.000Z,52.67
2026-06-05T11:45:00.000Z,47.96
2026-06-05T12:00:00.000Z,40.90
2026-06-05T12:15:00.000Z,42.33
2026-06-05T12:30:00.000Z,44.36
2026-06-05T12:45:00.000Z,47.03
2026-06-05T13:00:00.000Z,26.39
2026-06-05T13:15:00.000Z,39.76
2026-06-05T13:30:00.000Z,49.25
2026-06-05T13:45:00.000Z,59.40
2026-06-05T14:00:00.000Z,52.26
2026-06-05T14:15:00.000Z,64.15
2026-06-05T14:30:00.000Z,64.36
2026-06-05T14:45:00.000Z,65.62
2026-06-05T15:00:00.000Z,74.61
2026-06-05T15:15:00.000Z,68.40
2026-06-05T15:30:00.000Z,64.35
2026-06-05T15:45:00.000Z,63.32
2026-06-05T16:00:00.000Z,68.12
2026-06-05T16:15:00.000Z,66.80
2026-06-05T16:30:00.000Z,66.80
2026-06-05T16:45:00.000Z,66.80
2026-06-05T17:00:00.000Z,66.16
2026-06-05T17:15:00.000Z,63.17
2026-06-05T17:30:00.000Z,61.06
2026-06-05T17:45:00.000Z,59.46
2026-06-05T18:00:00.000Z,63.12
2026-06-05T18:15:00.000Z,61.32
2026-06-05T18:30:00.000Z,58.93
2026-06-05T18:45:00.000Z,60.47
2026-06-05T19:00:00.000Z,60.55
2026-06-05T19:15:00.000Z,59.90
2026-06-05T19:30:00.000Z,60.50
2026-06-05T19:45:00.000Z,61.22
2026-06-05T20:00:00.000Z,53.94
2026-06-05T20:15:00.000Z,58.59
2026-06-05T20:30:00.000Z,60.42
2026-06-05T20:45:00.000Z,62.27
2026-06-05T21:00:00.000Z,55.02
2026-06-05T21:15:00.000Z,59.07
2026-06-05T21:30:00.000Z,61.33
2026-06-05T21:45:00.000Z,64.15
2026-06-05T22:00:00.000Z,74.91
2026-06-05T22:15:00.000Z,69.52
2026-06-05T22:30:00.000Z,75.47
2026-06-05T22:45:00.000Z,79.46
2026-06-05T23:00:00.000Z,68.89
2026-06-05T23:15:00.000Z,81.07
2026-06-05T23:30:00.000Z,85.62
2026-06-05T23:45:00.000Z,85.74
2026-06-06T00:00:00.000Z,71.06
2026-06-06T00:15:00.000Z,81.20
2026-06-06T00:30:00.000Z,83.69
2026-06-06T00:45:00.000Z,84.06
2026-06-06T01:00:00.000Z,73.74
2026-06-06T01:15:00.000Z,78.61
2026-06-06T01:30:00.000Z,78.32
2026-06-06T01:45:00.000Z,78.52
2026-06-06T02:00:00.000Z,85.25
2026-06-06T02:15:00.000Z,83.90
2026-06-06T02:30:00.000Z,83.17
2026-06-06T02:45:00.000Z,84.18
2026-06-06T03:00:00.000Z,81.99
2026-06-06T03:15:00.000Z,81.52
2026-06-06T03:30:00.000Z,82.09
2026-06-06T03:45:00.000Z,81.16
2026-06-06T04:00:00.000Z,79.99
2026-06-06T04:15:00.000Z,79.69
2026-06-06T04:30:00.000Z,80.08
2026-06-06T04:45:00.000Z,81.85
2026-06-06T05:00:00.000Z,80.40
2026-06-06T05:15:00.000Z,79.68
2026-06-06T05:30:00.000Z,78.70
2026-06-06T05:45:00.000Z,74.23
2026-06-06T06:00:00.000Z,77.31
2026-06-06T06:15:00.000Z,74.60
2026-06-06T06:30:00.000Z,73.74
2026-06-06T06:45:00.000Z,64.75
2026-06-06T07:00:00.000Z,66.31
2026-06-06T07:15:00.000Z,53.45
2026-06-06T07:30:00.000Z,49.92
2026-06-06T07:45:00.000Z,28.69
2026-06-06T08:00:00.000Z,57.86
2026-06-06T08:15:00.000Z,45.62
2026-06-06T08:30:00.000Z,39.81
2026-06-06T08:45:00.000Z,36.71
2026-06-06T09:00:00.000Z,46.98
2026-06-06T09:15:00.000Z,45.51
2026-06-06T09:30:00.000Z,41.87
2026-06-06T09:45:00.000Z,40.58
2026-06-06T10:00:00.000Z,42.26
2026-06-06T10:15:00.000Z,42.45
2026-06-06T10:30:00.000Z,40.33
2026-06-06T10:45:00.000Z,39.75
2026-06-06T11:00:00.000Z,40.40
2026-06-06T11:15:00.000Z,39.74
2026-06-06T11:30:00.000Z,40.06
2026-06-06T11:45:00.000Z,39.97
2026-06-06T12:00:00.000Z,39.69
2026-06-06T12:15:00.000Z,40.07
2026-06-06T12:30:00.000Z,39.69
2026-06-06T12:45:00.000Z,40.82
2026-06-06T13:00:00.000Z,28.91
2026-06-06T13:15:00.000Z,27.71
2026-06-06T13:30:00.000Z,30.46
2026-06-06T13:45:00.000Z,38.01
2026-06-06T14:00:00.000Z,12.74
2026-06-06T14:15:00.000Z,47.05
2026-06-06T14:30:00.000Z,63.73
2026-06-06T14:45:00.000Z,71.63
2026-06-06T15:00:00.000Z,72.13
2026-06-06T15:15:00.000Z,83.12
2026-06-06T15:30:00.000Z,84.99
2026-06-06T15:45:00.000Z,85.67
2026-06-06T16:00:00.000Z,87.93
2026-06-06T16:15:00.000Z,88.63
2026-06-06T16:30:00.000Z,87.58
2026-06-06T16:45:00.000Z,86.37
2026-06-06T17:00:00.000Z,87.71
2026-06-06T17:15:00.000Z,86.99
2026-06-06T17:30:00.000Z,79.39
2026-06-06T17:45:00.000Z,71.40
2026-06-06T18:00:00.000Z,82.62
2026-06-06T18:15:00.000Z,71.97
2026-06-06T18:30:00.000Z,69.68
2026-06-06T18:45:00.000Z,65.05
2026-06-06T19:00:00.000Z,77.61
2026-06-06T19:15:00.000Z,69.67
2026-06-06T19:30:00.000Z,65.02
2026-06-06T19:45:00.000Z,59.65
2026-06-06T20:00:00.000Z,74.33
2026-06-06T20:15:00.000Z,67.67
2026-06-06T20:30:00.000Z,63.82
2026-06-06T20:45:00.000Z,61.94
2026-06-06T21:00:00.000Z,64.74
2026-06-06T21:15:00.000Z,60.79
2026-06-06T21:30:00.000Z,58.94
2026-06-06T21:45:00.000Z,56.93
2026-06-06T22:00:00.000Z,49.09
2026-06-06T22:15:00.000Z,47.81
2026-06-06T22:30:00.000Z,47.41
2026-06-06T22:45:00.000Z,47.13
2026-06-06T23:00:00.000Z,47.20
2026-06-06T23:15:00.000Z,46.86
2026-06-06T23:30:00.000Z,46.54
2026-06-06T23:45:00.000Z,46.08
2026-06-07T00:00:00.000Z,47.52
2026-06-07T00:15:00.000Z,47.21
2026-06-07T00:30:00.000Z,46.62
2026-06-07T00:45:00.000Z,44.17
2026-06-07T01:00:00.000Z,45.02
2026-06-07T01:15:00.000Z,42.41
2026-06-07T01:30:00.000Z,40.81
2026-06-07T01:45:00.000Z,36.72
2026-06-07T02:00:00.000Z,38.83
2026-06-07T02:15:00.000Z,36.51
2026-06-07T02:30:00.000Z,34.35
2026-06-07T02:45:00.000Z,31.28
2026-06-07T03:00:00.000Z,32.79
2026-06-07T03:15:00.000Z,27.33
2026-06-07T03:30:00.000Z,22.63
2026-06-07T03:45:00.000Z,11.01
2026-06-07T04:00:00.000Z,8.34
2026-06-07T04:15:00.000Z,5.00
2026-06-07T04:30:00.000Z,4.39
2026-06-07T04:45:00.000Z,2.14
2026-06-07T05:00:00.000Z,1.95
2026-06-07T05:15:00.000Z,1.18
2026-06-07T05:30:00.000Z,1.49
2026-06-07T05:45:00.000Z,1.39
2026-06-07T06:00:00.000Z,2.91
2026-06-07T06:15:00.000Z,2.59
2026-06-07T06:30:00.000Z,2.55
2026-06-07T06:45:00.000Z,3.87
2026-06-07T07:00:00.000Z,3.72
2026-06-07T07:15:00.000Z,4.91
2026-06-07T07:30:00.000Z,5.96
2026-06-07T07:45:00.000Z,8.86
2026-06-07T08:00:00.000Z,5.52
2026-06-07T08:15:00.000Z,6.21
2026-06-07T08:30:00.000Z,8.65
2026-06-07T08:45:00.000Z,9.69
2026-06-07T09:00:00.000Z,3.19
2026-06-07T09:15:00.000Z,3.37
2026-06-07T09:30:00.000Z,3.20
2026-06-07T09:45:00.000Z,1.88
2026-06-07T10:00:00.000Z,5.53
2026-06-07T10:15:00.000Z,5.22
2026-06-07T10:30:00.000Z,4.60
2026-06-07T10:45:00.000Z,4.70
2026-06-07T11:00:00.000Z,1.81
2026-06-07T11:15:00.000Z,2.20
2026-06-07T11:30:00.000Z,2.69
2026-06-07T11:45:00.000Z,2.54
2026-06-07T12:00:00.000Z,8.61
2026-06-07T12:15:00.000Z,8.32
2026-06-07T12:30:00.000Z,9.15
2026-06-07T12:45:00.000Z,9.33
2026-06-07T13:00:00.000Z,23.86
2026-06-07T13:15:00.000Z,24.68
2026-06-07T13:30:00.000Z,24.88
2026-06-07T13:45:00.000Z,20.29
2026-06-07T14:00:00.000Z,20.02
2026-06-07T14:15:00.000Z,17.52
2026-06-07T14:30:00.000Z,15.27
2026-06-07T14:45:00.000Z,11.68
2026-06-07T15:00:00.000Z,8.31
2026-06-07T15:15:00.000Z,11.08
2026-06-07T15:30:00.000Z,13.09
2026-06-07T15:45:00.000Z,22.95
2026-06-07T16:00:00.000Z,4.94
2026-06-07T16:15:00.000Z,31.88
2026-06-07T16:30:00.000Z,61.26
2026-06-07T16:45:00.000Z,73.57
2026-06-07T17:00:00.000Z,62.83
2026-06-07T17:15:00.000Z,61.80
2026-06-07T17:30:00.000Z,65.08
2026-06-07T17:45:00.000Z,66.39
2026-06-07T18:00:00.000Z,67.45
2026-06-07T18:15:00.000Z,65.40
2026-06-07T18:30:00.000Z,66.01
2026-06-07T18:45:00.000Z,64.52
2026-06-07T19:00:00.000Z,68.23
2026-06-07T19:15:00.000Z,66.98
2026-06-07T19:30:00.000Z,67.03
2026-06-07T19:45:00.000Z,64.41
2026-06-07T20:00:00.000Z,70.74
2026-06-07T20:15:00.000Z,68.36
2026-06-07T20:30:00.000Z,62.59
2026-06-07T20:45:00.000Z,58.76
2026-06-07T21:00:00.000Z,67.93
2026-06-07T21:15:00.000Z,63.04
2026-06-07T21:30:00.000Z,60.08
2026-06-07T21:45:00.000Z,54.98
2026-06-07T22:00:00.000Z,65.95
2026-06-07T22:15:00.000Z,62.78
2026-06-07T22:30:00.000Z,60.58
2026-06-07T22:45:00.000Z,59.58
2026-06-07T23:00:00.000Z,60.28
2026-06-07T23:15:00.000Z,62.27
2026-06-07T23:30:00.000Z,62.21
2026-06-07T23:45:00.000Z,62.81
2026-06-08T00:00:00.000Z,59.63
2026-06-08T00:15:00.000Z,61.16
2026-06-08T00:30:00.000Z,65.04
2026-06-08T00:45:00.000Z,67.33
2026-06-08T01:00:00.000Z,57.29
2026-06-08T01:15:00.000Z,61.31
2026-06-08T01:30:00.000Z,66.34
2026-06-08T01:45:00.000Z,68.39
2026-06-08T02:00:00.000Z,56.74
2026-06-08T02:15:00.000Z,61.31
2026-06-08T02:30:00.000Z,67.12
2026-06-08T02:45:00.000Z,72.61
2026-06-08T03:00:00.000Z,54.58
2026-06-08T03:15:00.000Z,64.18
2026-06-08T03:30:00.000Z,75.56
2026-06-08T03:45:00.000Z,89.15
2026-06-08T04:00:00.000Z,63.21
2026-06-08T04:15:00.000Z,75.86
2026-06-08T04:30:00.000Z,86.53
2026-06-08T04:45:00.000Z,93.48
2026-06-08T05:00:00.000Z,96.46
2026-06-08T05:15:00.000Z,98.69
2026-06-08T05:30:00.000Z,98.42
2026-06-08T05:45:00.000Z,95.40
2026-06-08T06:00:00.000Z,100.00
2026-06-08T06:15:00.000Z,94.14
2026-06-08T06:30:00.000Z,90.03
2026-06-08T06:45:00.000Z,87.26
2026-06-08T07:00:00.000Z,88.32
2026-06-08T07:15:00.000Z,83.14
2026-06-08T07:30:00.000Z,81.56
2026-06-08T07:45:00.000Z,78.74
2026-06-08T08:00:00.000Z,80.01
2026-06-08T08:15:00.000Z,78.54
2026-06-08T08:30:00.000Z,75.72
2026-06-08T08:45:00.000Z,75.49
2026-06-08T09:00:00.000Z,74.33
2026-06-08T09:15:00.000Z,73.96
2026-06-08T09:30:00.000Z,67.83
2026-06-08T09:45:00.000Z,63.57
2026-06-08T10:00:00.000Z,72.48
2026-06-08T10:15:00.000Z,70.94
2026-06-08T10:30:00.000Z,67.28
2026-06-08T10:45:00.000Z,66.37
2026-06-08T11:00:00.000Z,65.74
2026-06-08T11:15:00.000Z,66.34
2026-06-08T11:30:00.000Z,66.30
2026-06-08T11:45:00.000Z,65.49
2026-06-08T12:00:00.000Z,63.88
2026-06-08T12:15:00.000Z,63.90
2026-06-08T12:30:00.000Z,71.10
2026-06-08T12:45:00.000Z,73.32
2026-06-08T13:00:00.000Z,67.15
2026-06-08T13:15:00.000Z,72.51
2026-06-08T13:30:00.000Z,75.54
2026-06-08T13:45:00.000Z,79.67
2026-06-08T14:00:00.000Z,69.29
2026-06-08T14:15:00.000Z,75.46
2026-06-08T14:30:00.000Z,79.04
2026-06-08T14:45:00.000Z,83.80
2026-06-08T15:00:00.000Z,78.85
2026-06-08T15:15:00.000Z,83.58
2026-06-08T15:30:00.000Z,85.98
2026-06-08T15:45:00.000Z,84.98
2026-06-08T16:00:00.000Z,89.52
2026-06-08T16:15:00.000Z,90.41
2026-06-08T16:30:00.000Z,92.52
2026-06-08T16:45:00.000Z,100.25
2026-06-08T17:00:00.000Z,95.00
2026-06-08T17:15:00.000Z,93.42
2026-06-08T17:30:00.000Z,95.24
2026-06-08T17:45:00.000Z,94.05
2026-06-08T18:00:00.000Z,96.20
2026-06-08T18:15:00.000Z,92.80
2026-06-08T18:30:00.000Z,92.50
2026-06-08T18:45:00.000Z,91.25
2026-06-08T19:00:00.000Z,92.20
2026-06-08T19:15:00.000Z,89.23
2026-06-08T19:30:00.000Z,84.42
2026-06-08T19:45:00.000Z,75.20
2026-06-08T20:00:00.000Z,83.82
2026-06-08T20:15:00.000Z,80.16
2026-06-08T20:30:00.000Z,77.03
2026-06-08T20:45:00.000Z,73.23
2026-06-08T21:00:00.000Z,74.83
2026-06-08T21:15:00.000Z,74.02
2026-06-08T21:30:00.000Z,72.00
2026-06-08T21:45:00.000Z,70.40
2026-06-08T22:00:00.000Z,69.64
2026-06-08T22:15:00.000Z,71.89
2026-06-08T22:30:00.000Z,69.09
2026-06-08T22:45:00.000Z,68.69
2026-06-08T23:00:00.000Z,66.59
2026-06-08T23:15:00.000Z,68.30
2026-06-08T23:30:00.000Z,65.39
2026-06-08T23:45:00.000Z,66.03
2026-06-09T00:00:00.000Z,65.07
2026-06-09T00:15:00.000Z,68.25
2026-06-09T00:30:00.000Z,64.98
2026-06-09T00:45:00.000Z,69.48
2026-06-09T01:00:00.000Z,63.76
2026-06-09T01:15:00.000Z,65.77
2026-06-09T01:30:00.000Z,65.91
2026-06-09T01:45:00.000Z,68.37
2026-06-09T02:00:00.000Z,63.78
2026-06-09T02:15:00.000Z,64.07
2026-06-09T02:30:00.000Z,64.85
2026-06-09T02:45:00.000Z,73.24
2026-06-09T03:00:00.000Z,71.26
2026-06-09T03:15:00.000Z,75.77
2026-06-09T03:30:00.000Z,77.69
2026-06-09T03:45:00.000Z,81.91
2026-06-09T04:00:00.000Z,84.27
2026-06-09T04:15:00.000Z,86.68
2026-06-09T04:30:00.000Z,88.23
2026-06-09T04:45:00.000Z,88.81
2026-06-09T05:00:00.000Z,96.08
2026-06-09T05:15:00.000Z,94.14
2026-06-09T05:30:00.000Z,93.75
2026-06-09T05:45:00.000Z,91.30
2026-06-09T06:00:00.000Z,92.21
2026-06-09T06:15:00.000Z,90.25
2026-06-09T06:30:00.000Z,88.43
2026-06-09T06:45:00.000Z,80.47
2026-06-09T07:00:00.000Z,89.25
2026-06-09T07:15:00.000Z,83.93
2026-06-09T07:30:00.000Z,84.24
2026-06-09T07:45:00.000Z,85.01
2026-06-09T08:00:00.000Z,85.21
2026-06-09T08:15:00.000Z,78.48
2026-06-09T08:30:00.000Z,74.57
2026-06-09T08:45:00.000Z,64.80
2026-06-09T09:00:00.000Z,75.85
2026-06-09T09:15:00.000Z,65.19
2026-06-09T09:30:00.000Z,56.31
2026-06-09T09:45:00.000Z,40.49
2026-06-09T10:00:00.000Z,46.85
2026-06-09T10:15:00.000Z,45.91
2026-06-09T10:30:00.000Z,41.66
2026-06-09T10:45:00.000Z,33.67
2026-06-09T11:00:00.000Z,36.80
2026-06-09T11:15:00.000Z,31.14
2026-06-09T11:30:00.000Z,32.19
2026-06-09T11:45:00.000Z,30.25
2026-06-09T12:00:00.000Z,38.43
2026-06-09T12:15:00.000Z,30.65
2026-06-09T12:30:00.000Z,27.56
2026-06-09T12:45:00.000Z,27.73
2026-06-09T13:00:00.000Z,27.37
2026-06-09T13:15:00.000Z,29.01
2026-06-09T13:30:00.000Z,29.82
2026-06-09T13:45:00.000Z,42.85
2026-06-09T14:00:00.000Z,21.76
2026-06-09T14:15:00.000Z,29.01
2026-06-09T14:30:00.000Z,40.74
2026-06-09T14:45:00.000Z,58.69
2026-06-09T15:00:00.000Z,32.71
2026-06-09T15:15:00.000Z,64.38
2026-06-09T15:30:00.000Z,69.87
2026-06-09T15:45:00.000Z,74.60
2026-06-09T16:00:00.000Z,73.49
2026-06-09T16:15:00.000Z,77.22
2026-06-09T16:30:00.000Z,77.96
2026-06-09T16:45:00.000Z,80.61
2026-06-09T17:00:00.000Z,74.46
2026-06-09T17:15:00.000Z,73.98
2026-06-09T17:30:00.000Z,76.11
2026-06-09T17:45:00.000Z,79.04
2026-06-09T18:00:00.000Z,77.08
2026-06-09T18:15:00.000Z,75.23
2026-06-09T18:30:00.000Z,72.56
2026-06-09T18:45:00.000Z,68.56
2026-06-09T19:00:00.000Z,71.18
2026-06-09T19:15:00.000Z,69.46
2026-06-09T19:30:00.000Z,64.58
2026-06-09T19:45:00.000Z,58.83
2026-06-09T20:00:00.000Z,68.63
2026-06-09T20:15:00.000Z,64.02
2026-06-09T20:30:00.000Z,59.83
2026-06-09T20:45:00.000Z,51.41
2026-06-09T21:00:00.000Z,63.19
2026-06-09T21:15:00.000Z,54.84
2026-06-09T21:30:00.000Z,51.71
2026-06-09T21:45:00.000Z,48.07
2026-06-09T22:00:00.000Z,54.86
2026-06-09T22:15:00.000Z,53.16
2026-06-09T22:30:00.000Z,43.09
2026-06-09T22:45:00.000Z,41.46
2026-06-09T23:00:00.000Z,45.14
2026-06-09T23:15:00.000Z,44.17
2026-06-09T23:30:00.000Z,42.44
2026-06-09T23:45:00.000Z,42.03
2026-06-10T00:00:00.000Z,42.70
2026-06-10T00:15:00.000Z,42.15
2026-06-10T00:30:00.000Z,41.32
2026-06-10T00:45:00.000Z,40.66
2026-06-10T01:00:00.000Z,42.88
2026-06-10T01:15:00.000Z,40.79
2026-06-10T01:30:00.000Z,41.49
2026-06-10T01:45:00.000Z,37.42
2026-06-10T02:00:00.000Z,29.41
2026-06-10T02:15:00.000Z,32.86
2026-06-10T02:30:00.000Z,36.39
2026-06-10T02:45:00.000Z,40.99
2026-06-10T03:00:00.000Z,30.96
2026-06-10T03:15:00.000Z,34.80
2026-06-10T03:30:00.000Z,45.96
2026-06-10T03:45:00.000Z,57.68
2026-06-10T04:00:00.000Z,47.25
2026-06-10T04:15:00.000Z,58.39
2026-06-10T04:30:00.000Z,61.56
2026-06-10T04:45:00.000Z,64.69
2026-06-10T05:00:00.000Z,61.47
2026-06-10T05:15:00.000Z,63.08
2026-06-10T05:30:00.000Z,66.71
2026-06-10T05:45:00.000Z,65.83
2026-06-10T06:00:00.000Z,67.76
2026-06-10T06:15:00.000Z,65.43
2026-06-10T06:30:00.000Z,61.59
2026-06-10T06:45:00.000Z,55.43
2026-06-10T07:00:00.000Z,68.96
2026-06-10T07:15:00.000Z,62.57
2026-06-10T07:30:00.000Z,54.19
2026-06-10T07:45:00.000Z,48.44
2026-06-10T08:00:00.000Z,63.93
2026-06-10T08:15:00.000Z,57.09
2026-06-10T08:30:00.000Z,49.85
2026-06-10T08:45:00.000Z,41.72
2026-06-10T09:00:00.000Z,55.26
2026-06-10T09:15:00.000Z,49.14
2026-06-10T09:30:00.000Z,42.50
2026-06-10T09:45:00.000Z,37.51
2026-06-10T10:00:00.000Z,45.63
2026-06-10T10:15:00.000Z,39.95
2026-06-10T10:30:00.000Z,40.51
2026-06-10T10:45:00.000Z,40.63
2026-06-10T11:00:00.000Z,40.67
2026-06-10T11:15:00.000Z,40.87
2026-06-10T11:30:00.000Z,40.80
2026-06-10T11:45:00.000Z,39.31
2026-06-10T12:00:00.000Z,37.86
2026-06-10T12:15:00.000Z,38.94
2026-06-10T12:30:00.000Z,42.13
2026-06-10T12:45:00.000Z,44.84
2026-06-10T13:00:00.000Z,37.83
2026-06-10T13:15:00.000Z,43.08
2026-06-10T13:30:00.000Z,42.20
2026-06-10T13:45:00.000Z,45.60
2026-06-10T14:00:00.000Z,40.73
2026-06-10T14:15:00.000Z,43.90
2026-06-10T14:30:00.000Z,45.66
2026-06-10T14:45:00.000Z,46.45
2026-06-10T15:00:00.000Z,45.50
2026-06-10T15:15:00.000Z,47.10
2026-06-10T15:30:00.000Z,47.67
2026-06-10T15:45:00.000Z,50.28
2026-06-10T16:00:00.000Z,46.54
2026-06-10T16:15:00.000Z,47.86
2026-06-10T16:30:00.000Z,52.33
2026-06-10T16:45:00.000Z,58.75
2026-06-10T17:00:00.000Z,48.24
2026-06-10T17:15:00.000Z,53.09
2026-06-10T17:30:00.000Z,56.01
2026-06-10T17:45:00.000Z,61.02
2026-06-10T18:00:00.000Z,54.34
2026-06-10T18:15:00.000Z,55.28
2026-06-10T18:30:00.000Z,54.75
2026-06-10T18:45:00.000Z,54.03
2026-06-10T19:00:00.000Z,54.53
2026-06-10T19:15:00.000Z,54.92
2026-06-10T19:30:00.000Z,55.23
2026-06-10T19:45:00.000Z,54.36
2026-06-10T20:00:00.000Z,58.81
2026-06-10T20:15:00.000Z,55.37
2026-06-10T20:30:00.000Z,52.95
2026-06-10T20:45:00.000Z,50.24
2026-06-10T21:00:00.000Z,54.65
2026-06-10T21:15:00.000Z,50.85
2026-06-10T21:30:00.000Z,47.67
2026-06-10T21:45:00.000Z,47.19
2026-06-10T22:00:00.000Z,46.56
2026-06-10T22:15:00.000Z,46.53
2026-06-10T22:30:00.000Z,44.97
2026-06-10T22:45:00.000Z,44.43
2026-06-10T23:00:00.000Z,44.20
2026-06-10T23:15:00.000Z,44.02
2026-06-10T23:30:00.000Z,43.60
2026-06-10T23:45:00.000Z,43.14
2026-06-11T00:00:00.000Z,43.13
2026-06-11T00:15:00.000Z,43.08
2026-06-11T00:30:00.000Z,42.77
2026-06-11T00:45:00.000Z,42.54
2026-06-11T01:00:00.000Z,40.70
2026-06-11T01:15:00.000Z,41.92
2026-06-11T01:30:00.000Z,41.54
2026-06-11T01:45:00.000Z,42.17
2026-06-11T02:00:00.000Z,43.14
2026-06-11T02:15:00.000Z,43.58
2026-06-11T02:30:00.000Z,43.94
2026-06-11T02:45:00.000Z,45.01
2026-06-11T03:00:00.000Z,44.03
2026-06-11T03:15:00.000Z,46.66
2026-06-11T03:30:00.000Z,51.97
2026-06-11T03:45:00.000Z,61.56
2026-06-11T04:00:00.000Z,48.70
2026-06-11T04:15:00.000Z,53.86
2026-06-11T04:30:00.000Z,64.33
2026-06-11T04:45:00.000Z,64.93
2026-06-11T05:00:00.000Z,56.21
2026-06-11T05:15:00.000Z,60.50
2026-06-11T05:30:00.000Z,66.36
2026-06-11T05:45:00.000Z,70.30
2026-06-11T06:00:00.000Z,60.80
2026-06-11T06:15:00.000Z,62.46
2026-06-11T06:30:00.000Z,62.53
2026-06-11T06:45:00.000Z,63.30
2026-06-11T07:00:00.000Z,62.50
2026-06-11T07:15:00.000Z,64.97
2026-06-11T07:30:00.000Z,62.46
2026-06-11T07:45:00.000Z,64.97
2026-06-11T08:00:00.000Z,62.58
2026-06-11T08:15:00.000Z,66.40
2026-06-11T08:30:00.000Z,65.92
2026-06-11T08:45:00.000Z,64.47
2026-06-11T09:00:00.000Z,60.39
2026-06-11T09:15:00.000Z,62.08
2026-06-11T09:30:00.000Z,61.86
2026-06-11T09:45:00.000Z,61.03
2026-06-11T10:00:00.000Z,60.18
2026-06-11T10:15:00.000Z,57.11
2026-06-11T10:30:00.000Z,55.26
2026-06-11T10:45:00.000Z,53.64
2026-06-11T11:00:00.000Z,56.85
2026-06-11T11:15:00.000Z,52.19
2026-06-11T11:30:00.000Z,44.42
2026-06-11T11:45:00.000Z,36.28
2026-06-11T12:00:00.000Z,40.98
2026-06-11T12:15:00.000Z,39.98
2026-06-11T12:30:00.000Z,36.48
2026-06-11T12:45:00.000Z,40.63
2026-06-11T13:00:00.000Z,43.52
2026-06-11T13:15:00.000Z,49.34
2026-06-11T13:30:00.000Z,53.82
2026-06-11T13:45:00.000Z,65.12
2026-06-11T14:00:00.000Z,53.72
2026-06-11T14:15:00.000Z,66.53
2026-06-11T14:30:00.000Z,71.45
2026-06-11T14:45:00.000Z,79.19
2026-06-11T15:00:00.000Z,68.23
2026-06-11T15:15:00.000Z,76.25
2026-06-11T15:30:00.000Z,77.48
2026-06-11T15:45:00.000Z,76.30
2026-06-11T16:00:00.000Z,79.06
2026-06-11T16:15:00.000Z,80.38
2026-06-11T16:30:00.000Z,77.64
2026-06-11T16:45:00.000Z,76.77
2026-06-11T17:00:00.000Z,82.45
2026-06-11T17:15:00.000Z,78.10
2026-06-11T17:30:00.000Z,80.58
2026-06-11T17:45:00.000Z,79.36
2026-06-11T18:00:00.000Z,83.30
2026-06-11T18:15:00.000Z,82.95
2026-06-11T18:30:00.000Z,82.56
2026-06-11T18:45:00.000Z,76.77
2026-06-11T19:00:00.000Z,82.49
2026-06-11T19:15:00.000Z,79.29
2026-06-11T19:30:00.000Z,75.25
2026-06-11T19:45:00.000Z,75.00
2026-06-11T20:00:00.000Z,81.39
2026-06-11T20:15:00.000Z,78.25
2026-06-11T20:30:00.000Z,71.41
2026-06-11T20:45:00.000Z,65.78
2026-06-11T21:00:00.000Z,78.45
2026-06-11T21:15:00.000Z,67.36
2026-06-11T21:30:00.000Z,62.61
2026-06-11T21:45:00.000Z,60.57
2026-06-11T22:00:00.000Z,63.89
2026-06-11T22:15:00.000Z,57.75
2026-06-11T22:30:00.000Z,55.09
2026-06-11T22:45:00.000Z,49.42
2026-06-11T23:00:00.000Z,57.69
2026-06-11T23:15:00.000Z,51.40
2026-06-11T23:30:00.000Z,48.60
2026-06-11T23:45:00.000Z,47.15
2026-06-12T00:00:00.000Z,49.76
2026-06-12T00:15:00.000Z,50.63
2026-06-12T00:30:00.000Z,50.44
2026-06-12T00:45:00.000Z,47.08
2026-06-12T01:00:00.000Z,50.39
2026-06-12T01:15:00.000Z,50.05
2026-06-12T01:30:00.000Z,48.97
2026-06-12T01:45:00.000Z,47.30
2026-06-12T02:00:00.000Z,50.22
2026-06-12T02:15:00.000Z,50.38
2026-06-12T02:30:00.000Z,50.38
2026-06-12T02:45:00.000Z,50.38
2026-06-12T03:00:00.000Z,49.08
2026-06-12T03:15:00.000Z,51.56
2026-06-12T03:30:00.000Z,51.65
2026-06-12T03:45:00.000Z,52.64
2026-06-12T04:00:00.000Z,53.47
2026-06-12T04:15:00.000Z,53.04
2026-06-12T04:30:00.000Z,55.95
2026-06-12T04:45:00.000Z,58.51
2026-06-12T05:00:00.000Z,56.47
2026-06-12T05:15:00.000Z,58.52
2026-06-12T05:30:00.000Z,60.00
2026-06-12T05:45:00.000Z,61.94
2026-06-12T06:00:00.000Z,62.77
2026-06-12T06:15:00.000Z,62.71
2026-06-12T06:30:00.000Z,60.58
2026-06-12T06:45:00.000Z,59.95
2026-06-12T07:00:00.000Z,70.00
2026-06-12T07:15:00.000Z,63.97
2026-06-12T07:30:00.000Z,62.02
2026-06-12T07:45:00.000Z,61.56
2026-06-12T08:00:00.000Z,68.21
2026-06-12T08:15:00.000Z,63.10
2026-06-12T08:30:00.000Z,63.19
2026-06-12T08:45:00.000Z,59.51
2026-06-12T09:00:00.000Z,67.18
2026-06-12T09:15:00.000Z,61.28
2026-06-12T09:30:00.000Z,58.72
2026-06-12T09:45:00.000Z,54.80
2026-06-12T10:00:00.000Z,65.33
2026-06-12T10:15:00.000Z,59.24
2026-06-12T10:30:00.000Z,55.35
2026-06-12T10:45:00.000Z,52.44
2026-06-12T11:00:00.000Z,60.48
2026-06-12T11:15:00.000Z,55.17
2026-06-12T11:30:00.000Z,51.41
2026-06-12T11:45:00.000Z,47.37
2026-06-12T12:00:00.000Z,56.57
2026-06-12T12:15:00.000Z,50.40
2026-06-12T12:30:00.000Z,45.97
2026-06-12T12:45:00.000Z,42.52
2026-06-12T13:00:00.000Z,44.40
2026-06-12T13:15:00.000Z,39.65
2026-06-12T13:30:00.000Z,42.14
2026-06-12T13:45:00.000Z,44.17
2026-06-12T14:00:00.000Z,36.80
2026-06-12T14:15:00.000Z,40.65
2026-06-12T14:30:00.000Z,42.33
2026-06-12T14:45:00.000Z,42.98
2026-06-12T15:00:00.000Z,42.88
2026-06-12T15:15:00.000Z,50.48
2026-06-12T15:30:00.000Z,54.97
2026-06-12T15:45:00.000Z,56.05
2026-06-12T16:00:00.000Z,52.85
2026-06-12T16:15:00.000Z,52.60
2026-06-12T16:30:00.000Z,55.63
2026-06-12T16:45:00.000Z,60.34
2026-06-12T17:00:00.000Z,50.42
2026-06-12T17:15:00.000Z,57.02
2026-06-12T17:30:00.000Z,57.88
2026-06-12T17:45:00.000Z,59.12
2026-06-12T18:00:00.000Z,58.25
2026-06-12T18:15:00.000Z,58.71
2026-06-12T18:30:00.000Z,57.25
2026-06-12T18:45:00.000Z,56.12
2026-06-12T19:00:00.000Z,59.07
2026-06-12T19:15:00.000Z,57.15
2026-06-12T19:30:00.000Z,55.05
2026-06-12T19:45:00.000Z,52.95
2026-06-12T20:00:00.000Z,58.95
2026-06-12T20:15:00.000Z,55.11
2026-06-12T20:30:00.000Z,51.22
2026-06-12T20:45:00.000Z,47.59
2026-06-12T21:00:00.000Z,48.61
2026-06-12T21:15:00.000Z,46.80
2026-06-12T21:30:00.000Z,44.45
2026-06-12T21:45:00.000Z,43.40
2026-06-12T22:00:00.000Z,41.91
2026-06-12T22:15:00.000Z,42.10
2026-06-12T22:30:00.000Z,41.83
2026-06-12T22:45:00.000Z,41.01
2026-06-12T23:00:00.000Z,40.50
2026-06-12T23:15:00.000Z,40.50
2026-06-12T23:30:00.000Z,40.50
2026-06-12T23:45:00.000Z,33.95
2026-06-13T00:00:00.000Z,36.02
2026-06-13T00:15:00.000Z,34.66
2026-06-13T00:30:00.000Z,34.40
2026-06-13T00:45:00.000Z,33.89
2026-06-13T01:00:00.000Z,32.70
2026-06-13T01:15:00.000Z,33.38
2026-06-13T01:30:00.000Z,32.39
2026-06-13T01:45:00.000Z,32.95
2026-06-13T02:00:00.000Z,23.45
2026-06-13T02:15:00.000Z,24.64
2026-06-13T02:30:00.000Z,26.26
2026-06-13T02:45:00.000Z,28.52
2026-06-13T03:00:00.000Z,21.44
2026-06-13T03:15:00.000Z,23.55
2026-06-13T03:30:00.000Z,27.65
2026-06-13T03:45:00.000Z,31.55
2026-06-13T04:00:00.000Z,35.41
2026-06-13T04:15:00.000Z,32.99
2026-06-13T04:30:00.000Z,26.26
2026-06-13T04:45:00.000Z,15.36
2026-06-13T05:00:00.000Z,31.26
2026-06-13T05:15:00.000Z,15.12
2026-06-13T05:30:00.000Z,7.00
2026-06-13T05:45:00.000Z,2.38
2026-06-13T06:00:00.000Z,7.95
2026-06-13T06:15:00.000Z,11.49
2026-06-13T06:30:00.000Z,13.71
2026-06-13T06:45:00.000Z,14.13
2026-06-13T07:00:00.000Z,17.32
2026-06-13T07:15:00.000Z,18.04
2026-06-13T07:30:00.000Z,18.49
2026-06-13T07:45:00.000Z,18.62
2026-06-13T08:00:00.000Z,19.00
2026-06-13T08:15:00.000Z,19.16
2026-06-13T08:30:00.000Z,23.98
2026-06-13T08:45:00.000Z,24.84
2026-06-13T09:00:00.000Z,25.36
2026-06-13T09:15:00.000Z,27.13
2026-06-13T09:30:00.000Z,28.49
2026-06-13T09:45:00.000Z,30.22
2026-06-13T10:00:00.000Z,29.17
2026-06-13T10:15:00.000Z,32.38
2026-06-13T10:30:00.000Z,36.89
2026-06-13T10:45:00.000Z,40.82
2026-06-13T11:00:00.000Z,38.64
2026-06-13T11:15:00.000Z,36.74
2026-06-13T11:30:00.000Z,37.46
2026-06-13T11:45:00.000Z,44.83
2026-06-13T12:00:00.000Z,30.75
2026-06-13T12:15:00.000Z,36.62
2026-06-13T12:30:00.000Z,45.82
2026-06-13T12:45:00.000Z,45.15
2026-06-13T13:00:00.000Z,30.91
2026-06-13T13:15:00.000Z,35.11
2026-06-13T13:30:00.000Z,47.67
2026-06-13T13:45:00.000Z,53.89
2026-06-13T14:00:00.000Z,33.44
2026-06-13T14:15:00.000Z,32.76
2026-06-13T14:30:00.000Z,43.24
2026-06-13T14:45:00.000Z,45.18
2026-06-13T15:00:00.000Z,31.16
2026-06-13T15:15:00.000Z,34.07
2026-06-13T15:30:00.000Z,44.95
2026-06-13T15:45:00.000Z,45.60
2026-06-13T16:00:00.000Z,24.48
2026-06-13T16:15:00.000Z,26.57
2026-06-13T16:30:00.000Z,30.45
2026-06-13T16:45:00.000Z,36.53
2026-06-13T17:00:00.000Z,20.83
2026-06-13T17:15:00.000Z,27.33
2026-06-13T17:30:00.000Z,36.44
2026-06-13T17:45:00.000Z,48.87
2026-06-13T18:00:00.000Z,38.66
2026-06-13T18:15:00.000Z,59.53
2026-06-13T18:30:00.000Z,62.51
2026-06-13T18:45:00.000Z,60.31
2026-06-13T19:00:00.000Z,64.22
2026-06-13T19:15:00.000Z,61.79
2026-06-13T19:30:00.000Z,57.76
2026-06-13T19:45:00.000Z,53.21
2026-06-13T20:00:00.000Z,60.98
2026-06-13T20:15:00.000Z,56.46
2026-06-13T20:30:00.000Z,51.93
2026-06-13T20:45:00.000Z,45.53
2026-06-13T21:00:00.000Z,52.37
2026-06-13T21:15:00.000Z,47.77
2026-06-13T21:30:00.000Z,43.69
2026-06-13T21:45:00.000Z,39.75
2026-06-13T22:00:00.000Z,48.83
2026-06-13T22:15:00.000Z,39.82
2026-06-13T22:30:00.000Z,38.91
2026-06-13T22:45:00.000Z,36.36
2026-06-13T23:00:00.000Z,37.97
2026-06-13T23:15:00.000Z,43.71
2026-06-13T23:30:00.000Z,42.75
2026-06-13T23:45:00.000Z,34.54
2026-06-14T00:00:00.000Z,32.32
2026-06-14T00:15:00.000Z,30.48
2026-06-14T00:30:00.000Z,29.16
2026-06-14T00:45:00.000Z,30.05
2026-06-14T01:00:00.000Z,39.21
2026-06-14T01:15:00.000Z,38.55
2026-06-14T01:30:00.000Z,38.26
2026-06-14T01:45:00.000Z,36.84
2026-06-14T02:00:00.000Z,38.25
2026-06-14T02:15:00.000Z,37.48
2026-06-14T02:30:00.000Z,36.34
2026-06-14T02:45:00.000Z,31.18
2026-06-14T03:00:00.000Z,36.65
2026-06-14T03:15:00.000Z,34.87
2026-06-14T03:30:00.000Z,34.70
2026-06-14T03:45:00.000Z,32.92
2026-06-14T04:00:00.000Z,31.81
2026-06-14T04:15:00.000Z,20.46
2026-06-14T04:30:00.000Z,11.86
2026-06-14T04:45:00.000Z,10.88
2026-06-14T05:00:00.000Z,19.02
2026-06-14T05:15:00.000Z,20.46
2026-06-14T05:30:00.000Z,20.88
2026-06-14T05:45:00.000Z,21.23
2026-06-14T06:00:00.000Z,21.64
2026-06-14T06:15:00.000Z,26.49
2026-06-14T06:30:00.000Z,32.51
2026-06-14T06:45:00.000Z,32.96
2026-06-14T07:00:00.000Z,26.79
2026-06-14T07:15:00.000Z,32.34
2026-06-14T07:30:00.000Z,32.50
2026-06-14T07:45:00.000Z,32.81
2026-06-14T08:00:00.000Z,32.62
2026-06-14T08:15:00.000Z,35.16
2026-06-14T08:30:00.000Z,33.50
2026-06-14T08:45:00.000Z,40.18
2026-06-14T09:00:00.000Z,34.94
2026-06-14T09:15:00.000Z,40.33
2026-06-14T09:30:00.000Z,33.44
2026-06-14T09:45:00.000Z,31.13
2026-06-14T10:00:00.000Z,31.28
2026-06-14T10:15:00.000Z,30.37
2026-06-14T10:30:00.000Z,25.23
2026-06-14T10:45:00.000Z,21.95
2026-06-14T11:00:00.000Z,26.50
2026-06-14T11:15:00.000Z,22.57
2026-06-14T11:30:00.000Z,21.59
2026-06-14T11:45:00.000Z,21.45
2026-06-14T12:00:00.000Z,26.37
2026-06-14T12:15:00.000Z,30.84
2026-06-14T12:30:00.000Z,30.83
2026-06-14T12:45:00.000Z,34.23
2026-06-14T13:00:00.000Z,24.76
2026-06-14T13:15:00.000Z,25.49
2026-06-14T13:30:00.000Z,25.43
2026-06-14T13:45:00.000Z,27.45
2026-06-14T14:00:00.000Z,33.58
2026-06-14T14:15:00.000Z,33.64
2026-06-14T14:30:00.000Z,33.48
2026-06-14T14:45:00.000Z,34.57
2026-06-14T15:00:00.000Z,36.33
2026-06-14T15:15:00.000Z,36.44
2026-06-14T15:30:00.000Z,36.54
2026-06-14T15:45:00.000Z,38.29
2026-06-14T16:00:00.000Z,35.36
2026-06-14T16:15:00.000Z,34.45
2026-06-14T16:30:00.000Z,35.17
2026-06-14T16:45:00.000Z,52.30
2026-06-14T17:00:00.000Z,40.14
2026-06-14T17:15:00.000Z,55.22
2026-06-14T17:30:00.000Z,47.36
2026-06-14T17:45:00.000Z,45.79
2026-06-14T18:00:00.000Z,45.09
2026-06-14T18:15:00.000Z,47.05
2026-06-14T18:30:00.000Z,46.90
2026-06-14T18:45:00.000Z,47.85
2026-06-14T19:00:00.000Z,47.59
2026-06-14T19:15:00.000Z,48.43
2026-06-14T19:30:00.000Z,48.53
2026-06-14T19:45:00.000Z,48.70
2026-06-14T20:00:00.000Z,47.94
2026-06-14T20:15:00.000Z,48.53
2026-06-14T20:30:00.000Z,48.22
2026-06-14T20:45:00.000Z,51.18
2026-06-14T21:00:00.000Z,49.54
2026-06-14T21:15:00.000Z,50.25
2026-06-14T21:30:00.000Z,50.34
2026-06-14T21:45:00.000Z,49.56
2026-06-14T22:00:00.000Z,60.03
2026-06-14T22:15:00.000Z,56.93
2026-06-14T22:30:00.000Z,55.34
2026-06-14T22:45:00.000Z,54.58
2026-06-14T23:00:00.000Z,57.98
2026-06-14T23:15:00.000Z,54.30
2026-06-14T23:30:00.000Z,52.87
2026-06-14T23:45:00.000Z,52.95
2026-06-15T00:00:00.000Z,53.43
2026-06-15T00:15:00.000Z,52.38
2026-06-15T00:30:00.000Z,52.29
2026-06-15T00:45:00.000Z,51.52
2026-06-15T01:00:00.000Z,52.31
2026-06-15T01:15:00.000Z,51.36
2026-06-15T01:30:00.000Z,51.19
2026-06-15T01:45:00.000Z,51.71
2026-06-15T02:00:00.000Z,50.76
2026-06-15T02:15:00.000Z,50.83
2026-06-15T02:30:00.000Z,53.45
2026-06-15T02:45:00.000Z,55.22
2026-06-15T03:00:00.000Z,51.25
2026-06-15T03:15:00.000Z,53.04
2026-06-15T03:30:00.000Z,58.82
2026-06-15T03:45:00.000Z,64.81
2026-06-15T04:00:00.000Z,59.26
2026-06-15T04:15:00.000Z,64.56
2026-06-15T04:30:00.000Z,68.91
2026-06-15T04:45:00.000Z,74.63
2026-06-15T05:00:00.000Z,68.05
2026-06-15T05:15:00.000Z,73.76
2026-06-15T05:30:00.000Z,79.90
2026-06-15T05:45:00.000Z,79.16
2026-06-15T06:00:00.000Z,83.01
2026-06-15T06:15:00.000Z,84.34
2026-06-15T06:30:00.000Z,71.63
2026-06-15T06:45:00.000Z,66.01
2026-06-15T07:00:00.000Z,73.53
2026-06-15T07:15:00.000Z,67.96
2026-06-15T07:30:00.000Z,65.51
2026-06-15T07:45:00.000Z,65.15
2026-06-15T08:00:00.000Z,73.32
2026-06-15T08:15:00.000Z,70.92
2026-06-15T08:30:00.000Z,70.67
2026-06-15T08:45:00.000Z,70.95
2026-06-15T09:00:00.000Z,71.24
2026-06-15T09:15:00.000Z,72.04
2026-06-15T09:30:00.000Z,75.35
2026-06-15T09:45:00.000Z,77.47
2026-06-15T10:00:00.000Z,70.76
2026-06-15T10:15:00.000Z,70.70
2026-06-15T10:30:00.000Z,70.72
2026-06-15T10:45:00.000Z,70.62
2026-06-15T11:00:00.000Z,70.55
2026-06-15T11:15:00.000Z,72.95
2026-06-15T11:30:00.000Z,72.91
2026-06-15T11:45:00.000Z,71.76
2026-06-15T12:00:00.000Z,74.39
2026-06-15T12:15:00.000Z,72.92
2026-06-15T12:30:00.000Z,72.52
2026-06-15T12:45:00.000Z,72.19
2026-06-15T13:00:00.000Z,70.58
2026-06-15T13:15:00.000Z,70.27
2026-06-15T13:30:00.000Z,71.40
2026-06-15T13:45:00.000Z,75.92
2026-06-15T14:00:00.000Z,70.85
2026-06-15T14:15:00.000Z,71.65
2026-06-15T14:30:00.000Z,83.48
2026-06-15T14:45:00.000Z,73.39
2026-06-15T15:00:00.000Z,74.18
2026-06-15T15:15:00.000Z,83.71
2026-06-15T15:30:00.000Z,70.33
2026-06-15T15:45:00.000Z,69.92
2026-06-15T16:00:00.000Z,59.84
2026-06-15T16:15:00.000Z,69.64
2026-06-15T16:30:00.000Z,70.41
2026-06-15T16:45:00.000Z,63.81
2026-06-15T17:00:00.000Z,70.40
2026-06-15T17:15:00.000Z,69.05
2026-06-15T17:30:00.000Z,62.49
2026-06-15T17:45:00.000Z,59.83
2026-06-15T18:00:00.000Z,69.91
2026-06-15T18:15:00.000Z,66.57
2026-06-15T18:30:00.000Z,63.47
2026-06-15T18:45:00.000Z,61.96
2026-06-15T19:00:00.000Z,69.57
2026-06-15T19:15:00.000Z,68.10
2026-06-15T19:30:00.000Z,65.23
2026-06-15T19:45:00.000Z,63.08
2026-06-15T20:00:00.000Z,69.19
2026-06-15T20:15:00.000Z,61.18
2026-06-15T20:30:00.000Z,57.63
2026-06-15T20:45:00.000Z,51.76
2026-06-15T21:00:00.000Z,58.93
2026-06-15T21:15:00.000Z,55.36
2026-06-15T21:30:00.000Z,52.20
2026-06-15T21:45:00.000Z,47.50
2026-06-15T22:00:00.000Z,54.96
2026-06-15T22:15:00.000Z,52.70
2026-06-15T22:30:00.000Z,51.47
2026-06-15T22:45:00.000Z,50.21
2026-06-15T23:00:00.000Z,51.92
2026-06-15T23:15:00.000Z,51.27
2026-06-15T23:30:00.000Z,51.12
2026-06-15T23:45:00.000Z,50.26
2026-06-16T00:00:00.000Z,54.68
2026-06-16T00:15:00.000Z,50.67
2026-06-16T00:30:00.000Z,50.73
2026-06-16T00:45:00.000Z,49.05
2026-06-16T01:00:00.000Z,50.84
2026-06-16T01:15:00.000Z,50.50
2026-06-16T01:30:00.000Z,49.70
2026-06-16T01:45:00.000Z,50.22
2026-06-16T02:00:00.000Z,48.49
2026-06-16T02:15:00.000Z,49.75
2026-06-16T02:30:00.000Z,51.42
2026-06-16T02:45:00.000Z,52.92
2026-06-16T03:00:00.000Z,54.90
2026-06-16T03:15:00.000Z,50.05
2026-06-16T03:30:00.000Z,54.99
2026-06-16T03:45:00.000Z,62.42
2026-06-16T04:00:00.000Z,48.24
2026-06-16T04:15:00.000Z,59.64
2026-06-16T04:30:00.000Z,65.73
2026-06-16T04:45:00.000Z,70.17
2026-06-16T05:00:00.000Z,56.77
2026-06-16T05:15:00.000Z,61.32
2026-06-16T05:30:00.000Z,65.55
2026-06-16T05:45:00.000Z,67.91
2026-06-16T06:00:00.000Z,66.67
2026-06-16T06:15:00.000Z,69.62
2026-06-16T06:30:00.000Z,69.50
2026-06-16T06:45:00.000Z,69.16
2026-06-16T07:00:00.000Z,71.63
2026-06-16T07:15:00.000Z,70.67
2026-06-16T07:30:00.000Z,71.49
2026-06-16T07:45:00.000Z,70.40
2026-06-16T08:00:00.000Z,75.26
2026-06-16T08:15:00.000Z,75.94
2026-06-16T08:30:00.000Z,76.36
2026-06-16T08:45:00.000Z,74.96
2026-06-16T09:00:00.000Z,68.09
2026-06-16T09:15:00.000Z,68.25
2026-06-16T09:30:00.000Z,80.76
2026-06-16T09:45:00.000Z,86.71
2026-06-16T10:00:00.000Z,71.68
2026-06-16T10:15:00.000Z,80.06
2026-06-16T10:30:00.000Z,85.28
2026-06-16T10:45:00.000Z,91.43
2026-06-16T11:00:00.000Z,75.31
2026-06-16T11:15:00.000Z,85.96
2026-06-16T11:30:00.000Z,91.16
2026-06-16T11:45:00.000Z,92.45
2026-06-16T12:00:00.000Z,86.99
2026-06-16T12:15:00.000Z,80.06
2026-06-16T12:30:00.000Z,85.94
2026-06-16T12:45:00.000Z,88.99
2026-06-16T13:00:00.000Z,81.11
2026-06-16T13:15:00.000Z,84.17
2026-06-16T13:30:00.000Z,82.41
2026-06-16T13:45:00.000Z,65.55
2026-06-16T14:00:00.000Z,87.16
2026-06-16T14:15:00.000Z,70.50
2026-06-16T14:30:00.000Z,58.42
2026-06-16T14:45:00.000Z,60.87
2026-06-16T15:00:00.000Z,58.10
2026-06-16T15:15:00.000Z,60.45
2026-06-16T15:30:00.000Z,60.49
2026-06-16T15:45:00.000Z,60.97
2026-06-16T16:00:00.000Z,65.27
2026-06-16T16:15:00.000Z,63.42
2026-06-16T16:30:00.000Z,60.58
2026-06-16T16:45:00.000Z,61.57
2026-06-16T17:00:00.000Z,71.50
2026-06-16T17:15:00.000Z,71.17
2026-06-16T17:30:00.000Z,59.36
2026-06-16T17:45:00.000Z,48.32
2026-06-16T18:00:00.000Z,60.42
2026-06-16T18:15:00.000Z,62.50
2026-06-16T18:30:00.000Z,59.83
2026-06-16T18:45:00.000Z,56.51
2026-06-16T19:00:00.000Z,58.18
2026-06-16T19:15:00.000Z,53.21
2026-06-16T19:30:00.000Z,54.81
2026-06-16T19:45:00.000Z,63.13
2026-06-16T20:00:00.000Z,60.00
2026-06-16T20:15:00.000Z,61.67
2026-06-16T20:30:00.000Z,61.03
2026-06-16T20:45:00.000Z,58.15
2026-06-16T21:00:00.000Z,68.83
2026-06-16T21:15:00.000Z,64.85
2026-06-16T21:30:00.000Z,60.00
2026-06-16T21:45:00.000Z,56.63
2026-06-16T22:00:00.000Z,68.14
2026-06-16T22:15:00.000Z,67.34
2026-06-16T22:30:00.000Z,65.63
2026-06-16T22:45:00.000Z,60.08
2026-06-16T23:00:00.000Z,64.84
2026-06-16T23:15:00.000Z,64.19
2026-06-16T23:30:00.000Z,62.76
2026-06-16T23:45:00.000Z,60.33
2026-06-17T00:00:00.000Z,58.75
2026-06-17T00:15:00.000Z,59.59
2026-06-17T00:30:00.000Z,59.28
2026-06-17T00:45:00.000Z,59.26
2026-06-17T01:00:00.000Z,59.37
2026-06-17T01:15:00.000Z,59.32
2026-06-17T01:30:00.000Z,57.01
2026-06-17T01:45:00.000Z,55.96
2026-06-17T02:00:00.000Z,58.77
2026-06-17T02:15:00.000Z,58.98
2026-06-17T02:30:00.000Z,57.86
2026-06-17T02:45:00.000Z,56.36
2026-06-17T03:00:00.000Z,58.57
2026-06-17T03:15:00.000Z,60.92
2026-06-17T03:30:00.000Z,61.95
2026-06-17T03:45:00.000Z,61.82
2026-06-17T04:00:00.000Z,65.00
2026-06-17T04:15:00.000Z,64.50
2026-06-17T04:30:00.000Z,63.32
2026-06-17T04:45:00.000Z,65.81
2026-06-17T05:00:00.000Z,67.08
2026-06-17T05:15:00.000Z,76.59
2026-06-17T05:30:00.000Z,77.54
2026-06-17T05:45:00.000Z,78.90
2026-06-17T06:00:00.000Z,70.21
2026-06-17T06:15:00.000Z,71.14
2026-06-17T06:30:00.000Z,75.87
2026-06-17T06:45:00.000Z,84.93
2026-06-17T07:00:00.000Z,77.19
2026-06-17T07:15:00.000Z,67.57
2026-06-17T07:30:00.000Z,71.38
2026-06-17T07:45:00.000Z,84.98
2026-06-17T08:00:00.000Z,70.83
2026-06-17T08:15:00.000Z,71.85
2026-06-17T08:30:00.000Z,74.67
2026-06-17T08:45:00.000Z,81.79
2026-06-17T09:00:00.000Z,70.32
2026-06-17T09:15:00.000Z,70.57
2026-06-17T09:30:00.000Z,70.59
2026-06-17T09:45:00.000Z,70.58
2026-06-17T10:00:00.000Z,67.93
2026-06-17T10:15:00.000Z,67.88
2026-06-17T10:30:00.000Z,67.53
2026-06-17T10:45:00.000Z,67.31
2026-06-17T11:00:00.000Z,65.00
2026-06-17T11:15:00.000Z,64.82
2026-06-17T11:30:00.000Z,67.47
2026-06-17T11:45:00.000Z,72.43
2026-06-17T12:00:00.000Z,70.38
2026-06-17T12:15:00.000Z,66.53
2026-06-17T12:30:00.000Z,67.11
2026-06-17T12:45:00.000Z,61.06
2026-06-17T13:00:00.000Z,67.51
2026-06-17T13:15:00.000Z,67.09
2026-06-17T13:30:00.000Z,66.56
2026-06-17T13:45:00.000Z,67.29
2026-06-17T14:00:00.000Z,69.36
2026-06-17T14:15:00.000Z,68.33
2026-06-17T14:30:00.000Z,67.42
2026-06-17T14:45:00.000Z,65.01
2026-06-17T15:00:00.000Z,63.07
2026-06-17T15:15:00.000Z,61.65
2026-06-17T15:30:00.000Z,67.35
2026-06-17T15:45:00.000Z,67.78
2026-06-17T16:00:00.000Z,63.25
2026-06-17T16:15:00.000Z,60.70
2026-06-17T16:30:00.000Z,63.30
2026-06-17T16:45:00.000Z,66.13
2026-06-17T17:00:00.000Z,66.22
2026-06-17T17:15:00.000Z,64.83
2026-06-17T17:30:00.000Z,58.63
2026-06-17T17:45:00.000Z,58.72
2026-06-17T18:00:00.000Z,58.71
2026-06-17T18:15:00.000Z,59.70
2026-06-17T18:30:00.000Z,60.40
2026-06-17T18:45:00.000Z,59.62
2026-06-17T19:00:00.000Z,56.61
2026-06-17T19:15:00.000Z,57.00
2026-06-17T19:30:00.000Z,55.78
2026-06-17T19:45:00.000Z,57.50
2026-06-17T20:00:00.000Z,64.75
2026-06-17T20:15:00.000Z,64.46
2026-06-17T20:30:00.000Z,63.50
2026-06-17T20:45:00.000Z,63.41
2026-06-17T21:00:00.000Z,62.59
2026-06-17T21:15:00.000Z,55.84
2026-06-17T21:30:00.000Z,57.71
2026-06-17T21:45:00.000Z,55.87
2026-06-17T22:00:00.000Z,63.00
2026-06-17T22:15:00.000Z,61.11
2026-06-17T22:30:00.000Z,58.55
2026-06-17T22:45:00.000Z,56.27
2026-06-17T23:00:00.000Z,64.58
2026-06-17T23:15:00.000Z,62.21
2026-06-17T23:30:00.000Z,61.01
2026-06-17T23:45:00.000Z,57.92
2026-06-18T00:00:00.000Z,60.24
2026-06-18T00:15:00.000Z,60.52
2026-06-18T00:30:00.000Z,59.95
2026-06-18T00:45:00.000Z,57.63
2026-06-18T01:00:00.000Z,59.20
2026-06-18T01:15:00.000Z,58.44
2026-06-18T01:30:00.000Z,58.25
2026-06-18T01:45:00.000Z,55.74
2026-06-18T02:00:00.000Z,48.64
2026-06-18T02:15:00.000Z,55.34
2026-06-18T02:30:00.000Z,61.35
2026-06-18T02:45:00.000Z,69.32
2026-06-18T03:00:00.000Z,54.34
2026-06-18T03:15:00.000Z,54.92
2026-06-18T03:30:00.000Z,57.24
2026-06-18T03:45:00.000Z,57.68
2026-06-18T04:00:00.000Z,53.15
2026-06-18T04:15:00.000Z,53.30
2026-06-18T04:30:00.000Z,59.38
2026-06-18T04:45:00.000Z,64.04
2026-06-18T05:00:00.000Z,64.39
2026-06-18T05:15:00.000Z,65.84
2026-06-18T05:30:00.000Z,63.40
2026-06-18T05:45:00.000Z,72.03
2026-06-18T06:00:00.000Z,66.31
2026-06-18T06:15:00.000Z,69.79
2026-06-18T06:30:00.000Z,68.89
2026-06-18T06:45:00.000Z,76.22
2026-06-18T07:00:00.000Z,74.63
2026-06-18T07:15:00.000Z,77.81
2026-06-18T07:30:00.000Z,76.32
2026-06-18T07:45:00.000Z,71.08
2026-06-18T08:00:00.000Z,76.48
2026-06-18T08:15:00.000Z,74.98
2026-06-18T08:30:00.000Z,74.99
2026-06-18T08:45:00.000Z,66.89
2026-06-18T09:00:00.000Z,68.00
2026-06-18T09:15:00.000Z,64.14
2026-06-18T09:30:00.000Z,53.85
2026-06-18T09:45:00.000Z,51.80
2026-06-18T10:00:00.000Z,55.31
2026-06-18T10:15:00.000Z,50.63
2026-06-18T10:30:00.000Z,49.14
2026-06-18T10:45:00.000Z,47.67
2026-06-18T11:00:00.000Z,49.03
2026-06-18T11:15:00.000Z,47.02
2026-06-18T11:30:00.000Z,47.94
2026-06-18T11:45:00.000Z,46.21
2026-06-18T12:00:00.000Z,45.52
2026-06-18T12:15:00.000Z,46.06
2026-06-18T12:30:00.000Z,46.98
2026-06-18T12:45:00.000Z,49.78
2026-06-18T13:00:00.000Z,41.97
2026-06-18T13:15:00.000Z,49.24
2026-06-18T13:30:00.000Z,52.33
2026-06-18T13:45:00.000Z,63.17
2026-06-18T14:00:00.000Z,48.54
2026-06-18T14:15:00.000Z,55.35
2026-06-18T14:30:00.000Z,55.78
2026-06-18T14:45:00.000Z,61.97
2026-06-18T15:00:00.000Z,55.36
2026-06-18T15:15:00.000Z,60.20
2026-06-18T15:30:00.000Z,60.10
2026-06-18T15:45:00.000Z,62.80
2026-06-18T16:00:00.000Z,58.50
2026-06-18T16:15:00.000Z,59.83
2026-06-18T16:30:00.000Z,58.90
2026-06-18T16:45:00.000Z,60.02
2026-06-18T17:00:00.000Z,65.44
2026-06-18T17:15:00.000Z,64.25
2026-06-18T17:30:00.000Z,60.69
2026-06-18T17:45:00.000Z,60.13
2026-06-18T18:00:00.000Z,55.01
2026-06-18T18:15:00.000Z,53.48
2026-06-18T18:30:00.000Z,52.29
2026-06-18T18:45:00.000Z,49.15
2026-06-18T19:00:00.000Z,63.94
2026-06-18T19:15:00.000Z,65.15
2026-06-18T19:30:00.000Z,60.46
2026-06-18T19:45:00.000Z,57.12
2026-06-18T20:00:00.000Z,53.50
2026-06-18T20:15:00.000Z,52.10
2026-06-18T20:30:00.000Z,50.07
2026-06-18T20:45:00.000Z,48.29
2026-06-18T21:00:00.000Z,50.44
2026-06-18T21:15:00.000Z,47.61
2026-06-18T21:30:00.000Z,44.92
2026-06-18T21:45:00.000Z,41.96
2026-06-18T22:00:00.000Z,45.39
2026-06-18T22:15:00.000Z,41.22
2026-06-18T22:30:00.000Z,38.19
2026-06-18T22:45:00.000Z,34.35
2026-06-18T23:00:00.000Z,36.44
2026-06-18T23:15:00.000Z,35.58
2026-06-18T23:30:00.000Z,34.77
2026-06-18T23:45:00.000Z,30.42
2026-06-19T00:00:00.000Z,33.18
2026-06-19T00:15:00.000Z,31.48
2026-06-19T00:30:00.000Z,29.99
2026-06-19T00:45:00.000Z,32.01
2026-06-19T01:00:00.000Z,28.65
2026-06-19T01:15:00.000Z,29.29
2026-06-19T01:30:00.000Z,32.71
2026-06-19T01:45:00.000Z,33.38
2026-06-19T02:00:00.000Z,28.35
2026-06-19T02:15:00.000Z,29.14
2026-06-19T02:30:00.000Z,32.82
2026-06-19T02:45:00.000Z,34.88
2026-06-19T03:00:00.000Z,29.41
2026-06-19T03:15:00.000Z,33.19
2026-06-19T03:30:00.000Z,37.36
2026-06-19T03:45:00.000Z,41.52
2026-06-19T04:00:00.000Z,33.37
2026-06-19T04:15:00.000Z,40.36
2026-06-19T04:30:00.000Z,45.92
2026-06-19T04:45:00.000Z,51.51
2026-06-19T05:00:00.000Z,42.18
2026-06-19T05:15:00.000Z,48.28
2026-06-19T05:30:00.000Z,47.26
2026-06-19T05:45:00.000Z,47.58
2026-06-19T06:00:00.000Z,52.03
2026-06-19T06:15:00.000Z,47.12
2026-06-19T06:30:00.000Z,47.27
2026-06-19T06:45:00.000Z,41.91
2026-06-19T07:00:00.000Z,51.44
2026-06-19T07:15:00.000Z,46.64
2026-06-19T07:30:00.000Z,43.22
2026-06-19T07:45:00.000Z,42.57
2026-06-19T08:00:00.000Z,51.52
2026-06-19T08:15:00.000Z,46.85
2026-06-19T08:30:00.000Z,43.66
2026-06-19T08:45:00.000Z,59.49
2026-06-19T09:00:00.000Z,52.91
2026-06-19T09:15:00.000Z,62.65
2026-06-19T09:30:00.000Z,47.42
2026-06-19T09:45:00.000Z,59.96
2026-06-19T10:00:00.000Z,51.07
2026-06-19T10:15:00.000Z,49.99
2026-06-19T10:30:00.000Z,44.72
2026-06-19T10:45:00.000Z,48.20
2026-06-19T11:00:00.000Z,40.42
2026-06-19T11:15:00.000Z,44.49
2026-06-19T11:30:00.000Z,46.58
2026-06-19T11:45:00.000Z,44.39
2026-06-19T12:00:00.000Z,45.14
2026-06-19T12:15:00.000Z,42.60
2026-06-19T12:30:00.000Z,39.11
2026-06-19T12:45:00.000Z,48.50
2026-06-19T13:00:00.000Z,52.05
2026-06-19T13:15:00.000Z,48.21
2026-06-19T13:30:00.000Z,47.51
2026-06-19T13:45:00.000Z,43.37
2026-06-19T14:00:00.000Z,48.29
2026-06-19T14:15:00.000Z,45.31
2026-06-19T14:30:00.000Z,41.07
2026-06-19T14:45:00.000Z,43.87
2026-06-19T15:00:00.000Z,40.77
2026-06-19T15:15:00.000Z,37.22
2026-06-19T15:30:00.000Z,42.11
2026-06-19T15:45:00.000Z,45.38
2026-06-19T16:00:00.000Z,41.14
2026-06-19T16:15:00.000Z,45.06
2026-06-19T16:30:00.000Z,39.04
2026-06-19T16:45:00.000Z,42.00
2026-06-19T17:00:00.000Z,39.09
2026-06-19T17:15:00.000Z,37.60
2026-06-19T17:30:00.000Z,34.89
2026-06-19T17:45:00.000Z,35.85
2026-06-19T18:00:00.000Z,42.82
2026-06-19T18:15:00.000Z,34.82
2026-06-19T18:30:00.000Z,33.41
2026-06-19T18:45:00.000Z,32.58
2026-06-19T19:00:00.000Z,34.96
2026-06-19T19:15:00.000Z,34.30
2026-06-19T19:30:00.000Z,30.34
2026-06-19T19:45:00.000Z,29.86
2026-06-19T20:00:00.000Z,28.67
2026-06-19T20:15:00.000Z,27.69
2026-06-19T20:30:00.000Z,26.73
2026-06-19T20:45:00.000Z,26.30
2026-06-19T21:00:00.000Z,27.40
2026-06-19T21:15:00.000Z,25.18
2026-06-19T21:30:00.000Z,25.11
2026-06-19T21:45:00.000Z,24.70
2026-06-19T22:00:00.000Z,26.84
2026-06-19T22:15:00.000Z,25.72
2026-06-19T22:30:00.000Z,36.07
2026-06-19T22:45:00.000Z,37.93
2026-06-19T23:00:00.000Z,30.88
2026-06-19T23:15:00.000Z,34.63
2026-06-19T23:30:00.000Z,33.79
2026-06-19T23:45:00.000Z,32.13
2026-06-20T00:00:00.000Z,21.01
2026-06-20T00:15:00.000Z,20.51
2026-06-20T00:30:00.000Z,20.28
2026-06-20T00:45:00.000Z,20.37
2026-06-20T01:00:00.000Z,16.46
2026-06-20T01:15:00.000Z,16.38
2026-06-20T01:30:00.000Z,16.27
2026-06-20T01:45:00.000Z,16.22
2026-06-20T02:00:00.000Z,12.84
2026-06-20T02:15:00.000Z,12.84
2026-06-20T02:30:00.000Z,12.84
2026-06-20T02:45:00.000Z,12.72
2026-06-20T03:00:00.000Z,13.35
2026-06-20T03:15:00.000Z,13.41
2026-06-20T03:30:00.000Z,13.61
2026-06-20T03:45:00.000Z,14.32
2026-06-20T04:00:00.000Z,20.00
2026-06-20T04:15:00.000Z,20.66
2026-06-20T04:30:00.000Z,21.01
2026-06-20T04:45:00.000Z,21.50
2026-06-20T05:00:00.000Z,21.99
2026-06-20T05:15:00.000Z,22.46
2026-06-20T05:30:00.000Z,22.85
2026-06-20T05:45:00.000Z,23.46
2026-06-20T06:00:00.000Z,23.11
2026-06-20T06:15:00.000Z,23.57
2026-06-20T06:30:00.000Z,25.98
2026-06-20T06:45:00.000Z,27.43
2026-06-20T07:00:00.000Z,29.52
2026-06-20T07:15:00.000Z,28.22
2026-06-20T07:30:00.000Z,38.97
2026-06-20T07:45:00.000Z,23.14
2026-06-20T08:00:00.000Z,39.68
2026-06-20T08:15:00.000Z,22.01
2026-06-20T08:30:00.000Z,32.45
2026-06-20T08:45:00.000Z,33.66
2026-06-20T09:00:00.000Z,33.44
2026-06-20T09:15:00.000Z,34.26
2026-06-20T09:30:00.000Z,34.52
2026-06-20T09:45:00.000Z,35.47
2026-06-20T10:00:00.000Z,35.70
2026-06-20T10:15:00.000Z,35.37
2026-06-20T10:30:00.000Z,33.74
2026-06-20T10:45:00.000Z,33.42
2026-06-20T11:00:00.000Z,34.27
2026-06-20T11:15:00.000Z,34.72
2026-06-20T11:30:00.000Z,33.89
2026-06-20T11:45:00.000Z,34.27
2026-06-20T12:00:00.000Z,36.36
2026-06-20T12:15:00.000Z,36.01
2026-06-20T12:30:00.000Z,35.83
2026-06-20T12:45:00.000Z,36.68
2026-06-20T13:00:00.000Z,38.54
2026-06-20T13:15:00.000Z,38.47
2026-06-20T13:30:00.000Z,38.74
2026-06-20T13:45:00.000Z,37.30
2026-06-20T14:00:00.000Z,31.53
2026-06-20T14:15:00.000Z,39.37
2026-06-20T14:30:00.000Z,44.88
2026-06-20T14:45:00.000Z,43.30
2026-06-20T15:00:00.000Z,40.17
2026-06-20T15:15:00.000Z,33.67
2026-06-20T15:30:00.000Z,34.00
2026-06-20T15:45:00.000Z,32.02
2026-06-20T16:00:00.000Z,23.33
2026-06-20T16:15:00.000Z,23.06
2026-06-20T16:30:00.000Z,22.84
2026-06-20T16:45:00.000Z,23.20
2026-06-20T17:00:00.000Z,21.84
2026-06-20T17:15:00.000Z,22.19
2026-06-20T17:30:00.000Z,21.86
2026-06-20T17:45:00.000Z,21.93
2026-06-20T18:00:00.000Z,22.17
2026-06-20T18:15:00.000Z,21.95
2026-06-20T18:30:00.000Z,21.80
2026-06-20T18:45:00.000Z,21.60
2026-06-20T19:00:00.000Z,21.91
2026-06-20T19:15:00.000Z,22.63
2026-06-20T19:30:00.000Z,22.57
2026-06-20T19:45:00.000Z,22.82
2026-06-20T20:00:00.000Z,22.16
2026-06-20T20:15:00.000Z,22.93
2026-06-20T20:30:00.000Z,23.10
2026-06-20T20:45:00.000Z,22.57
2026-06-20T21:00:00.000Z,21.79
2026-06-20T21:15:00.000Z,22.05
2026-06-20T21:30:00.000Z,21.47
2026-06-20T21:45:00.000Z,21.09
2026-06-20T22:00:00.000Z,22.26
2026-06-20T22:15:00.000Z,22.12
2026-06-20T22:30:00.000Z,22.25
2026-06-20T22:45:00.000Z,21.69
2026-06-20T23:00:00.000Z,21.65
2026-06-20T23:15:00.000Z,21.47
2026-06-20T23:30:00.000Z,20.99
2026-06-20T23:45:00.000Z,20.44
2026-06-21T00:00:00.000Z,20.59
2026-06-21T00:15:00.000Z,20.18
2026-06-21T00:30:00.000Z,19.89
2026-06-21T00:45:00.000Z,19.57
2026-06-21T01:00:00.000Z,21.53
2026-06-21T01:15:00.000Z,21.30
2026-06-21T01:30:00.000Z,21.13
2026-06-21T01:45:00.000Z,21.05
2026-06-21T02:00:00.000Z,22.01
2026-06-21T02:15:00.000Z,21.91
2026-06-21T02:30:00.000Z,21.84
2026-06-21T02:45:00.000Z,21.79
2026-06-21T03:00:00.000Z,22.81
2026-06-21T03:15:00.000Z,23.00
2026-06-21T03:30:00.000Z,22.97
2026-06-21T03:45:00.000Z,23.07
2026-06-21T04:00:00.000Z,22.94
2026-06-21T04:15:00.000Z,23.32
2026-06-21T04:30:00.000Z,23.52
2026-06-21T04:45:00.000Z,24.20
2026-06-21T05:00:00.000Z,24.01
2026-06-21T05:15:00.000Z,24.71
2026-06-21T05:30:00.000Z,25.27
2026-06-21T05:45:00.000Z,25.68
2026-06-21T06:00:00.000Z,24.16
2026-06-21T06:15:00.000Z,24.87
2026-06-21T06:30:00.000Z,25.40
2026-06-21T06:45:00.000Z,18.65
2026-06-21T07:00:00.000Z,27.19
2026-06-21T07:15:00.000Z,24.00
2026-06-21T07:30:00.000Z,10.50
2026-06-21T07:45:00.000Z,3.69
2026-06-21T08:00:00.000Z,4.11
2026-06-21T08:15:00.000Z,3.70
2026-06-21T08:30:00.000Z,3.80
2026-06-21T08:45:00.000Z,4.09
2026-06-21T09:00:00.000Z,5.28
2026-06-21T09:15:00.000Z,5.28
2026-06-21T09:30:00.000Z,5.28
2026-06-21T09:45:00.000Z,5.28
2026-06-21T10:00:00.000Z,5.28
2026-06-21T10:15:00.000Z,5.28
2026-06-21T10:30:00.000Z,5.28
2026-06-21T10:45:00.000Z,5.28
2026-06-21T11:00:00.000Z,5.28
2026-06-21T11:15:00.000Z,5.28
2026-06-21T11:30:00.000Z,5.28
2026-06-21T11:45:00.000Z,4.27
2026-06-21T12:00:00.000Z,4.79
2026-06-21T12:15:00.000Z,4.80
2026-06-21T12:30:00.000Z,4.80
2026-06-21T12:45:00.000Z,4.80
2026-06-21T13:00:00.000Z,4.80
2026-06-21T13:15:00.000Z,4.80
2026-06-21T13:30:00.000Z,4.80
2026-06-21T13:45:00.000Z,4.80
2026-06-21T14:00:00.000Z,3.69
2026-06-21T14:15:00.000Z,3.69
2026-06-21T14:30:00.000Z,3.69
2026-06-21T14:45:00.000Z,28.42
2026-06-21T15:00:00.000Z,26.78
2026-06-21T15:15:00.000Z,26.13
2026-06-21T15:30:00.000Z,26.18
2026-06-21T15:45:00.000Z,31.55
2026-06-21T16:00:00.000Z,25.60
2026-06-21T16:15:00.000Z,27.00
2026-06-21T16:30:00.000Z,26.60
2026-06-21T16:45:00.000Z,27.50
2026-06-21T17:00:00.000Z,27.48
2026-06-21T17:15:00.000Z,27.80
2026-06-21T17:30:00.000Z,28.51
2026-06-21T17:45:00.000Z,28.81
2026-06-21T18:00:00.000Z,28.80
2026-06-21T18:15:00.000Z,28.92
2026-06-21T18:30:00.000Z,28.63
2026-06-21T18:45:00.000Z,28.30
2026-06-21T19:00:00.000Z,28.64
2026-06-21T19:15:00.000Z,28.59
2026-06-21T19:30:00.000Z,28.45
2026-06-21T19:45:00.000Z,27.89
2026-06-21T20:00:00.000Z,28.58
2026-06-21T20:15:00.000Z,28.26
2026-06-21T20:30:00.000Z,27.81
2026-06-21T20:45:00.000Z,27.03
2026-06-21T21:00:00.000Z,27.14
2026-06-21T21:15:00.000Z,26.61
2026-06-21T21:30:00.000Z,25.86
2026-06-21T21:45:00.000Z,25.52
2026-06-21T22:00:00.000Z,26.30
2026-06-21T22:15:00.000Z,25.87
2026-06-21T22:30:00.000Z,25.68
2026-06-21T22:45:00.000Z,25.53
2026-06-21T23:00:00.000Z,25.75
2026-06-21T23:15:00.000Z,26.12
2026-06-21T23:30:00.000Z,26.01
2026-06-21T23:45:00.000Z,25.91
2026-06-22T00:00:00.000Z,25.82
2026-06-22T00:15:00.000Z,25.82
2026-06-22T00:30:00.000Z,25.82
2026-06-22T00:45:00.000Z,25.74
2026-06-22T01:00:00.000Z,25.73
2026-06-22T01:15:00.000Z,25.72
2026-06-22T01:30:00.000Z,25.69
2026-06-22T01:45:00.000Z,25.72
2026-06-22T02:00:00.000Z,25.59
2026-06-22T02:15:00.000Z,25.71
2026-06-22T02:30:00.000Z,25.76
2026-06-22T02:45:00.000Z,25.78
2026-06-22T03:00:00.000Z,25.42
2026-06-22T03:15:00.000Z,25.45
2026-06-22T03:30:00.000Z,25.77
2026-06-22T03:45:00.000Z,26.46
2026-06-22T04:00:00.000Z,26.89
2026-06-22T04:15:00.000Z,27.70
2026-06-22T04:30:00.000Z,28.39
2026-06-22T04:45:00.000Z,29.04
2026-06-22T05:00:00.000Z,30.08
2026-06-22T05:15:00.000Z,30.44
2026-06-22T05:30:00.000Z,30.54
2026-06-22T05:45:00.000Z,29.58
2026-06-22T06:00:00.000Z,31.60
2026-06-22T06:15:00.000Z,32.05
2026-06-22T06:30:00.000Z,32.27
2026-06-22T06:45:00.000Z,33.29
2026-06-22T07:00:00.000Z,32.02
2026-06-22T07:15:00.000Z,32.68
2026-06-22T07:30:00.000Z,34.23
2026-06-22T07:45:00.000Z,35.85
2026-06-22T08:00:00.000Z,30.43
2026-06-22T08:15:00.000Z,32.07
2026-06-22T08:30:00.000Z,34.28
2026-06-22T08:45:00.000Z,34.92
2026-06-22T09:00:00.000Z,35.88
2026-06-22T09:15:00.000Z,32.36
2026-06-22T09:30:00.000Z,28.37
2026-06-22T09:45:00.000Z,25.15
2026-06-22T10:00:00.000Z,27.06
2026-06-22T10:15:00.000Z,26.57
2026-06-22T10:30:00.000Z,26.92
2026-06-22T10:45:00.000Z,27.16
2026-06-22T11:00:00.000Z,30.44
2026-06-22T11:15:00.000Z,30.62
2026-06-22T11:30:00.000Z,30.84
2026-06-22T11:45:00.000Z,31.65
2026-06-22T12:00:00.000Z,33.19
2026-06-22T12:15:00.000Z,32.66
2026-06-22T12:30:00.000Z,31.88
2026-06-22T12:45:00.000Z,29.65
2026-06-22T13:00:00.000Z,28.26
2026-06-22T13:15:00.000Z,29.82
2026-06-22T13:30:00.000Z,30.31
2026-06-22T13:45:00.000Z,30.28
2026-06-22T14:00:00.000Z,30.25
2026-06-22T14:15:00.000Z,30.07
2026-06-22T14:30:00.000Z,29.99
2026-06-22T14:45:00.000Z,28.24
2026-06-22T15:00:00.000Z,31.91
2026-06-22T15:15:00.000Z,30.99
2026-06-22T15:30:00.000Z,30.95
2026-06-22T15:45:00.000Z,30.78
2026-06-22T16:00:00.000Z,30.91
2026-06-22T16:15:00.000Z,30.41
2026-06-22T16:30:00.000Z,29.32
2026-06-22T16:45:00.000Z,28.37
2026-06-22T17:00:00.000Z,30.50
2026-06-22T17:15:00.000Z,30.63
2026-06-22T17:30:00.000Z,30.81
2026-06-22T17:45:00.000Z,30.63
2026-06-22T18:00:00.000Z,30.52
2026-06-22T18:15:00.000Z,30.49
2026-06-22T18:30:00.000Z,30.45
2026-06-22T18:45:00.000Z,30.86
2026-06-22T19:00:00.000Z,31.12
2026-06-22T19:15:00.000Z,31.06
2026-06-22T19:30:00.000Z,31.30
2026-06-22T19:45:00.000Z,31.50
2026-06-22T20:00:00.000Z,30.88
2026-06-22T20:15:00.000Z,30.43
2026-06-22T20:30:00.000Z,30.99
2026-06-22T20:45:00.000Z,30.56
2026-06-22T21:00:00.000Z,30.03
2026-06-22T21:15:00.000Z,29.56
2026-06-22T21:30:00.000Z,29.97
2026-06-22T21:45:00.000Z,29.70
2026-06-22T22:00:00.000Z,34.21
2026-06-22T22:15:00.000Z,34.67
2026-06-22T22:30:00.000Z,34.98
2026-06-22T22:45:00.000Z,37.42
2026-06-22T23:00:00.000Z,34.75
2026-06-22T23:15:00.000Z,34.95
2026-06-22T23:30:00.000Z,35.35
2026-06-22T23:45:00.000Z,36.72
2026-06-23T00:00:00.000Z,34.80
2026-06-23T00:15:00.000Z,35.46
2026-06-23T00:30:00.000Z,36.86
2026-06-23T00:45:00.000Z,36.58
2026-06-23T01:00:00.000Z,35.07
2026-06-23T01:15:00.000Z,36.42
2026-06-23T01:30:00.000Z,37.44
2026-06-23T01:45:00.000Z,36.98
2026-06-23T02:00:00.000Z,36.06
2026-06-23T02:15:00.000Z,36.59
2026-06-23T02:30:00.000Z,35.73
2026-06-23T02:45:00.000Z,38.98
2026-06-23T03:00:00.000Z,35.14
2026-06-23T03:15:00.000Z,37.04
2026-06-23T03:30:00.000Z,44.36
2026-06-23T03:45:00.000Z,47.26
2026-06-23T04:00:00.000Z,40.85
2026-06-23T04:15:00.000Z,39.12
2026-06-23T04:30:00.000Z,41.29
2026-06-23T04:45:00.000Z,48.60
2026-06-23T05:00:00.000Z,39.78
2026-06-23T05:15:00.000Z,42.09
2026-06-23T05:30:00.000Z,47.68
2026-06-23T05:45:00.000Z,52.41
2026-06-23T06:00:00.000Z,53.75
2026-06-23T06:15:00.000Z,55.34
2026-06-23T06:30:00.000Z,53.93
2026-06-23T06:45:00.000Z,54.99
2026-06-23T07:00:00.000Z,57.00
2026-06-23T07:15:00.000Z,55.32
2026-06-23T07:30:00.000Z,54.64
2026-06-23T07:45:00.000Z,53.49
2026-06-23T08:00:00.000Z,56.41
2026-06-23T08:15:00.000Z,56.15
2026-06-23T08:30:00.000Z,55.01
2026-06-23T08:45:00.000Z,52.77
2026-06-23T09:00:00.000Z,55.55
2026-06-23T09:15:00.000Z,54.99
2026-06-23T09:30:00.000Z,53.92
2026-06-23T09:45:00.000Z,54.87
2026-06-23T10:00:00.000Z,58.04
2026-06-23T10:15:00.000Z,54.94
2026-06-23T10:30:00.000Z,53.43
2026-06-23T10:45:00.000Z,52.38
2026-06-23T11:00:00.000Z,52.78
2026-06-23T11:15:00.000Z,52.60
2026-06-23T11:30:00.000Z,51.54
2026-06-23T11:45:00.000Z,50.88
2026-06-23T12:00:00.000Z,50.82
2026-06-23T12:15:00.000Z,52.81
2026-06-23T12:30:00.000Z,53.62
2026-06-23T12:45:00.000Z,46.24
2026-06-23T13:00:00.000Z,46.41
2026-06-23T13:15:00.000Z,46.45
2026-06-23T13:30:00.000Z,48.66
2026-06-23T13:45:00.000Z,51.90
2026-06-23T14:00:00.000Z,46.12
2026-06-23T14:15:00.000Z,50.79
2026-06-23T14:30:00.000Z,55.01
2026-06-23T14:45:00.000Z,59.66
2026-06-23T15:00:00.000Z,54.92
2026-06-23T15:15:00.000Z,57.04
2026-06-23T15:30:00.000Z,60.38
2026-06-23T15:45:00.000Z,66.77
2026-06-23T16:00:00.000Z,64.63
2026-06-23T16:15:00.000Z,67.92
2026-06-23T16:30:00.000Z,55.62
2026-06-23T16:45:00.000Z,60.69
2026-06-23T17:00:00.000Z,55.37
2026-06-23T17:15:00.000Z,58.18
2026-06-23T17:30:00.000Z,59.25
2026-06-23T17:45:00.000Z,58.18
2026-06-23T18:00:00.000Z,58.13
2026-06-23T18:15:00.000Z,58.13
2026-06-23T18:30:00.000Z,58.13
2026-06-23T18:45:00.000Z,58.42
2026-06-23T19:00:00.000Z,62.67
2026-06-23T19:15:00.000Z,62.67
2026-06-23T19:30:00.000Z,62.67
2026-06-23T19:45:00.000Z,58.58
2026-06-23T20:00:00.000Z,61.84
2026-06-23T20:15:00.000Z,58.90
2026-06-23T20:30:00.000Z,54.96
2026-06-23T20:45:00.000Z,50.78
2026-06-23T21:00:00.000Z,53.10
2026-06-23T21:15:00.000Z,52.20
2026-06-23T21:30:00.000Z,50.19
2026-06-23T21:45:00.000Z,46.13
2026-06-23T22:00:00.000Z,52.94
2026-06-23T22:15:00.000Z,51.99
2026-06-23T22:30:00.000Z,49.06
2026-06-23T22:45:00.000Z,47.12
2026-06-23T23:00:00.000Z,46.57
2026-06-23T23:15:00.000Z,47.47
2026-06-23T23:30:00.000Z,47.77
2026-06-23T23:45:00.000Z,50.03
2026-06-24T00:00:00.000Z,47.59
2026-06-24T00:15:00.000Z,49.00
2026-06-24T00:30:00.000Z,51.22
2026-06-24T00:45:00.000Z,54.03
2026-06-24T01:00:00.000Z,44.43
2026-06-24T01:15:00.000Z,47.06
2026-06-24T01:30:00.000Z,50.48
2026-06-24T01:45:00.000Z,53.35
2026-06-24T02:00:00.000Z,51.15
2026-06-24T02:15:00.000Z,52.23
2026-06-24T02:30:00.000Z,54.45
2026-06-24T02:45:00.000Z,55.95
2026-06-24T03:00:00.000Z,54.87
2026-06-24T03:15:00.000Z,60.44
2026-06-24T03:30:00.000Z,60.61
2026-06-24T03:45:00.000Z,69.19
2026-06-24T04:00:00.000Z,70.76
2026-06-24T04:15:00.000Z,72.97
2026-06-24T04:30:00.000Z,76.55
2026-06-24T04:45:00.000Z,77.02
2026-06-24T05:00:00.000Z,93.24
2026-06-24T05:15:00.000Z,89.59
2026-06-24T05:30:00.000Z,84.22
2026-06-24T05:45:00.000Z,78.04
2026-06-24T06:00:00.000Z,94.84
2026-06-24T06:15:00.000Z,82.69
2026-06-24T06:30:00.000Z,79.06
2026-06-24T06:45:00.000Z,76.64
2026-06-24T07:00:00.000Z,80.28
2026-06-24T07:15:00.000Z,77.51
2026-06-24T07:30:00.000Z,75.01
2026-06-24T07:45:00.000Z,71.24
2026-06-24T08:00:00.000Z,76.63
2026-06-24T08:15:00.000Z,72.40
2026-06-24T08:30:00.000Z,68.76
2026-06-24T08:45:00.000Z,63.65
2026-06-24T09:00:00.000Z,68.94
2026-06-24T09:15:00.000Z,65.41
2026-06-24T09:30:00.000Z,62.28
2026-06-24T09:45:00.000Z,59.25
2026-06-24T10:00:00.000Z,64.74
2026-06-24T10:15:00.000Z,61.59
2026-06-24T10:30:00.000Z,59.27
2026-06-24T10:45:00.000Z,56.61
2026-06-24T11:00:00.000Z,60.34
2026-06-24T11:15:00.000Z,58.97
2026-06-24T11:30:00.000Z,58.21
2026-06-24T11:45:00.000Z,57.10
2026-06-24T12:00:00.000Z,55.20
2026-06-24T12:15:00.000Z,57.28
2026-06-24T12:30:00.000Z,58.61
2026-06-24T12:45:00.000Z,62.11
2026-06-24T13:00:00.000Z,54.65
2026-06-24T13:15:00.000Z,61.94
2026-06-24T13:30:00.000Z,62.30
2026-06-24T13:45:00.000Z,67.20
2026-06-24T14:00:00.000Z,67.18
2026-06-24T14:15:00.000Z,69.12
2026-06-24T14:30:00.000Z,70.76
2026-06-24T14:45:00.000Z,73.77
2026-06-24T15:00:00.000Z,66.38
2026-06-24T15:15:00.000Z,74.29
2026-06-24T15:30:00.000Z,76.28
2026-06-24T15:45:00.000Z,79.32
2026-06-24T16:00:00.000Z,74.82
2026-06-24T16:15:00.000Z,72.81
2026-06-24T16:30:00.000Z,88.70
2026-06-24T16:45:00.000Z,90.83
2026-06-24T17:00:00.000Z,75.90
2026-06-24T17:15:00.000Z,75.48
2026-06-24T17:30:00.000Z,75.37
2026-06-24T17:45:00.000Z,74.28
2026-06-24T18:00:00.000Z,81.00
2026-06-24T18:15:00.000Z,72.49
2026-06-24T18:30:00.000Z,69.95
2026-06-24T18:45:00.000Z,64.90
2026-06-24T19:00:00.000Z,73.62
2026-06-24T19:15:00.000Z,71.97
2026-06-24T19:30:00.000Z,63.72
2026-06-24T19:45:00.000Z,56.38
2026-06-24T20:00:00.000Z,59.84
2026-06-24T20:15:00.000Z,54.39
2026-06-24T20:30:00.000Z,51.78
2026-06-24T20:45:00.000Z,46.98
2026-06-24T21:00:00.000Z,52.40
2026-06-24T21:15:00.000Z,48.86
2026-06-24T21:30:00.000Z,46.53
2026-06-24T21:45:00.000Z,42.38
2026-06-24T22:00:00.000Z,56.94
2026-06-24T22:15:00.000Z,53.12
2026-06-24T22:30:00.000Z,50.66
2026-06-24T22:45:00.000Z,46.89
2026-06-24T23:00:00.000Z,52.15
2026-06-24T23:15:00.000Z,50.69
2026-06-24T23:30:00.000Z,47.94
2026-06-24T23:45:00.000Z,46.29
2026-06-25T00:00:00.000Z,50.25
2026-06-25T00:15:00.000Z,47.31
2026-06-25T00:30:00.000Z,46.06
2026-06-25T00:45:00.000Z,45.10
2026-06-25T01:00:00.000Z,46.58
2026-06-25T01:15:00.000Z,45.86
2026-06-25T01:30:00.000Z,44.97
2026-06-25T01:45:00.000Z,44.51
2026-06-25T02:00:00.000Z,44.78
2026-06-25T02:15:00.000Z,44.58
2026-06-25T02:30:00.000Z,43.67
2026-06-25T02:45:00.000Z,44.89
2026-06-25T03:00:00.000Z,43.91
2026-06-25T03:15:00.000Z,45.22
2026-06-25T03:30:00.000Z,46.52
2026-06-25T03:45:00.000Z,49.99
2026-06-25T04:00:00.000Z,49.91
2026-06-25T04:15:00.000Z,52.27
2026-06-25T04:30:00.000Z,57.16
2026-06-25T04:45:00.000Z,61.73
2026-06-25T05:00:00.000Z,57.14
2026-06-25T05:15:00.000Z,59.19
2026-06-25T05:30:00.000Z,56.95
2026-06-25T05:45:00.000Z,59.91
2026-06-25T06:00:00.000Z,68.91
2026-06-25T06:15:00.000Z,58.54
2026-06-25T06:30:00.000Z,58.60
2026-06-25T06:45:00.000Z,58.25
2026-06-25T07:00:00.000Z,60.32
2026-06-25T07:15:00.000Z,54.80
2026-06-25T07:30:00.000Z,53.65
2026-06-25T07:45:00.000Z,54.30
2026-06-25T08:00:00.000Z,73.23
2026-06-25T08:15:00.000Z,69.98
2026-06-25T08:30:00.000Z,64.83
2026-06-25T08:45:00.000Z,56.31
2026-06-25T09:00:00.000Z,67.44
2026-06-25T09:15:00.000Z,61.53
2026-06-25T09:30:00.000Z,55.05
2026-06-25T09:45:00.000Z,46.19
2026-06-25T10:00:00.000Z,52.09
2026-06-25T10:15:00.000Z,46.39
2026-06-25T10:30:00.000Z,44.35
2026-06-25T10:45:00.000Z,40.81
2026-06-25T11:00:00.000Z,45.00
2026-06-25T11:15:00.000Z,42.35
2026-06-25T11:30:00.000Z,39.83
2026-06-25T11:45:00.000Z,38.84
2026-06-25T12:00:00.000Z,36.53
2026-06-25T12:15:00.000Z,37.59
2026-06-25T12:30:00.000Z,45.63
2026-06-25T12:45:00.000Z,51.57
2026-06-25T13:00:00.000Z,46.25
2026-06-25T13:15:00.000Z,48.84
2026-06-25T13:30:00.000Z,48.99
2026-06-25T13:45:00.000Z,48.98
2026-06-25T14:00:00.000Z,46.95
2026-06-25T14:15:00.000Z,47.39
2026-06-25T14:30:00.000Z,48.82
2026-06-25T14:45:00.000Z,49.85
2026-06-25T15:00:00.000Z,49.79
2026-06-25T15:15:00.000Z,52.00
2026-06-25T15:30:00.000Z,53.22
2026-06-25T15:45:00.000Z,46.67
2026-06-25T16:00:00.000Z,60.86
2026-06-25T16:15:00.000Z,55.63
2026-06-25T16:30:00.000Z,47.00
2026-06-25T16:45:00.000Z,38.50
2026-06-25T17:00:00.000Z,60.95
2026-06-25T17:15:00.000Z,50.88
2026-06-25T17:30:00.000Z,45.92
2026-06-25T17:45:00.000Z,54.27
2026-06-25T18:00:00.000Z,56.89
2026-06-25T18:15:00.000Z,55.72
2026-06-25T18:30:00.000Z,55.99
2026-06-25T18:45:00.000Z,55.45
2026-06-25T19:00:00.000Z,55.86
2026-06-25T19:15:00.000Z,55.85
2026-06-25T19:30:00.000Z,53.79
2026-06-25T19:45:00.000Z,55.47
2026-06-25T20:00:00.000Z,61.06
2026-06-25T20:15:00.000Z,58.63
2026-06-25T20:30:00.000Z,56.36
2026-06-25T20:45:00.000Z,53.57
2026-06-25T21:00:00.000Z,56.80
2026-06-25T21:15:00.000Z,54.04
2026-06-25T21:30:00.000Z,49.98
2026-06-25T21:45:00.000Z,45.45
2026-06-25T22:00:00.000Z,40.64
2026-06-25T22:15:00.000Z,44.77
2026-06-25T22:30:00.000Z,42.26
2026-06-25T22:45:00.000Z,40.38
2026-06-25T23:00:00.000Z,42.34
2026-06-25T23:15:00.000Z,42.45
2026-06-25T23:30:00.000Z,42.05
2026-06-25T23:45:00.000Z,41.59
2026-06-26T00:00:00.000Z,41.02
2026-06-26T00:15:00.000Z,41.01
2026-06-26T00:30:00.000Z,41.03
2026-06-26T00:45:00.000Z,41.07
2026-06-26T01:00:00.000Z,40.57
2026-06-26T01:15:00.000Z,40.75
2026-06-26T01:30:00.000Z,41.89
2026-06-26T01:45:00.000Z,44.14
2026-06-26T02:00:00.000Z,39.48
2026-06-26T02:15:00.000Z,40.90
2026-06-26T02:30:00.000Z,44.97
2026-06-26T02:45:00.000Z,50.12
2026-06-26T03:00:00.000Z,39.71
2026-06-26T03:15:00.000Z,44.92
2026-06-26T03:30:00.000Z,54.24
2026-06-26T03:45:00.000Z,62.91
2026-06-26T04:00:00.000Z,52.92
2026-06-26T04:15:00.000Z,58.84
2026-06-26T04:30:00.000Z,64.58
2026-06-26T04:45:00.000Z,70.52
2026-06-26T05:00:00.000Z,69.20
2026-06-26T05:15:00.000Z,73.65
2026-06-26T05:30:00.000Z,73.71
2026-06-26T05:45:00.000Z,73.02
2026-06-26T06:00:00.000Z,73.58
2026-06-26T06:15:00.000Z,72.89
2026-06-26T06:30:00.000Z,71.45
2026-06-26T06:45:00.000Z,67.99
2026-06-26T07:00:00.000Z,70.14
2026-06-26T07:15:00.000Z,66.56
2026-06-26T07:30:00.000Z,63.91
2026-06-26T07:45:00.000Z,59.39
2026-06-26T08:00:00.000Z,67.99
2026-06-26T08:15:00.000Z,63.67
2026-06-26T08:30:00.000Z,58.99
2026-06-26T08:45:00.000Z,54.78
2026-06-26T09:00:00.000Z,64.64
2026-06-26T09:15:00.000Z,59.43
2026-06-26T09:30:00.000Z,56.07
2026-06-26T09:45:00.000Z,48.52
2026-06-26T10:00:00.000Z,55.64
2026-06-26T10:15:00.000Z,47.55
2026-06-26T10:30:00.000Z,41.73
2026-06-26T10:45:00.000Z,35.15
2026-06-26T11:00:00.000Z,38.60
2026-06-26T11:15:00.000Z,36.27
2026-06-26T11:30:00.000Z,31.72
2026-06-26T11:45:00.000Z,30.55
2026-06-26T12:00:00.000Z,27.61
2026-06-26T12:15:00.000Z,31.89
2026-06-26T12:30:00.000Z,41.99
2026-06-26T12:45:00.000Z,41.89
2026-06-26T13:00:00.000Z,36.16
2026-06-26T13:15:00.000Z,39.59
2026-06-26T13:30:00.000Z,43.72
2026-06-26T13:45:00.000Z,48.92
2026-06-26T14:00:00.000Z,40.14
2026-06-26T14:15:00.000Z,44.44
2026-06-26T14:30:00.000Z,51.05
2026-06-26T14:45:00.000Z,55.22
2026-06-26T15:00:00.000Z,47.83
2026-06-26T15:15:00.000Z,51.15
2026-06-26T15:30:00.000Z,57.49
2026-06-26T15:45:00.000Z,64.25
2026-06-26T16:00:00.000Z,55.59
2026-06-26T16:15:00.000Z,60.59
2026-06-26T16:30:00.000Z,66.43
2026-06-26T16:45:00.000Z,67.23
2026-06-26T17:00:00.000Z,69.65
2026-06-26T17:15:00.000Z,70.50
2026-06-26T17:30:00.000Z,67.46
2026-06-26T17:45:00.000Z,66.64
2026-06-26T18:00:00.000Z,64.93
2026-06-26T18:15:00.000Z,65.82
2026-06-26T18:30:00.000Z,69.60
2026-06-26T18:45:00.000Z,67.14
2026-06-26T19:00:00.000Z,61.56
2026-06-26T19:15:00.000Z,64.80
2026-06-26T19:30:00.000Z,64.86
2026-06-26T19:45:00.000Z,59.38
2026-06-26T20:00:00.000Z,62.14
2026-06-26T20:15:00.000Z,59.29
2026-06-26T20:30:00.000Z,58.21
2026-06-26T20:45:00.000Z,54.78
2026-06-26T21:00:00.000Z,58.47
2026-06-26T21:15:00.000Z,55.80
2026-06-26T21:30:00.000Z,53.30
2026-06-26T21:45:00.000Z,49.38
2026-06-26T22:00:00.000Z,59.16
2026-06-26T22:15:00.000Z,58.30
2026-06-26T22:30:00.000Z,57.06
2026-06-26T22:45:00.000Z,54.63
2026-06-26T23:00:00.000Z,57.56
2026-06-26T23:15:00.000Z,54.78
2026-06-26T23:30:00.000Z,52.90
2026-06-26T23:45:00.000Z,50.81
2026-06-27T00:00:00.000Z,53.20
2026-06-27T00:15:00.000Z,50.73
2026-06-27T00:30:00.000Z,49.48
2026-06-27T00:45:00.000Z,48.91
2026-06-27T01:00:00.000Z,49.13
2026-06-27T01:15:00.000Z,49.27
2026-06-27T01:30:00.000Z,49.15
2026-06-27T01:45:00.000Z,49.61
2026-06-27T02:00:00.000Z,47.71
2026-06-27T02:15:00.000Z,47.65
2026-06-27T02:30:00.000Z,47.80
2026-06-27T02:45:00.000Z,53.35
2026-06-27T03:00:00.000Z,46.63
2026-06-27T03:15:00.000Z,53.21
2026-06-27T03:30:00.000Z,54.27
2026-06-27T03:45:00.000Z,55.22
2026-06-27T04:00:00.000Z,55.17
2026-06-27T04:15:00.000Z,55.77
2026-06-27T04:30:00.000Z,55.05
2026-06-27T04:45:00.000Z,57.10
2026-06-27T05:00:00.000Z,55.68
2026-06-27T05:15:00.000Z,55.97
2026-06-27T05:30:00.000Z,56.75
2026-06-27T05:45:00.000Z,57.55
2026-06-27T06:00:00.000Z,56.75
2026-06-27T06:15:00.000Z,54.09
2026-06-27T06:30:00.000Z,53.01
2026-06-27T06:45:00.000Z,51.55
2026-06-27T07:00:00.000Z,57.38
2026-06-27T07:15:00.000Z,55.13
2026-06-27T07:30:00.000Z,53.74
2026-06-27T07:45:00.000Z,38.33
2026-06-27T08:00:00.000Z,65.00
2026-06-27T08:15:00.000Z,44.58
2026-06-27T08:30:00.000Z,23.03
2026-06-27T08:45:00.000Z,16.74
2026-06-27T09:00:00.000Z,28.78
2026-06-27T09:15:00.000Z,22.83
2026-06-27T09:30:00.000Z,24.16
2026-06-27T09:45:00.000Z,24.32
2026-06-27T10:00:00.000Z,17.05
2026-06-27T10:15:00.000Z,15.84
2026-06-27T10:30:00.000Z,13.00
2026-06-27T10:45:00.000Z,10.00
2026-06-27T11:00:00.000Z,8.10
2026-06-27T11:15:00.000Z,6.75
2026-06-27T11:30:00.000Z,6.00
2026-06-27T11:45:00.000Z,6.04
2026-06-27T12:00:00.000Z,6.61
2026-06-27T12:15:00.000Z,7.84
2026-06-27T12:30:00.000Z,7.11
2026-06-27T12:45:00.000Z,9.40
2026-06-27T13:00:00.000Z,10.00
2026-06-27T13:15:00.000Z,12.86
2026-06-27T13:30:00.000Z,16.50
2026-06-27T13:45:00.000Z,32.70
2026-06-27T14:00:00.000Z,13.08
2026-06-27T14:15:00.000Z,36.56
2026-06-27T14:30:00.000Z,59.72
2026-06-27T14:45:00.000Z,68.71
2026-06-27T15:00:00.000Z,51.27
2026-06-27T15:15:00.000Z,63.78
2026-06-27T15:30:00.000Z,68.61
2026-06-27T15:45:00.000Z,68.57
2026-06-27T16:00:00.000Z,61.25
2026-06-27T16:15:00.000Z,64.96
2026-06-27T16:30:00.000Z,65.02
2026-06-27T16:45:00.000Z,65.89
2026-06-27T17:00:00.000Z,62.78
2026-06-27T17:15:00.000Z,69.49
2026-06-27T17:30:00.000Z,68.50
2026-06-27T17:45:00.000Z,68.50
2026-06-27T18:00:00.000Z,68.50
2026-06-27T18:15:00.000Z,66.39
2026-06-27T18:30:00.000Z,68.24
2026-06-27T18:45:00.000Z,69.20
2026-06-27T19:00:00.000Z,65.80
2026-06-27T19:15:00.000Z,69.84
2026-06-27T19:30:00.000Z,66.27
2026-06-27T19:45:00.000Z,61.61
2026-06-27T20:00:00.000Z,62.26
2026-06-27T20:15:00.000Z,61.20
2026-06-27T20:30:00.000Z,57.52
2026-06-27T20:45:00.000Z,58.42
2026-06-27T21:00:00.000Z,60.56
2026-06-27T21:15:00.000Z,59.09
2026-06-27T21:30:00.000Z,58.03
2026-06-27T21:45:00.000Z,56.85
2026-06-27T22:00:00.000Z,64.75
2026-06-27T22:15:00.000Z,60.63
2026-06-27T22:30:00.000Z,56.19
2026-06-27T22:45:00.000Z,53.40
2026-06-27T23:00:00.000Z,60.08
2026-06-27T23:15:00.000Z,59.32
2026-06-27T23:30:00.000Z,56.00
2026-06-27T23:45:00.000Z,51.71
2026-06-28T00:00:00.000Z,59.32
2026-06-28T00:15:00.000Z,57.40
2026-06-28T00:30:00.000Z,54.06
2026-06-28T00:45:00.000Z,51.47
2026-06-28T01:00:00.000Z,55.40
2026-06-28T01:15:00.000Z,52.99
2026-06-28T01:30:00.000Z,53.44
2026-06-28T01:45:00.000Z,51.70
2026-06-28T02:00:00.000Z,52.36
2026-06-28T02:15:00.000Z,52.53
2026-06-28T02:30:00.000Z,53.07
2026-06-28T02:45:00.000Z,48.14
2026-06-28T03:00:00.000Z,56.19
2026-06-28T03:15:00.000Z,48.29
2026-06-28T03:30:00.000Z,49.13
2026-06-28T03:45:00.000Z,51.51
2026-06-28T04:00:00.000Z,52.42
2026-06-28T04:15:00.000Z,52.82
2026-06-28T04:30:00.000Z,55.17
2026-06-28T04:45:00.000Z,53.61
2026-06-28T05:00:00.000Z,56.61
2026-06-28T05:15:00.000Z,56.65
2026-06-28T05:30:00.000Z,55.77
2026-06-28T05:45:00.000Z,54.06
2026-06-28T06:00:00.000Z,57.76
2026-06-28T06:15:00.000Z,55.95
2026-06-28T06:30:00.000Z,53.54
2026-06-28T06:45:00.000Z,48.50
2026-06-28T07:00:00.000Z,57.36
2026-06-28T07:15:00.000Z,40.01
2026-06-28T07:30:00.000Z,18.78
2026-06-28T07:45:00.000Z,11.72
2026-06-28T08:00:00.000Z,20.85
2026-06-28T08:15:00.000Z,18.78
2026-06-28T08:30:00.000Z,20.13
2026-06-28T08:45:00.000Z,19.34
2026-06-28T09:00:00.000Z,18.98
2026-06-28T09:15:00.000Z,18.01
2026-06-28T09:30:00.000Z,17.37
2026-06-28T09:45:00.000Z,16.72
2026-06-28T10:00:00.000Z,14.21
2026-06-28T10:15:00.000Z,14.00
2026-06-28T10:30:00.000Z,12.43
2026-06-28T10:45:00.000Z,12.29
2026-06-28T11:00:00.000Z,15.16
2026-06-28T11:15:00.000Z,16.06
2026-06-28T11:30:00.000Z,20.15
2026-06-28T11:45:00.000Z,20.41
2026-06-28T12:00:00.000Z,13.70
2026-06-28T12:15:00.000Z,15.00
2026-06-28T12:30:00.000Z,17.37
2026-06-28T12:45:00.000Z,19.18
2026-06-28T13:00:00.000Z,14.00
2026-06-28T13:15:00.000Z,17.37
2026-06-28T13:30:00.000Z,20.94
2026-06-28T13:45:00.000Z,28.98
2026-06-28T14:00:00.000Z,17.10
2026-06-28T14:15:00.000Z,23.64
2026-06-28T14:30:00.000Z,41.00
2026-06-28T14:45:00.000Z,61.68
2026-06-28T15:00:00.000Z,33.55
2026-06-28T15:15:00.000Z,65.98
2026-06-28T15:30:00.000Z,75.94
2026-06-28T15:45:00.000Z,80.23
2026-06-28T16:00:00.000Z,68.80
2026-06-28T16:15:00.000Z,72.88
2026-06-28T16:30:00.000Z,78.85
2026-06-28T16:45:00.000Z,84.81
2026-06-28T17:00:00.000Z,75.14
2026-06-28T17:15:00.000Z,73.45
2026-06-28T17:30:00.000Z,78.90
2026-06-28T17:45:00.000Z,70.15
2026-06-28T18:00:00.000Z,68.61
2026-06-28T18:15:00.000Z,69.91
2026-06-28T18:30:00.000Z,70.45
2026-06-28T18:45:00.000Z,72.22
2026-06-28T19:00:00.000Z,69.74
2026-06-28T19:15:00.000Z,78.53
2026-06-28T19:30:00.000Z,80.37
2026-06-28T19:45:00.000Z,78.41
2026-06-28T20:00:00.000Z,81.57
2026-06-28T20:15:00.000Z,78.46
2026-06-28T20:30:00.000Z,75.28
2026-06-28T20:45:00.000Z,71.85
2026-06-28T21:00:00.000Z,77.37
2026-06-28T21:15:00.000Z,76.24
2026-06-28T21:30:00.000Z,71.07
2026-06-28T21:45:00.000Z,67.21
2026-06-28T22:00:00.000Z,63.35
2026-06-28T22:15:00.000Z,58.56
2026-06-28T22:30:00.000Z,55.12
2026-06-28T22:45:00.000Z,52.47
2026-06-28T23:00:00.000Z,58.95
2026-06-28T23:15:00.000Z,56.27
2026-06-28T23:30:00.000Z,53.38
2026-06-28T23:45:00.000Z,50.81
2026-06-29T00:00:00.000Z,57.72
2026-06-29T00:15:00.000Z,55.28
2026-06-29T00:30:00.000Z,52.15
2026-06-29T00:45:00.000Z,49.96
2026-06-29T01:00:00.000Z,55.92
2026-06-29T01:15:00.000Z,53.42
2026-06-29T01:30:00.000Z,51.05
2026-06-29T01:45:00.000Z,49.79
2026-06-29T02:00:00.000Z,50.76
2026-06-29T02:15:00.000Z,51.07
2026-06-29T02:30:00.000Z,52.36
2026-06-29T02:45:00.000Z,54.15
2026-06-29T03:00:00.000Z,50.83
2026-06-29T03:15:00.000Z,52.00
2026-06-29T03:30:00.000Z,54.88
2026-06-29T03:45:00.000Z,57.13
2026-06-29T04:00:00.000Z,50.12
2026-06-29T04:15:00.000Z,53.88
2026-06-29T04:30:00.000Z,57.45
2026-06-29T04:45:00.000Z,60.14
2026-06-29T05:00:00.000Z,58.92
2026-06-29T05:15:00.000Z,59.71
2026-06-29T05:30:00.000Z,60.83
2026-06-29T05:45:00.000Z,61.27
2026-06-29T06:00:00.000Z,64.73
2026-06-29T06:15:00.000Z,61.82
2026-06-29T06:30:00.000Z,59.45
2026-06-29T06:45:00.000Z,55.79
2026-06-29T07:00:00.000Z,68.09
2026-06-29T07:15:00.000Z,63.45
2026-06-29T07:30:00.000Z,62.46
2026-06-29T07:45:00.000Z,64.72
2026-06-29T08:00:00.000Z,77.35
2026-06-29T08:15:00.000Z,75.67
2026-06-29T08:30:00.000Z,74.39
2026-06-29T08:45:00.000Z,72.43
2026-06-29T09:00:00.000Z,78.40
2026-06-29T09:15:00.000Z,76.41
2026-06-29T09:30:00.000Z,75.01
2026-06-29T09:45:00.000Z,74.51
2026-06-29T10:00:00.000Z,73.59
2026-06-29T10:15:00.000Z,72.31
2026-06-29T10:30:00.000Z,69.77
2026-06-29T10:45:00.000Z,66.26
2026-06-29T11:00:00.000Z,70.50
2026-06-29T11:15:00.000Z,68.68
2026-06-29T11:30:00.000Z,66.90
2026-06-29T11:45:00.000Z,65.46
2026-06-29T12:00:00.000Z,67.22
2026-06-29T12:15:00.000Z,68.88
2026-06-29T12:30:00.000Z,70.29
2026-06-29T12:45:00.000Z,71.91
2026-06-29T13:00:00.000Z,69.51
2026-06-29T13:15:00.000Z,69.86
2026-06-29T13:30:00.000Z,73.10
2026-06-29T13:45:00.000Z,75.17
2026-06-29T14:00:00.000Z,71.62
2026-06-29T14:15:00.000Z,73.40
2026-06-29T14:30:00.000Z,72.35
2026-06-29T14:45:00.000Z,71.76
2026-06-29T15:00:00.000Z,72.04
2026-06-29T15:15:00.000Z,72.76
2026-06-29T15:30:00.000Z,67.89
2026-06-29T15:45:00.000Z,66.86
2026-06-29T16:00:00.000Z,76.53
2026-06-29T16:15:00.000Z,76.13
2026-06-29T16:30:00.000Z,75.17
2026-06-29T16:45:00.000Z,73.68
2026-06-29T17:00:00.000Z,81.50
2026-06-29T17:15:00.000Z,77.43
2026-06-29T17:30:00.000Z,76.21
2026-06-29T17:45:00.000Z,74.32
2026-06-29T18:00:00.000Z,84.34
2026-06-29T18:15:00.000Z,85.01
2026-06-29T18:30:00.000Z,86.74
2026-06-29T18:45:00.000Z,86.24
2026-06-29T19:00:00.000Z,97.21
2026-06-29T19:15:00.000Z,96.74
2026-06-29T19:30:00.000Z,96.74
2026-06-29T19:45:00.000Z,96.74
2026-06-29T20:00:00.000Z,90.74
2026-06-29T20:15:00.000Z,90.04
2026-06-29T20:30:00.000Z,85.81
2026-06-29T20:45:00.000Z,83.27
2026-06-29T21:00:00.000Z,83.21
2026-06-29T21:15:00.000Z,82.02
2026-06-29T21:30:00.000Z,81.74
2026-06-29T21:45:00.000Z,81.14
2026-06-29T22:00:00.000Z,51.78
2026-06-29T22:15:00.000Z,44.86
2026-06-29T22:30:00.000Z,45.89
2026-06-29T22:45:00.000Z,45.34
2026-06-29T23:00:00.000Z,42.62
2026-06-29T23:15:00.000Z,42.71
2026-06-29T23:30:00.000Z,44.71
2026-06-29T23:45:00.000Z,44.37
2026-06-30T00:00:00.000Z,43.87
2026-06-30T00:15:00.000Z,43.92
2026-06-30T00:30:00.000Z,43.83
2026-06-30T00:45:00.000Z,43.82
2026-06-30T01:00:00.000Z,42.58
2026-06-30T01:15:00.000Z,43.51
2026-06-30T01:30:00.000Z,42.26
2026-06-30T01:45:00.000Z,42.23
2026-06-30T02:00:00.000Z,43.16
2026-06-30T02:15:00.000Z,43.33
2026-06-30T02:30:00.000Z,44.11
2026-06-30T02:45:00.000Z,45.25
2026-06-30T03:00:00.000Z,46.23
2026-06-30T03:15:00.000Z,46.40
2026-06-30T03:30:00.000Z,46.99
2026-06-30T03:45:00.000Z,46.80
2026-06-30T04:00:00.000Z,48.35
2026-06-30T04:15:00.000Z,49.66
2026-06-30T04:30:00.000Z,50.82
2026-06-30T04:45:00.000Z,54.75
2026-06-30T05:00:00.000Z,53.87
2026-06-30T05:15:00.000Z,55.18
2026-06-30T05:30:00.000Z,58.11
2026-06-30T05:45:00.000Z,59.49
2026-06-30T06:00:00.000Z,57.02
2026-06-30T06:15:00.000Z,57.41
2026-06-30T06:30:00.000Z,57.85
2026-06-30T06:45:00.000Z,58.23
2026-06-30T07:00:00.000Z,53.51
2026-06-30T07:15:00.000Z,52.39
2026-06-30T07:30:00.000Z,51.91
2026-06-30T07:45:00.000Z,51.85
2026-06-30T08:00:00.000Z,65.43
2026-06-30T08:15:00.000Z,70.00
2026-06-30T08:30:00.000Z,70.79
2026-06-30T08:45:00.000Z,77.73
2026-06-30T09:00:00.000Z,78.52
2026-06-30T09:15:00.000Z,78.75
2026-06-30T09:30:00.000Z,75.20
2026-06-30T09:45:00.000Z,74.58
2026-06-30T10:00:00.000Z,77.99
2026-06-30T10:15:00.000Z,78.11
2026-06-30T10:30:00.000Z,78.03
2026-06-30T10:45:00.000Z,77.85
2026-06-30T11:00:00.000Z,79.72
2026-06-30T11:15:00.000Z,80.72
2026-06-30T11:30:00.000Z,80.48
2026-06-30T11:45:00.000Z,80.71
2026-06-30T12:00:00.000Z,77.77
2026-06-30T12:15:00.000Z,80.15
2026-06-30T12:30:00.000Z,82.60
2026-06-30T12:45:00.000Z,83.16
2026-06-30T13:00:00.000Z,78.14
2026-06-30T13:15:00.000Z,80.95
2026-06-30T13:30:00.000Z,81.10
2026-06-30T13:45:00.000Z,80.92
2026-06-30T14:00:00.000Z,80.01
2026-06-30T14:15:00.000Z,82.06
2026-06-30T14:30:00.000Z,82.05
2026-06-30T14:45:00.000Z,79.50
2026-06-30T15:00:00.000Z,72.06
2026-06-30T15:15:00.000Z,69.91
2026-06-30T15:30:00.000Z,72.16
2026-06-30T15:45:00.000Z,83.90
2026-06-30T16:00:00.000Z,80.15
2026-06-30T16:15:00.000Z,85.45
2026-06-30T16:30:00.000Z,87.59
2026-06-30T16:45:00.000Z,96.52
2026-06-30T17:00:00.000Z,109.94
2026-06-30T17:15:00.000Z,102.33
2026-06-30T17:30:00.000Z,87.72
2026-06-30T17:45:00.000Z,93.32
2026-06-30T18:00:00.000Z,116.54
2026-06-30T18:15:00.000Z,106.10
2026-06-30T18:30:00.000Z,107.31
2026-06-30T18:45:00.000Z,100.06
2026-06-30T19:00:00.000Z,122.95
2026-06-30T19:15:00.000Z,113.95
2026-06-30T19:30:00.000Z,97.35
2026-06-30T19:45:00.000Z,89.22
2026-06-30T20:00:00.000Z,116.11
2026-06-30T20:15:00.000Z,99.63
2026-06-30T20:30:00.000Z,90.18
2026-06-30T20:45:00.000Z,82.48
2026-06-30T21:00:00.000Z,88.74
2026-06-30T21:15:00.000Z,83.90
2026-06-30T21:30:00.000Z,81.81
2026-06-30T21:45:00.000Z,80.44
2026-06-30T22:00:00.000Z,102.10
2026-06-30T22:15:00.000Z,102.87
2026-06-30T22:30:00.000Z,102.08
2026-06-30T22:45:00.000Z,100.39
2026-06-30T23:00:00.000Z,101.40
2026-06-30T23:15:00.000Z,99.40
2026-06-30T23:30:00.000Z,97.12
2026-06-30T23:45:00.000Z,96.71